_fsep_query_state|brief_desc|contact_name|directory_name|directory_type|distance|listing_desc|listing_id|listing_image|listing_name|location_address|location_city|location_state|location_street|location_x|location_y|location_zipcode|media_blog|media_facebook|media_instagram|media_pinterest|media_twitter|media_website|media_youtube|mydesc|term|updatetime
AL|Open: Year-round<br>Available Products: Fresh fruits;Fresh vegetables;Canned or preserved fruits/vegetables;Eggs;Herbs;Juices/non-alcoholic ciders;value-added products (kombuchas, krauts, etc.);|Carey Martin|food hub|foodhub|1000||500138|default-foodhub-4-3.jpg|Farm Food Collaborative / Food Bank of North Alabama|2000-B Vernon Ave., Huntsville, Alabama 35805|Huntsville|Alabama|2000 Vernon Ave SW|-86.596448|34.7236876|35805||https://www.facebook.com/foodbank146?ref_type=bookmark|||@FoodBankAL|https://www.foodbanknorthal.org/programs/ffc/||Open: Year-round<br>Available Products: Fresh fruits; Fresh vegetables; Canned or preserved fruits/vegetables; Eggs; Herbs; Juices/non-alcoholic ciders; ...||Aug 25th, 2017
AK|Open: April to November<br>Available Products: Fresh fruits;Fresh vegetables;Baked goods;Canned or preserved fruits/vegetables;Cut flowers;Eggs;Fish/seafood;Herbs;Honey;Mushrooms;Pet food;Soap/body care products;|Robbi Mixon|food hub|foodhub|1000||500172|default-foodhub-4-3.jpg|Alaska Food Hub (formally known as Kenai Peninsula Food Hub)|528 E Pioneer Ave, Homer, Alaska 99603|Homer|Alaska|528 E Pioneer Ave|-151.53167|59.647893|99603||https://www.facebook.com/alaskafoodhub/||||www.alaskafoodhub.org||Open: April to November<br>Available Products: Fresh fruits; Fresh vegetables; Baked goods; Canned or preserved fruits/vegetables; ...||Apr 4th, 2018
AK|Open: May to November<br>Available Products: Fresh fruits;Fresh vegetables;Baked goods;Canned or preserved fruits/vegetables;Coffee/tea;Cut flowers;Eggs;Fish/seafood;Herbs;Green household products;Honey;Juices/non-alcoholic ciders;Mushrooms;Soap/body care products;Wild harvested forest products;Seafood and Kelp;|Colin Peacock|food hub|foodhub|1000||500157|default-foodhub-4-3.jpg|Salt & Soil Marketplace|1107 W 8TH ST STE 4, Juneau, Alaska 99801|Downtown Juneau|Alaska|1107 W 8th St|-134.42354|58.2997815|99801||https://www.facebook.com/SaltandSoilMarketplace/||||www.saltandsoilmarketplace.com||Open: May to November<br>Available Products: Fresh fruits; Fresh vegetables; Baked goods; Canned or preserved fruits/vegetables; ...||Dec 8th, 2017
AK|Open: Year-round<br>Available Products: Fresh fruits;Fresh vegetables;Eggs;Fish/seafood;Mushrooms;Pet food;Poultry/fowl meat and products;Red/other non-poultry meat and products;Wild harvested forest products;|Terry Smith|food hub|foodhub|1000||500159|default-foodhub-4-3.jpg|Bogard Food Hub|471 East Bogard Road, Wasilla , Alaska 99654|Wasilla|Alaska|471 E Bogard Rd|-149.43957|61.5857475|99654||BogardFoodHub||||www.bogardfoodhub.com||Open: Year-round<br>Available Products: Fresh fruits; Fresh vegetables; Eggs; Fish/seafood; Mushrooms; Pet food; Poultry/fowl meat and ...||Jan 5th, 2018
AZ|Open: Year-round<br>Available Products: Fresh fruits;Fresh vegetables;Baked goods;Cut flowers;Dry beans;Eggs;Herbs;Honey;Nuts;Wild harvested forest products;|Cindy Gentry|food hub|foodhub|1000||500225|default-foodhub-4-3.jpg|Sun Produce Cooperative|4762 N. 189th Ave., Litchfield Park, Arizona 85340|Litchfield Park|Arizona|4762 N 189th Ave|-112.46681|33.5043289|85340||https://www.facebook.com/sunproducecoop||||sunproducecoop.org||Open: Year-round<br>Available Products: Fresh fruits; Fresh vegetables; Baked goods; Cut flowers; Dry beans; Eggs; Herbs; ...||Jan 26th, 2022
AZ|Open: May to October<br>Available Products: Fresh fruits;Fresh vegetables;Baked goods;Canned or preserved fruits/vegetables;Honey;Wild harvested forest products;|Karalea Cox|food hub|foodhub|1000||500178|default-foodhub-4-3.jpg|Copper Communities Food Hub|1360 N Broad Street , Globe, Arizona 85501|Globe|Arizona|1360 N Broad St|-110.79538|33.4100877|85501||copper communities food hub study||||||Open: May to October<br>Available Products: Fresh fruits; Fresh vegetables; Baked goods; Canned or preserved fruits/vegetables; ...||Jun 14th, 2018
AZ|Open: Year-round<br>Available Products: Fresh fruits;Canned or preserved fruits/vegetables;Herbs;Juices/non-alcoholic ciders;Nuts;|barbara eiswerth|food hub|foodhub|1000||500069|default-foodhub-4-3.jpg|iskashitaa refugee network|, Tucson, Arizona 85719|Tucson|Arizona||-110.94470|32.2546522|85719||iskashitaa refugee network||||www.harvesttucson.org||Open: Year-round<br>Available Products: Fresh fruits; Canned or preserved fruits/vegetables; Herbs; Juices/non-alcoholic ciders; Nuts; ||Sep 27th, 2014
CA|Open: Year-round<br>Available Products: Canned or preserved fruits/vegetables;Grains/flour;Nuts;|Michael Bosworth|food hub|foodhub|1000||500054|default-foodhub-4-3.jpg|Next Generation Foods|2640 Hoffman Rd., Olivehurst, California 95961|Olivehurst|California|2640 Hoffman Rd|-121.51741|39.0154957|95961||||||www.nextgenfoods.com||Open: Year-round<br>Available Products: Canned or preserved fruits/vegetables; Grains/flour; Nuts; ||Aug 25th, 2014
CA|Open: April to October<br>Available Products: Fresh fruits;Fresh vegetables;Baked goods;Cut flowers;Dairy products;Eggs;Herbs;Honey;Mushrooms;Nuts;Poultry/fowl meat and products;Red/other non-poultry meat and products;Soap/body care products;|Ray Diggins|food hub|foodhub|1000||500002|default-foodhub-4-3.jpg|Farm 2 Family's Brunswick Farmers Market|10600 Bubbling Wells Rd, Grass Valley, California 95945|Grass Valley|California|10600 Bubbling Wells Rd|-121.02649|39.2335394|95945||https://www.facebook.com/gvthursday.farmersmarket?ref=tn_tnmn||||http://www.farmfreshonline.com/||Open: April to October<br>Available Products: Fresh fruits; Fresh vegetables; Baked goods; Cut flowers; Dairy products; ...||Aug 26th, 2014
CA|Open: Year-round<br>Available Products: Fresh fruits;Fresh vegetables;Baked goods;Canned or preserved fruits/vegetables;Coffee/tea;Dairy products;Dry beans;Eggs;Herbs;Grains/flour;Honey;Juices/non-alcoholic ciders;Nuts;Soap/body care products;Tofu/non-animal protein;|Heather Fenney|food hub|foodhub|1000||500144|default-foodhub-4-3.jpg|Village Market Place|6569 S. Vermont Ave., Los Angeles, California 90044|South Los Angeles|California|6569 S Vermont Ave|-118.29213|33.9793978|90044||facebook.com/csuinc|||@csuincla|www.csuinc.org||Open: Year-round<br>Available Products: Fresh fruits; Fresh vegetables; Baked goods; Canned or preserved fruits/vegetables; Coffee/tea; Dairy ...||Aug 28th, 2017
CA|Open: Year-round<br>Available Products: Fresh fruits;Fresh vegetables;Canned or preserved fruits/vegetables;Cut flowers;Dry beans;Eggs;Herbs;Grains/flour;Honey;Nuts;Poultry/fowl meat and products;Red/other non-poultry meat and products;Olive oil and vinegar;|Thomas Nelson|food hub|foodhub|1000||500148|default-foodhub-4-3.jpg|Capay Valley Farm Shop|26797 State Highway 16, Esparto, California 95627|Esparto|California|26797 CA-16|-122.01391|38.6882465|95627||||||http://capayvalleyfarmshop.com/||Open: Year-round<br>Available Products: Fresh fruits; Fresh vegetables; Canned or preserved fruits/vegetables; Cut flowers; Dry beans; ...||Aug 29th, 2017
CA|Open: Year-round<br>Available Products: Canned or preserved fruits/vegetables;Coffee/tea;Dry beans;Grains/flour;Honey;Juices/non-alcoholic ciders;Nuts;Pet food;Wild harvested forest products;|Angel Yordanov|food hub|foodhub|1000||500083|default-foodhub-4-3.jpg|Organic Power Foods|, Placerville, California|Placerville|California||-120.79854|38.7296252|||https://www.facebook.com/organicpowerfoods|||https://twitter.com/goodorganicfood|http://organicpowerfoods.com||Open: Year-round<br>Available Products: Canned or preserved fruits/vegetables; Coffee/tea; Dry beans; Grains/flour; Honey; Juices/non-alcoholic ciders; Nuts; ...||Feb 7th, 2015
CA|Open: March to June<br>Available Products: Fresh fruits;Ojai Pixie Tangerines;|Ojai Pixie Growers Association|food hub|foodhub|1000||500001|default-foodhub-4-3.jpg|Ojai Pixie Growers Association|15275 Maricopa Hwy, Ojai, California 93023|Ojai|California|15275 Maricopa Hwy|-119.29144|34.4813063|93023||https://www.facebook.com/pages/Ojai-Pixies/126429450749443?ref=hl||||www.ojaipixies.com||Open: March to June<br>Available Products: Fresh fruits; Ojai Pixie Tangerines; ||Jul 29th, 2014
CA|Open: Year-round<br>Available Products: Fresh fruits;Fresh vegetables;Cut flowers;Dairy products;Dry beans;Eggs;Grains/flour;Honey;Juices/non-alcoholic ciders;Maple products;Nuts;Tofu/non-animal protein;|Nicole Mason|food hub|foodhub|1000||500216|default-foodhub-4-3.jpg|Veritable Vegetable|1100 Cesar Chavez, San Francisco, California 94124|Central Waterfront|California|1100 Cesar Chavez|-122.38911|37.7505071|94124||https://www.facebook.com/veritablevegetable||||www.veritablevegetable.com||Open: Year-round<br>Available Products: Fresh fruits; Fresh vegetables; Cut flowers; Dairy products; Dry beans; Eggs; Grains/flour; ...||Mar 5th, 2021
CA|Open: Year-round<br>Available Products: Fresh fruits;Fresh vegetables;Baked goods;Canned or preserved fruits/vegetables;Coffee/tea;Cut flowers;Dairy products;Dry beans;Eggs;Herbs;Grains/flour;Honey;Juices/non-alcoholic ciders;Maple products;Mushrooms;Nuts;Poultry/fowl meat and products;Red/other non-poultry meat and products;Tofu/non-animal protein;Wild harvested forest products;|Warren King|food hub|foodhub|1000||500188|default-foodhub-4-3.jpg|Food Commons Fresno|202 Van Ness Avenue, Fresno, California 93721|Roosevelt|California|202 Van Ness Ave|-119.78033|36.72713|93721||https://www.facebook.com/OooobyFresno/|||https://twitter.com/oooobyfresno|https://www.ooooby.org/fresno||Open: Year-round<br>Available Products: Fresh fruits; Fresh vegetables; Baked goods; Canned or preserved fruits/vegetables; Coffee/tea; Cut ...||Mar 6th, 2019
CA|Open: Year-round<br>Available Products: Fresh fruits;Fresh vegetables;Herbs;Honey;Beef, Beef Jerky;|John L. Bailey|food hub|foodhub|1000||500104|default-foodhub-4-3.jpg|Top 10 Produce LLC|1319 Burton Avenue, Suite C, Salinas, California 93901|Salinas|California|1319 Burton Ave|-121.62764|36.6502667|93901||www.facebook.com/top10produce|||www.twitter.com/top10fresh|www.top10produce.com||Open: Year-round<br>Available Products: Fresh fruits; Fresh vegetables; Herbs; Honey; Beef, Beef Jerky; ||May 12th, 2016
CA|Open: Year-round<br>Available Products: Fresh fruits;Fresh vegetables;Baked goods;Canned or preserved fruits/vegetables;Cut flowers;Herbs;Grains/flour;Honey;Nuts;|Dana Harvey|food hub|foodhub|1000||500117|default-foodhub-4-3.jpg|Mandela MarketPlace|1364 7th Street, Oakland, California 94607|Acorn|California|1364 7th St|-122.29252|37.8049685|94607||https://www.facebook.com/pages/Mandela-Marketplace/131273713549358|||https://twitter.com/MandelaMarket|http://www.mandelamarketplace.org||Open: Year-round<br>Available Products: Fresh fruits; Fresh vegetables; Baked goods; Canned or preserved fruits/vegetables; Cut flowers; ...||May 2nd, 2017
CA|Open: Year-round<br>Available Products: Fresh fruits;Fresh vegetables;Canned or preserved fruits/vegetables;Cut flowers;Eggs;Fish/seafood;Herbs;Grains/flour;Honey;Maple products;Poultry/fowl meat and products;Red/other non-poultry meat and products;|Lisa Igoe|food hub|foodhub|1000||500223|default-foodhub-4-3.jpg|Foodshed Small Farm Distro and Resource Hub|3340 Fairmount Ave., San Diego, California 92105|City Heights|California|3340 Fairmount Ave|-117.10121|32.7410926|92105||foodshedinc||||foodshedsmallfarmdistro.com||Open: Year-round<br>Available Products: Fresh fruits; Fresh vegetables; Canned or preserved fruits/vegetables; Cut flowers; Eggs; Fish/seafood; ...||Nov 1st, 2021
CA|Open: Year-round<br>Available Products: Fresh fruits;Fresh vegetables;Baked goods;Canned or preserved fruits/vegetables;Coffee/tea;Cut flowers;Dairy products;Dry beans;Eggs;Fish/seafood;Herbs;Grains/flour;Green household products;Honey;Juices/non-alcoholic ciders;Maple products;Mushrooms;Nuts;Poultry/fowl meat and products;Red/other non-poultry meat and products;Soap/body care products;Wine/spirits/beer/hard cider;|Susie Sutphin|food hub|foodhub|1000||500211|default-foodhub-4-3.jpg|Tahoe Food Hub|12116 Chandelle Way unit d, Truckee, California 96161|Truckee|California|12116 Chandelle Way|-120.15067|39.3202598|96161||||||12116 Chandelle Way unit d||Open: Year-round<br>Available Products: Fresh fruits; Fresh vegetables; Baked goods; Canned or preserved fruits/vegetables; Coffee/tea; Cut ...||Sep 15th, 2020
CA|Open: Year-round<br>Available Products: Canned or preserved fruits/vegetables;Nuts;|Michael Braga|food hub|foodhub|1000||500061|default-foodhub-4-3.jpg|Braga Organic Farms Inc|10668 ROAD 26 1/2, MADERA, California 93637|Madera|California|10668 Rd 26 1/2|-120.06537|36.9051594|93637||https://www.facebook.com/bragaorganicfarms||||www.buyorganicnuts.com||Open: Year-round<br>Available Products: Canned or preserved fruits/vegetables; Nuts; ||Sep 1st, 2014
CA|Open: Year-round<br>Available Products: Fresh fruits;Fresh vegetables;Baked goods;Canned or preserved fruits/vegetables;Coffee/tea;Cut flowers;Dairy products;Dry beans;Eggs;Fish/seafood;Herbs;Grains/flour;Green household products;Honey;Juices/non-alcoholic ciders;Maple products;Mushrooms;Nuts;Pet food;Poultry/fowl meat and products;Red/other non-poultry meat and products;Soap/body care products;Tofu/non-animal protein;Wild harvested forest products;|Martin Goodwin|food hub|foodhub|1000||500070|default-foodhub-4-3.jpg|Goodwin's Organic Foods & Drinks|191 W. Big Spring Road, Riverside, California 92507|University|California|191 W Big Springs Rd|-117.31541|33.9759616|92507||||||www.goodwinsorganics.com||Open: Year-round<br>Available Products: Fresh fruits; Fresh vegetables; Baked goods; Canned or preserved fruits/vegetables; Coffee/tea; Cut ...||Sep 30th, 2014
CA|Open: Year-round<br>Available Products: Fresh fruits;Fresh vegetables;Herbs;Mushrooms;|Nicole Parziale|food hub|foodhub|1000||500151|default-foodhub-4-3.jpg|Alba Organics|1700 Old Stage Rd, Salinas, California 93908|Salinas|California|1700 Old Stage Rd|-121.51926|36.612027|93908||||||www.aggrigator.com||Open: Year-round<br>Available Products: Fresh fruits; Fresh vegetables; Herbs; Mushrooms; ||Sep 5th, 2017
CO|Open: Year-round<br>Available Products: Fresh fruits;Fresh vegetables;Baked goods;Canned or preserved fruits/vegetables;Coffee/tea;Dairy products;Dry beans;Eggs;Fish/seafood;Herbs;Grains/flour;Honey;Juices/non-alcoholic ciders;Mushrooms;Nuts;Poultry/fowl meat and products;Red/other non-poultry meat and products;|Nicholas Chambers|food hub|foodhub|1000||500213|foodhub_500213_12282_20220414221135.png|Valley Roots Food Hub|5401 Terry Street, Mosca, Colorado 81146|Mosca|Colorado|5401 Terry St|-105.87582|37.6529292|81146||@valleyrootsfoodhub|||none|www.valleyrootsfoodhub.com||Open: Year-round<br>Available Products: Fresh fruits; Fresh vegetables; Baked goods; Canned or preserved fruits/vegetables; Coffee/tea; Dairy ...||Apr 14th, 2022
CO|Open: Year-round<br>Available Products: Fresh fruits;Fresh vegetables;Baked goods;Canned or preserved fruits/vegetables;Coffee/tea;Cut flowers;Dairy products;Dry beans;Eggs;Herbs;Honey;Juices/non-alcoholic ciders;Maple products;Mushrooms;Nuts;Red/other non-poultry meat and products;Soap/body care products;|Matthew Kottenstette|food hub|foodhub|1000||500184|default-foodhub-4-3.jpg|Farm Runners LLC|235 Hwy 133, Hotchkiss, Colorado 81419|Hotchkiss|Colorado|235 CO-133|-107.71238|38.800666|81419||https://www.facebook.com/FarmRunners/||||https://FarmRunners.com||Open: Year-round<br>Available Products: Fresh fruits; Fresh vegetables; Baked goods; Canned or preserved fruits/vegetables; Coffee/tea; Cut ...||Jan 21st, 2019
CO|Open: Year-round<br>Available Products: Fresh fruits;Fresh vegetables;Baked goods;Canned or preserved fruits/vegetables;Coffee/tea;Dairy products;Dry beans;Eggs;Herbs;Grains/flour;Honey;Juices/non-alcoholic ciders;Mushrooms;Nuts;Poultry/fowl meat and products;Red/other non-poultry meat and products;Soap/body care products;|Elizabeth Mozer|food hub|foodhub|1000||500004|default-foodhub-4-3.jpg|LoCo Food Distribution|229 N US HWY 287, Fort Collins, Colorado 80524|Fort Collins|Colorado|229 N U.S. Hwy 287|-105.08040|40.6180146|80524||https://www.facebook.com/LoCoFoodDistribution||||http://www.locofooddistribution.com||Open: Year-round<br>Available Products: Fresh fruits; Fresh vegetables; Baked goods; Canned or preserved fruits/vegetables; Coffee/tea; Dairy ...||Jul 25th, 2014
CO|Open: Year-round<br>Available Products: Fresh fruits;Fresh vegetables;|Meredith Myers|food hub|foodhub|1000||500090|default-foodhub-4-3.jpg|US Potato Board|4949 S. Syracuse St., #4000, Denver, Colorado 80237|Denver Tech Center|Colorado|4949 S Syracuse St|-104.90024|39.6259984|80237||https://www.facebook.com/PotatoesTatersAndSpuds||||http://www.potatogoodness.com||Open: Year-round<br>Available Products: Fresh fruits; Fresh vegetables; ||May 8th, 2015
CO|Open: Year-round<br>Available Products: Fresh fruits;Fresh vegetables;Baked goods;Canned or preserved fruits/vegetables;Dry beans;Eggs;Herbs;Grains/flour;Honey;Juices/non-alcoholic ciders;Mushrooms;Poultry/fowl meat and products;Red/other non-poultry meat and products;Tofu/non-animal protein;|Salvador Gonzalez|food hub|foodhub|1000||500220|default-foodhub-4-3.jpg|East Denver Food Hub|5080 Paris St, Denver, Colorado 80239|Montbello|Colorado|5080 Paris St|-104.84833|39.7897946|80239||https://www.facebook.com/eastdenverfoodhub/||||www.eastdenverfoodhub.com||Open: Year-round<br>Available Products: Fresh fruits; Fresh vegetables; Baked goods; Canned or preserved fruits/vegetables; Dry beans; ...||Oct 20th, 2021
CO|Open: Year-round<br>Available Products: Fresh vegetables;Baked goods;Canned or preserved fruits/vegetables;Coffee/tea;Dairy products;Dry beans;Eggs;Herbs;Grains/flour;Honey;Poultry/fowl meat and products;Red/other non-poultry meat and products;Soap/body care products;|Chris Sramek|food hub|foodhub|1000||500003|default-foodhub-4-3.jpg|High Plains Food Cooperative|7900 E Union Ave.   Ste 200, Denver, Colorado 80237|Denver Tech Center|Colorado|7900 E Union Ave|-104.89604|39.6277464|80237||https://www.facebook.com/pages/High-Plains-Food-Co-op/134612536617378||||http://www.highplainsfood.org||Open: Year-round<br>Available Products: Fresh vegetables; Baked goods; Canned or preserved fruits/vegetables; Coffee/tea; Dairy products; Dry ...||Sep 30th, 2014
CT|Open: Year-round<br>Available Products: Fresh vegetables;Canned or preserved fruits/vegetables;Eggs;Herbs;Poultry/fowl meat and products;Red/other non-poultry meat and products;|Woodstock Sustainable Farms|food hub|foodhub|1000||500071|default-foodhub-4-3.jpg|Woodstock Sustainable Farms|211 Pulpit Rock Road, woodstock, Connecticut 06281|Woodstock|Connecticut|211 Pulpit Rock Rd|-72.002300|41.9539731|06281||Woodstock Sustainable Farms||||www.wssfarms.com||Open: Year-round<br>Available Products: Fresh vegetables; Canned or preserved fruits/vegetables; Eggs; Herbs; Poultry/fowl meat and products; ...||Oct 1st, 2014
FL|Open: Year-round<br>Available Products: Fresh fruits;Fresh vegetables;Baked goods;Canned or preserved fruits/vegetables;Coffee/tea;Cut flowers;Dairy products;Dry beans;Eggs;Fish/seafood;Herbs;Grains/flour;Green household products;Honey;Juices/non-alcoholic ciders;Maple products;Mushrooms;Nuts;Pet food;Poultry/fowl meat and products;Red/other non-poultry meat and products;Soap/body care products;Tofu/non-animal protein;Wild harvested forest products;Wine/spirits/beer/hard cider;|Michael C DeFelice|food hub|foodhub|1000||500158|default-foodhub-4-3.jpg|Hernando County Growers' Association, Inc.|5344 White Road, Brooksville, Florida 34602|Brooksville|Florida|5344 White Rd|-82.277111|28.511311|34602||||||||Open: Year-round<br>Available Products: Fresh fruits; Fresh vegetables; Baked goods; Canned or preserved fruits/vegetables; Coffee/tea; Cut ...||Dec 15th, 2017
FL|Open: Year-round<br>Available Products: Eggs;Pet food;Poultry/fowl meat and products;Red/other non-poultry meat and products;|Jan Costa|food hub|foodhub|1000||500193|default-foodhub-4-3.jpg|Florida Fresh Meat Company|13770 S. Hwy 475, Summerfield, Florida 34491|Summerfield|Florida|13770 S Hwy 475|-82.121589|29.0221885|34491||https://www.facebook.com/GrassFed.BeefBaron/|||https://twitter.com/FlaFreshMeats|www.floridafreshmeat.com||Open: Year-round<br>Available Products: Eggs; Pet food; Poultry/fowl meat and products; Red/other non-poultry meat and products; ...||Jun 2nd, 2019
GA|Open: Year-round<br>Available Products: Fresh fruits;Fresh vegetables;Herbs;|Robin Chanin|food hub|foodhub|1000||500048|default-foodhub-4-3.jpg|Global Growers Network|1763 Big Valley Way, Stone Mountain, Georgia 30083|Stone Mountain|Georgia|1763 Big Valley Way|-84.201311|33.739206|30083||https://www.facebook.com/GlobalGrowers?ref=br_tf|||https://twitter.com/globalgrowers|www.globalgrowers.net||Open: Year-round<br>Available Products: Fresh fruits; Fresh vegetables; Herbs; ||Aug 22nd, 2014
GA|Open: Year-round<br>Available Products: Fresh fruits;Fresh vegetables;Canned or preserved fruits/vegetables;Coffee/tea;Dairy products;Dry beans;Eggs;Herbs;Grains/flour;Honey;Juices/non-alcoholic ciders;Mushrooms;Nuts;Tofu/non-animal protein;|Lily Rolader|food hub|foodhub|1000||500112|default-foodhub-4-3.jpg|The Common Market Georgia|1050 Oakleigh Dr, Atlanta, Georgia 30344|Jefferson Park|Georgia|1050 Oakleigh Dr|-84.423011|33.6909431|30344||https://www.facebook.com/thecommonmarketga/|||https://twitter.com/CommonMarketGA|https://www.thecommonmarket.org/||Open: Year-round<br>Available Products: Fresh fruits; Fresh vegetables; Canned or preserved fruits/vegetables; Coffee/tea; Dairy products; Dry ...||Jan 5th, 2017
GA|Open: Year-round<br>Available Products: Fresh fruits;Fresh vegetables;Baked goods;Cut flowers;Dairy products;Eggs;Fish/seafood;Herbs;Pet food;Poultry/fowl meat and products;Red/other non-poultry meat and products;Soap/body care products;Wild harvested forest products;|Julia Asherman|food hub|foodhub|1000||500107|default-foodhub-4-3.jpg|Middle Georgia Growers Cooperative|, Jeffersonville, Georgia|Jeffersonville|Georgia||-83.346556|32.687646|||https://www.facebook.com/middlegagrowers/||||http://www.middlegeorgiagrowers.com/||Open: Year-round<br>Available Products: Fresh fruits; Fresh vegetables; Baked goods; Cut flowers; Dairy products; Eggs; Fish/seafood; ...||Jul 15th, 2016
GA|Open: Year-round<br>Available Products: Baked goods;Coffee/tea;Fish/seafood;Honey;Poultry/fowl meat and products;Red/other non-poultry meat and products;|Kimberly Morris|food hub|foodhub|1000||500076|default-foodhub-4-3.jpg|One Source Foods|951 Peek Street, Conyers, Georgia 30012|Conyers|Georgia|951 Peek St NW|-84.020026|33.669011|30012||onesourcefoods||||www.onesourcefoods.net||Open: Year-round<br>Available Products: Baked goods; Coffee/tea; Fish/seafood; Honey; Poultry/fowl meat and products; Red/other non-poultry meat ...||Nov 5th, 2014
HI|Open: Year-round<br>Available Products: Fresh fruits;Fresh vegetables;Canned or preserved fruits/vegetables;Coffee/tea;Dairy products;Eggs;Herbs;Honey;Red/other non-poultry meat and products;Soap/body care products;|Melissa Zeman|food hub|foodhub|1000||500038|default-foodhub-4-3.jpg|Oahu Fresh|845 Queen St., Honolulu, Hawaii 96813|Downtown|Hawaii|845 Queen St|-157.85579|21.2988892|96813||https://www.facebook.com/pages/Oahu-Fresh/159710474062352|||https://twitter.com/oahufresh|www.oahufresh.com||Open: Year-round<br>Available Products: Fresh fruits; Fresh vegetables; Canned or preserved fruits/vegetables; Coffee/tea; Dairy products; Eggs; ...||Aug 6th, 2014
HI|Open: August to December<br>Available Products: Fresh fruits;Fresh vegetables;Cut flowers;Herbs;Honey;Wild harvested forest products;|"Meg \""Sunshine\"" Roberts"|food hub|foodhub|1000||500195|default-foodhub-4-3.jpg|Kohala Food Hub|55-230 Ho'ea Rd, Hawi, Hawaii 96719|Hawi|Hawaii|55-230 Hoea Rd|-155.82907|20.2555996|96719||||||||Open: August to December<br>Available Products: Fresh fruits; Fresh vegetables; Cut flowers; Herbs; Honey; Wild harvested ...||Jul 2nd, 2019
HI|Open: Year-round<br>Mālama Kaua’i is the first and largest Kaua’i food hub, distributing locally produced foods from over 126 different producers to consumers and commercial clients across the island.<br>Available Products: Fresh fruits;Fresh vegetables;Baked goods;Canned or preserved fruits/vegetables;Coffee/tea;Cut flowers;Dairy products;Eggs;Fish/seafood;Herbs;Grains/flour;Honey;Juices/non-alcoholic ciders;Mushrooms;Nuts;Pet food;Poultry/fowl meat and products;Red/other non-poultry meat and products;Soap/body care products;|Megan Fox|food hub|foodhub|1000|Mālama Kaua’i is the first and largest Kaua’i food hub, distributing locally produced foods from over 126 different producers to consumers and commercial clients across the island.|500253|foodhub_500253_10047_20220318082250.png|Mālama Kaua’i|3204 Kuhio Highway, Lihue, HI, USA|Lihue|Hawaii|3204 Kuhio Highway|-159.36750|21.980169|96766|https://malamakauai.org/get-connected/blog/|https://facebook.com/malama.kauai|https://www.instagram.com/malama_kauai/?hl=en|||https://kauailocalfood.com/|https://m.youtube.com/channel/UCsKLh-zcyFDnCRe855IYPQw|Open: Year-round<br>Mālama Kaua’i is the first and largest Kaua’i food hub, distributing locally produced foods ...||Mar 18th, 2022
HI|Open: Year-round<br>Available Products: Fresh fruits;Fresh vegetables;Canned or preserved fruits/vegetables;Cut flowers;Dairy products;Dry beans;Eggs;Fish/seafood;Herbs;Grains/flour;Honey;Mushrooms;Poultry/fowl meat and products;Red/other non-poultry meat and products;Fermented vegetables;|Robert Barreca|food hub|foodhub|1000||500176|default-foodhub-4-3.jpg|Farm Link Hawaii|Haleiwa Rd, Waialua, Hawaii 96791|North Shore|Hawaii||-158.11688|21.5765979|96791||https://www.facebook.com/farmlinkhawaii|||https://www.twitter.com/farmlinkhawaii|http://www.farmlinkhawaii.com||Open: Year-round<br>Available Products: Fresh fruits; Fresh vegetables; Canned or preserved fruits/vegetables; Cut flowers; Dairy products; ...||May 14th, 2018
HI|Open: Year-round<br>Available Products: Fresh fruits;Fresh vegetables;Baked goods;Canned or preserved fruits/vegetables;Coffee/tea;Cut flowers;Dairy products;Eggs;Herbs;Honey;Mushrooms;Nuts;|Maureen Datta|food hub|foodhub|1000||500119|default-foodhub-4-3.jpg|Adaptations Inc|79-7500 Mamalahoa Hwy, Unit 1, Kealakekua, Hawaii 96750|Kealakekua|Hawaii|79-7500 Mamalahoa Hwy|-155.92365|19.525784|96750||https://www.facebook.com/adaptationsaloha/|||https://twitter.com/Hawaiifoodhub|www.adaptationsaloha.com||Open: Year-round<br>Available Products: Fresh fruits; Fresh vegetables; Baked goods; Canned or preserved fruits/vegetables; Coffee/tea; Cut ...||May 2nd, 2017
HI|Open: Year-round<br>Available Products: Fresh fruits;Fresh vegetables;Baked goods;Coffee/tea;Dairy products;Eggs;Fish/seafood;Herbs;Grains/flour;Honey;Juices/non-alcoholic ciders;Mushrooms;Nuts;Pet food;Soap/body care products;|Keith Ranney|food hub|foodhub|1000||500222|default-foodhub-4-3.jpg|Maui Hub|250 Alamaha St., S9, Kahului, Hawaii 96732|Kahului|Hawaii|250 Alamaha St|-156.45942|20.8865404|96732||https://www.facebook.com/MauiFoodHub||||https://mauihub.org/||Open: Year-round<br>Available Products: Fresh fruits; Fresh vegetables; Baked goods; Coffee/tea; Dairy products; Eggs; Fish/seafood; Herbs; ...||Oct 29th, 2021
HI|Open: Year-round<br>Available Products: Fresh fruits;Fresh vegetables;|Kristin Frost Albrecht|food hub|foodhub|1000||500155|default-foodhub-4-3.jpg|The Food Basket Inc.|40 Holomua St., Hilo , Hawaii 96720|Hilo|Hawaii|40 Holomua St|-155.06652|19.7045486|96720||||||www.hawaiifoodbasket.org||Open: Year-round<br>Available Products: Fresh fruits; Fresh vegetables; ||Oct 31st, 2017
IL|Open: Year-round<br>Available Products: Fresh fruits;Fresh vegetables;Baked goods;Canned or preserved fruits/vegetables;Eggs;Herbs;Grains/flour;Honey;Juices/non-alcoholic ciders;Pet food;Poultry/fowl meat and products;Red/other non-poultry meat and products;Soap/body care products;Wild harvested forest products;|Brian Burson|food hub|foodhub|1000||500037|default-foodhub-4-3.jpg|Illiana Ag Alliance|31 N Washington St, Martinsville, Illinois 62442|Martinsville|Illinois|31 N Washington St|-87.884488|39.3335075|62442||http://www.facebook.com/IllianaAgAlliance|||https://twitter.com/IllianaAg|http://www.illianaagalliance.wordpress.com||Open: Year-round<br>Available Products: Fresh fruits; Fresh vegetables; Baked goods; Canned or preserved fruits/vegetables; Eggs; Herbs; ...||Aug 5th, 2014
IL|Open: Year-round<br>Available Products: frozen blueberries;|Frank Corrado|food hub|foodhub|1000||500079|default-foodhub-4-3.jpg|Moss Funnel Farms|8424 West 47th Street, Lyons, Illinois 60534|Lyons|Illinois|8424 47th St|-87.831335|41.807072|60534||||||http://www.joesblueberries.com||Open: Year-round<br>Available Products: frozen blueberries; ||Dec 19th, 2014
IL|Open: May to December<br>Available Products: Fresh fruits;Fresh vegetables;Baked goods;Canned or preserved fruits/vegetables;Coffee/tea;Cut flowers;Dry beans;Eggs;Herbs;Green household products;Poultry/fowl meat and products;Red/other non-poultry meat and products;Soap/body care products;|Liz DeRuntz|food hub|foodhub|1000||500136|default-foodhub-4-3.jpg|LEAF Food Hub, LLC|8975 Hwy 45 N, Tunnel Hill, IL 62972, Tunnel Hill, Illinois 62972|Tunnel Hill|Illinois|8975 US-45|-88.813316|37.5212087|62972||https://www.facebook.com/LEAFFoodHub/||||www.leaffoodhub.com||Open: May to December<br>Available Products: Fresh fruits; Fresh vegetables; Baked goods; Canned or preserved fruits/vegetables; ...||Jul 10th, 2017
IL|Open: Year-round<br>Available Products: Fresh fruits;Fresh vegetables;Baked goods;Canned or preserved fruits/vegetables;Coffee/tea;Cut flowers;Dairy products;Dry beans;Eggs;Fish/seafood;Herbs;Grains/flour;Honey;Juices/non-alcoholic ciders;Maple products;Mushrooms;Nuts;Poultry/fowl meat and products;Red/other non-poultry meat and products;Tofu/non-animal protein;Wild harvested forest products;|Shelly Herman & Irv Cernauskas|food hub|foodhub|1000||500006|default-foodhub-4-3.jpg|Irv & Shelly's Fresh Picks|5625 W. Howard Street, Niles, Illinois 60714|Niles|Illinois|5625 W Howard St|-87.768252|42.0183999|60714||https://www.facebook.com/pages/Irv-Shellys-Fresh-Picks/18600289943|||https://twitter.com/FreshPicks|http://www.freshpicks.com||Open: Year-round<br>Available Products: Fresh fruits; Fresh vegetables; Baked goods; Canned or preserved fruits/vegetables; Coffee/tea; Cut ...||Jul 25th, 2014
IL|Open: Year-round<br>Available Products: Fresh fruits;Locally grown corn, during the summer.;|Gregory Mandolini|food hub|foodhub|1000||500094|default-foodhub-4-3.jpg|The Mandolini Company, Inc.|2404 S Wolcott Ave - Unit 28, Chicago, Illinois 60608|Lower West Side|Illinois|2404 S Wolcott Ave|-87.673110|41.8458512|60608||||||http://mandolinico.com/||Open: Year-round<br>Available Products: Fresh fruits; Locally grown corn, during the summer.; ||Jul 2nd, 2015
IL|Open: Year-round<br>Available Products: Fresh fruits;Fresh vegetables;Baked goods;Canned or preserved fruits/vegetables;Coffee/tea;Dairy products;Dry beans;Eggs;Herbs;Grains/flour;Honey;Juices/non-alcoholic ciders;Maple products;Mushrooms;Nuts;Poultry/fowl meat and products;Red/other non-poultry meat and products;Soap/body care products;Tofu/non-animal protein;|Mike Strode|food hub|foodhub|1000||500129|default-foodhub-4-3.jpg|Healthy Food Hub|2423 E. 75th Street, Chicago, Illinois 60649|South Shore|Illinois|2423 E 75th St|-87.565514|41.7588303|60649||https://www.facebook.com/healthyfoodhubchicago/|||https://twitter.com/blackoakscenter|http://www.healthyfoodhub.org||Open: Year-round<br>Available Products: Fresh fruits; Fresh vegetables; Baked goods; Canned or preserved fruits/vegetables; Coffee/tea; Dairy ...||May 10th, 2017
IL|Open: Year-round<br>Available Products: Fresh fruits;Fresh vegetables;Baked goods;Canned or preserved fruits/vegetables;Coffee/tea;Cut flowers;Dairy products;Dry beans;Eggs;Herbs;Grains/flour;Green household products;Honey;Juices/non-alcoholic ciders;Maple products;Mushrooms;Nuts;Poultry/fowl meat and products;Red/other non-poultry meat and products;Soap/body care products;Tofu/non-animal protein;Wild harvested forest products;Wine/spirits/beer/hard cider;|Andrew Lutsey|food hub|foodhub|1000||500115|default-foodhub-4-3.jpg|Local Foods|1427 W. Willow, Chicago, Illinois 60642|West Town|Illinois|1427 W Willow St|-87.663121|41.9140065|60642||https://www.facebook.com/localfoodsgrocer/|||https://twitter.com/localfoodschi|http://localfoods.com/||Open: Year-round<br>Available Products: Fresh fruits; Fresh vegetables; Baked goods; Canned or preserved fruits/vegetables; Coffee/tea; Cut ...||May 2nd, 2017
IL|Open: Year-round<br>Available Products: Fresh fruits;Fresh vegetables;Baked goods;Dairy products;Dry beans;Eggs;Fish/seafood;Herbs;Grains/flour;Poultry/fowl meat and products;Red/other non-poultry meat and products;Tofu/non-animal protein;|Jason Weedon|food hub|foodhub|1000||500116|default-foodhub-4-3.jpg|Gourmet Gorilla, Inc|1200 West Cermak, 2nd floor, Chicago, Illinois 60608|Lower West Side|Illinois|1200 W Cermak Rd|-87.656726|41.8537887|60608||||||||Open: Year-round<br>Available Products: Fresh fruits; Fresh vegetables; Baked goods; Dairy products; Dry beans; Eggs; Fish/seafood; ...||May 2nd, 2017
KS|Open: Year-round<br>Available Products: Fresh fruits;Fresh vegetables;Baked goods;Canned or preserved fruits/vegetables;Dairy products;Eggs;Honey;Pet food;Poultry/fowl meat and products;Red/other non-poultry meat and products;|Cherie Schenker|food hub|foodhub|1000||500084|default-foodhub-4-3.jpg|Schenker Family Farms, Inc.|604 6th, McCune, Kansas 66753|McCune|Kansas|604 6th St|-95.020155|37.353501|66753||https://www.facebook.com/Schenker.Farms|||Schenker.farms|http://schenkerfarms.com/||Open: Year-round<br>Available Products: Fresh fruits; Fresh vegetables; Baked goods; Canned or preserved fruits/vegetables; Dairy products; ...||Feb 16th, 2015
KS|Open: Year-round<br>Available Products: Fresh fruits;Fresh vegetables;Baked goods;Canned or preserved fruits/vegetables;Dairy products;Herbs;Grains/flour;Poultry/fowl meat and products;Red/other non-poultry meat and products;|Teresa Kelly|food hub|foodhub|1000||500217|default-foodhub-4-3.jpg|The Kansas City Food Hub|4710 Merriam Drive Overland Park, Kansas 66203|North Overland Park Hills|Kansas|4710 Merriam Dr|-94.683248|39.0407367|66203||https://www.facebook.com/kansascityfoodhub||||https://thekcfoodhub.com/||Open: Year-round<br>Available Products: Fresh fruits; Fresh vegetables; Baked goods; Canned or preserved fruits/vegetables; Dairy products; ...||Jul 1st, 2021
KY|Open: Year-round<br>Available Products: Fresh fruits;Fresh vegetables;Dairy products;Eggs;Herbs;Honey;Juices/non-alcoholic ciders;Maple products;Mushrooms;Poultry/fowl meat and products;Red/other non-poultry meat and products;Wild harvested forest products;|Alice Chalmers|food hub|foodhub|1000||500089|default-foodhub-4-3.jpg|Ohio Valley Food Connetion, LLC|1032 Madison Ave, Covington, Kentucky 41011|Eastside|Kentucky|1032 Madison Ave|-84.508755|39.0795882|41011||https://www.facebook.com/OhioValleyFood/||||www.ohiovalleyfood.com||Open: Year-round<br>Available Products: Fresh fruits; Fresh vegetables; Dairy products; Eggs; Herbs; Honey; Juices/non-alcoholic ciders; Maple ...||Jul 5th, 2016
KY|Open: Year-round<br>Available Products: Fresh fruits;Fresh vegetables;Baked goods;Canned or preserved fruits/vegetables;Coffee/tea;Cut flowers;Dairy products;Dry beans;Eggs;Fish/seafood;Grains/flour;Honey;Juices/non-alcoholic ciders;Maple products;Mushrooms;Pet food;Red/other non-poultry meat and products;Soap/body care products;Wild harvested forest products;|Alice|food hub|foodhub|1000||500122|default-foodhub-4-3.jpg|Ohio Valley Food Connection, LLC|517 W 7th St, Newport, Kentucky 41071|Newport|Kentucky|517 W 7th St|-84.501694|39.0860574|41071||||||www.ohiovalleyfood.com||Open: Year-round<br>Available Products: Fresh fruits; Fresh vegetables; Baked goods; Canned or preserved fruits/vegetables; Coffee/tea; Cut ...||May 2nd, 2017
KY|Open: May to December<br>Available Products: Fresh fruits;Fresh vegetables;Eggs;Herbs;Poultry/fowl meat and products;Red/other non-poultry meat and products;|Karyn Moskowitz|food hub|foodhub|1000||500062|default-foodhub-4-3.jpg|New Root's Fresh Stop Project|4509 W. Market Street, Louisville/Jefferson County metro government (balance), Kentucky 40212|Shawnee|Kentucky|4509 W Market St|-85.822565|38.2646421|40212||https://www.facebook.com/newroots|||https://twitter.com/NewRootsFreshSt|www.newrootsproduce.org||Open: May to December<br>Available Products: Fresh fruits; Fresh vegetables; Eggs; Herbs; Poultry/fowl meat and products; ...||Sep 3rd, 2014
KY|Open: Year-round<br>Available Products: Red/other non-poultry meat and products;|Jim Mansfield|food hub|foodhub|1000||500063|default-foodhub-4-3.jpg|Four Hills Farms, LLC|2471 Kirkwood Road, Salvisa, Kentucky 40372|Salvisa|Kentucky|2471 Kirkwood Rd|-84.930941|37.8947304|40372||https://www.facebook.com/fourhillsfarmlamb||||www.fourhillsfarm.com||Open: Year-round<br>Available Products: Red/other non-poultry meat and products; ||Sep 5th, 2014
MD|Open: Year-round<br>Available Products: Fresh fruits;Fresh vegetables;Canned or preserved fruits/vegetables;Coffee/tea;Dairy products;Eggs;Fish/seafood;Herbs;Honey;Juices/non-alcoholic ciders;Maple products;Pet food;Poultry/fowl meat and products;Red/other non-poultry meat and products;|Emily Moore|food hub|foodhub|1000||500088|default-foodhub-4-3.jpg|South Mountain Creamery|8305 Bolivar Road, Middletown, Maryland 21769|Middletown|Maryland|8305 Bolivar Rd|-77.603299|39.4585152|21769||www.facebook.com/smcdairy|||www.twitter.com/southmtcreamery|www.southmountaincreamery.com||Open: Year-round<br>Available Products: Fresh fruits; Fresh vegetables; Canned or preserved fruits/vegetables; Coffee/tea; Dairy products; Eggs; ...||Apr 20th, 2015
MD|Open: May to November<br>Available Products: Fresh fruits;Fresh vegetables;Cut flowers;Dry beans;||food hub|foodhub|1000||500140|foodhub_500140_10464_20220405125922.png|Garrett Growers Cooperative, Inc.|, Oakland, Maryland 21550|Oakland|Maryland||-79.406711|39.4078747|21550||https://www.facebook.com/GarrettGrowers/||||www.garrettgrowers.com||Open: May to November<br>Available Products: Fresh fruits; Fresh vegetables; Cut flowers; Dry beans; ||Apr 5th, 2022
MD|Open: Year-round<br>Available Products: Fresh fruits;Fresh vegetables;Baked goods;Canned or preserved fruits/vegetables;Coffee/tea;Dairy products;Dry beans;Eggs;Fish/seafood;Herbs;Grains/flour;Honey;Juices/non-alcoholic ciders;Maple products;Mushrooms;Nuts;Poultry/fowl meat and products;Red/other non-poultry meat and products;Tofu/non-animal protein;Wild harvested forest products;Wine/spirits/beer/hard cider;|Tony Brusco|food hub|foodhub|1000||500013|default-foodhub-4-3.jpg|Hometown Harvest|4635 Wedgewood Blvd, Ste 101, Frederick, Maryland 21703|Frederick|Maryland|4635 Wedgewood Blvd|-77.429389|39.3668544|21703||https://www.facebook.com/HmtwnHrvst||||www.hometownharvest.com||Open: Year-round<br>Available Products: Fresh fruits; Fresh vegetables; Baked goods; Canned or preserved fruits/vegetables; Coffee/tea; Dairy ...||Aug 13th, 2014
MD|Open: Year-round<br>Available Products: Fresh fruits;Fresh vegetables;Baked goods;Canned or preserved fruits/vegetables;Coffee/tea;Dairy products;Eggs;Fish/seafood;Herbs;Grains/flour;Honey;Juices/non-alcoholic ciders;Mushrooms;Nuts;Poultry/fowl meat and products;Red/other non-poultry meat and products;|Lori Sallet|food hub|foodhub|1000||500147|default-foodhub-4-3.jpg|South Mountain Creamery|8305 Bolivar Road, Middletown, Maryland 21769|Middletown|Maryland|8305 Bolivar Rd|-77.603299|39.4585152|21769||https://www.facebook.com/smcdairy||||https://southmountaincreamery.com||Open: Year-round<br>Available Products: Fresh fruits; Fresh vegetables; Baked goods; Canned or preserved fruits/vegetables; Coffee/tea; Dairy ...||Aug 29th, 2017
MD|Open: April to November<br>Available Products: Fresh fruits;Fresh vegetables;|Deena Kilmon|food hub|foodhub|1000||500162|default-foodhub-4-3.jpg|Chesapeake Harvest|101 Marlboro Ave, Easton, Maryland 21601|Easton|Maryland|101 Marlboro Ave|-76.077897|38.7814828|21601||chesapeake harvest|||@chesharvest|www.chesapeakeharvest.com||Open: April to November<br>Available Products: Fresh fruits; Fresh vegetables; ||Jan 18th, 2018
MD|Open: Year-round<br>Available Products: Fresh fruits;Fresh vegetables;Canned or preserved fruits/vegetables;Cut flowers;Dairy products;Dry beans;Eggs;Herbs;Grains/flour;Honey;Mushrooms;Poultry/fowl meat and products;Red/other non-poultry meat and products;Wild harvested forest products;|Heather Hulsey|food hub|foodhub|1000||500163|default-foodhub-4-3.jpg|Chesapeake Farm to Table|16813 Yeoho Road, Sparks Glencoe, Maryland 21152|Sparks Glencoe|Maryland|16813 Yeoho Rd|-76.738673|39.584856|21152||https://www.facebook.com/chesapeakefarmtotable/||||http://www.chesapeakefarmtotable.org/||Open: Year-round<br>Available Products: Fresh fruits; Fresh vegetables; Canned or preserved fruits/vegetables; Cut flowers; Dairy products; ...||Jan 18th, 2018
MD|Open: Year-round<br>Available Products: Fresh fruits;Fresh vegetables;Baked goods;Canned or preserved fruits/vegetables;Coffee/tea;Cut flowers;Dairy products;Dry beans;Eggs;Fish/seafood;Herbs;Grains/flour;Honey;Juices/non-alcoholic ciders;Maple products;Mushrooms;Nuts;Poultry/fowl meat and products;Red/other non-poultry meat and products;Tofu/non-animal protein;Wild harvested forest products;|John Zechiel|food hub|foodhub|1000||500012|default-foodhub-4-3.jpg|Washington's Green Grocer|8741 Ashwood Drive, Unit O, Capitol Heights, Maryland 20743|Capitol Heights|Maryland|8741 Ashwood Dr|-76.854889|38.8837469|20743||https://www.facebook.com/washingtonsgreengrocer||||http://www.washingtonsgreengrocer.com||Open: Year-round<br>Available Products: Fresh fruits; Fresh vegetables; Baked goods; Canned or preserved fruits/vegetables; Coffee/tea; Cut ...||Jul 29th, 2014
MD|Open: Year-round<br>Available Products: Fresh fruits;Fresh vegetables;Baked goods;Canned or preserved fruits/vegetables;Dairy products;Honey;Juices/non-alcoholic ciders;||food hub|foodhub|1000||500208|default-foodhub-4-3.jpg|McCutcheon's Apple Products|13 S. Wisner St., Frederick , Maryland 21701|Frederick|Maryland|13 S Wisner St|-77.404120|39.412385|21701||https://www.facebook.com/McCutcheonsAppleProducts/|||https://twitter.com/McCutcheonApl|https://mccutcheons.com/||Open: Year-round<br>Available Products: Fresh fruits; Fresh vegetables; Baked goods; Canned or preserved fruits/vegetables; Dairy products; ...||Jun 1st, 2020
MD|Open: Year-round<br>Available Products: Fresh fruits;Fresh vegetables;Baked goods;Canned or preserved fruits/vegetables;Coffee/tea;Dairy products;Dry beans;Eggs;Fish/seafood;Herbs;Grains/flour;Honey;Juices/non-alcoholic ciders;Maple products;Mushrooms;Nuts;Poultry/fowl meat and products;Red/other non-poultry meat and products;Tofu/non-animal protein;Wild harvested forest products;|Jason Lundberg|food hub|foodhub|1000||500124|default-foodhub-4-3.jpg|From the Farmer|, Beltsville, Maryland 20705|Beltsville|Maryland||-76.907473|39.0348317|20705||http://www.facebook.com/FromtheFarmer|||http://www.twitter.com/FromtheFarmer|http://www.fromthefarmer.com/||Open: Year-round<br>Available Products: Fresh fruits; Fresh vegetables; Baked goods; Canned or preserved fruits/vegetables; Coffee/tea; Dairy ...||May 3rd, 2017
MD|Open: Year-round<br>Available Products: Fresh fruits;Fresh vegetables;Baked goods;Canned or preserved fruits/vegetables;Coffee/tea;Dairy products;Eggs;Honey;Mushrooms;|Evan Lutz|food hub|foodhub|1000||500175|default-foodhub-4-3.jpg|Hungry Harvest|7460 CONOWINGO AVE, JESSUP, Maryland 20794|Jessup|Maryland|7460 Conowingo Ave|-76.787563|39.1653515|20794||https://www.facebook.com/HungryHarvest/|||https://twitter.com/HungryHarvest|www.hungryharvest.net||Open: Year-round<br>Available Products: Fresh fruits; Fresh vegetables; Baked goods; Canned or preserved fruits/vegetables; Coffee/tea; Dairy ...||May 9th, 2018
MI|Open: Year-round<br>Available Products: Fresh fruits;Fresh vegetables;Baked goods;Canned or preserved fruits/vegetables;Herbs;Honey;|Kim Bayer|food hub|foodhub|1000||500043|default-foodhub-4-3.jpg|Washtenaw Food Hub|4175 Whitmore Lake Rd., Ann Arbor, Michigan 48105|Wines|Michigan|4175 Whitmore Lake Rd|-83.752158|42.3328983|48105||https://www.facebook.com/washtenawfoodhub|||http://twitter.com/fudhub|http://washtenawfoodhub.com||Open: Year-round<br>Available Products: Fresh fruits; Fresh vegetables; Baked goods; Canned or preserved fruits/vegetables; Herbs; Honey; ...||Aug 14th, 2014
MI|Open: Year-round<br>Available Products: Fresh fruits;Fresh vegetables;Baked goods;Canned or preserved fruits/vegetables;Coffee/tea;Dairy products;Dry beans;Eggs;Herbs;Juices/non-alcoholic ciders;Maple products;Mushrooms;Poultry/fowl meat and products;Red/other non-poultry meat and products;Wild harvested forest products;Wine/spirits/beer/hard cider;|Neal Valley|food hub|foodhub|1000||500046|default-foodhub-4-3.jpg|Allen Market Place|1629 E. Kalamazoo St., Lansing, Michigan 48912|Eastside|Michigan|1629 E Kalamazoo St|-84.526380|42.7302387|48912||https://www.facebook.com/AllenMarketPlace||||http://www.allenmarketplace.org||Open: Year-round<br>Available Products: Fresh fruits; Fresh vegetables; Baked goods; Canned or preserved fruits/vegetables; Coffee/tea; Dairy ...||Aug 21st, 2014
MI|Open: Year-round<br>Available Products: Fresh fruits;Fresh vegetables;Baked goods;Canned or preserved fruits/vegetables;Coffee/tea;Cut flowers;Dairy products;Dry beans;Eggs;Fish/seafood;Herbs;Grains/flour;Honey;Juices/non-alcoholic ciders;Maple products;Mushrooms;Nuts;Poultry/fowl meat and products;Red/other non-poultry meat and products;Soap/body care products;Tofu/non-animal protein;Wild harvested forest products;|Dan Carmody|food hub|foodhub|1000||500143|default-foodhub-4-3.jpg|Eastern Market Corporation|2934 Russell Street, Detroit, Michigan 48207|Eastern Market|Michigan|2934 Russell St|-83.041969|42.3491815|48207||https://www.facebook.com/easternmarketdetroit/|||https://twitter.com/EasternMarket|https://www.easternmarket.com/||Open: Year-round<br>Available Products: Fresh fruits; Fresh vegetables; Baked goods; Canned or preserved fruits/vegetables; Coffee/tea; Cut ...||Aug 28th, 2017
MI|Open: Year-round<br>Available Products: Fresh fruits;Fresh vegetables;Dairy products;Eggs;Herbs;Honey;Maple products;|Natsha Lantz|food hub|foodhub|1000||500110|default-foodhub-4-3.jpg|Upper Peninsula Food Exchange|502 W. Washington St., Marquette, Michigan 49855|Marquette|Michigan|502 W Washington St|-87.402735|46.545034|49855||https://www.facebook.com/UPFoodExchange/||||http://upfoodexchange.com/||Open: Year-round<br>Available Products: Fresh fruits; Fresh vegetables; Dairy products; Eggs; Herbs; Honey; Maple products; ||Aug 9th, 2016
MI|Open: Year-round<br>Available Products: Fresh fruits;Fresh vegetables;Herbs;Mushrooms;|Randall Davis|food hub|foodhub|1000||500111|default-foodhub-4-3.jpg|KVCC FIC Food Hub|224 E Crosstown Parkway, Kalamazoo, Michigan 49001|Edison|Michigan|224 E Crosstown Pkwy|-85.579661|42.2808544|49001||||||https://www.kvcc.edu/healthyliving/||Open: Year-round<br>Available Products: Fresh fruits; Fresh vegetables; Herbs; Mushrooms; ||Dec 14th, 2016
MI|Open: Year-round<br>Available Products: Fresh fruits;Fresh vegetables;Canned or preserved fruits/vegetables;Coffee/tea;Dairy products;Dry beans;Eggs;Fish/seafood;Herbs;Grains/flour;Green household products;Honey;Juices/non-alcoholic ciders;Maple products;Nuts;Poultry/fowl meat and products;Red/other non-poultry meat and products;Soap/body care products;Tofu/non-animal protein;|Leland Michaels|food hub|foodhub|1000||500131|default-foodhub-4-3.jpg|Cherry Capital Foods|1610 Barlow Street, Suite 201, Traverse City, Michigan 49686|Traverse City|Michigan|1610 Barlow St|-85.606769|44.7396885|49686||https://www.facebook.com/cherrycapitalfoods|||https://twitter.com/CherryCapFoods|www.cherrycapitalfoods.com||Open: Year-round<br>Available Products: Fresh fruits; Fresh vegetables; Canned or preserved fruits/vegetables; Coffee/tea; Dairy products; Dry ...||May 15th, 2017
MI|Open: Year-round<br>Available Products: Fresh fruits;Fresh vegetables;Baked goods;Canned or preserved fruits/vegetables;Coffee/tea;Cut flowers;Dairy products;Dry beans;Eggs;Fish/seafood;Herbs;Grains/flour;Green household products;Honey;Juices/non-alcoholic ciders;Maple products;Mushrooms;Nuts;Poultry/fowl meat and products;Red/other non-poultry meat and products;Wild harvested forest products;1000 SKU's for sale on the website;|Paul Quinn|food hub|foodhub|1000||500132|default-foodhub-4-3.jpg|WM FarmLink|1111 Godfrey Ave SW S250, Grand Rapids , Michigan 49453|Grand Rapids|Michigan|1111 Godfrey Ave SW|-85.6853|42.9427105|49453||||||www.wmfarmlink.com||Open: Year-round<br>Available Products: Fresh fruits; Fresh vegetables; Baked goods; Canned or preserved fruits/vegetables; Coffee/tea; Cut ...||May 18th, 2017
MI|Open: Year-round<br>Available Products: Fresh fruits;Fresh vegetables;Baked goods;Canned or preserved fruits/vegetables;Coffee/tea;Cut flowers;Dairy products;Dry beans;Eggs;Fish/seafood;Herbs;Grains/flour;Green household products;Honey;Juices/non-alcoholic ciders;Maple products;Mushrooms;Poultry/fowl meat and products;Red/other non-poultry meat and products;Tofu/non-animal protein;Minimally processed fruits and vegetables;|Randall Davis|food hub|foodhub|1000||500156|default-foodhub-4-3.jpg|ValleyHUB|224 E Crosstown Parkway, Kalamazoo, Michigan 49001|Edison|Michigan|224 E Crosstown Pkwy|-85.579661|42.2808544|49001||||||||Open: Year-round<br>Available Products: Fresh fruits; Fresh vegetables; Baked goods; Canned or preserved fruits/vegetables; Coffee/tea; Cut ...||Nov 10th, 2017
MN|Open: June to November<br>Available Products: Fresh fruits;Fresh vegetables;Honey;|Melissa Mattson|food hub|foodhub|1000||500085|default-foodhub-4-3.jpg|Fresh Connect Food Hub|1001 East Mt Faith, Fergus Falls, Minnesota 56537|Fergus Falls|Minnesota|1001 E Mt Faith Ave|-96.059176|46.2881957|56537||||||http://www.lcsc.org/freshconnect||Open: June to November<br>Available Products: Fresh fruits; Fresh vegetables; Honey; ||Feb 20th, 2015
MN|Open: Year-round<br>Available Products: Fresh fruits;Fresh vegetables;Baked goods;Cut flowers;Dry beans;Herbs;Honey;Red/other non-poultry meat and products;|Rhys Williams|food hub|foodhub|1000||500102|default-foodhub-4-3.jpg|The Good Acre|1790 Larpenteur Avenue West, Falcon Heights, Minnesota 55113|Falcon Heights|Minnesota|1790 Larpenteur Ave W|-93.174577|44.9913526|55113||https://www.facebook.com/The-Good-Acre-334428273414328/|||https://twitter.com/TheGoodAcreMN|https://thegoodacre.org/||Open: Year-round<br>Available Products: Fresh fruits; Fresh vegetables; Baked goods; Cut flowers; Dry beans; Herbs; Honey; ...||Mar 29th, 2016
MN|Open: Year-round<br>Available Products: Fresh vegetables;Herbs;Mushrooms;|Rebecca Jackson|food hub|foodhub|1000||500127|default-foodhub-4-3.jpg|Shared Ground Farmers' Cooperative|804 Margret St, St. Paul, Minnesota 55106|Dayton's Bluff|Minnesota|804 Margaret St|-93.066706|44.9610393|55106||https://www.facebook.com/sharedgroundcoop/||||www.sharedgroundcoop.com||Open: Year-round<br>Available Products: Fresh vegetables; Herbs; Mushrooms; ||May 8th, 2017
MN|Open: Year-round<br>Available Products: Fresh fruits;Fresh vegetables;Baked goods;Dry beans;Eggs;Herbs;Grains/flour;Honey;Maple products;Poultry/fowl meat and products;Red/other non-poultry meat and products;|Jessie Borkenhagen|food hub|foodhub|1000||500154|default-foodhub-4-3.jpg|Sprout MN|609 13th Ave SE, Door 8, Little Falls, Minnesota 56345|Little Falls|Minnesota||-94.369444|45.9805556|56345||||||http://sproutmn.com/foodhub/||Open: Year-round<br>Available Products: Fresh fruits; Fresh vegetables; Baked goods; Dry beans; Eggs; Herbs; Grains/flour; Honey; ...||Oct 20th, 2017
MS|Open: Year-round<br>Available Products: Fresh fruits;Fresh vegetables;Baked goods;Canned or preserved fruits/vegetables;Coffee/tea;Cut flowers;Dairy products;Eggs;Herbs;Green household products;Honey;Mushrooms;Nuts;Pet food;Poultry/fowl meat and products;Red/other non-poultry meat and products;Soap/body care products;|Diane Claughton|food hub|foodhub|1000||500016|default-foodhub-4-3.jpg|Ocean Springs Fresh Market|1000 Washington Ave, Ocean Springs, Mississippi 39564|Ocean Springs|Mississippi|1000 Washington Ave|-88.827641|30.415143|39564||https://www.facebook.com/pages/Ocean-Springs-Fresh-Market/202505569793829?ref=ts&fref=ts||||http://www.oceanspringsfreshmarket.com/||Open: Year-round<br>Available Products: Fresh fruits; Fresh vegetables; Baked goods; Canned or preserved fruits/vegetables; Coffee/tea; Cut ...||Apr 9th, 2015
MS|Open: Year-round<br>Available Products: Eggs;|Mike Hammond|food hub|foodhub|1000||500056|default-foodhub-4-3.jpg|The Brown Egg Company|10706 Cox Ferry Rd., Bentonia, Mississippi 39040|Bentonia|Mississippi|10706 Cox Ferry Rd|-90.477535|32.6127332|39040||||||||Open: Year-round<br>Available Products: Eggs; ||Aug 26th, 2014
MS|Open: Year-round<br>Available Products: Fresh fruits;Fresh vegetables;Canned or preserved fruits/vegetables;Coffee/tea;Dairy products;Herbs;Honey;Maple products;Mushrooms;Nuts;|David Watkins|food hub|foodhub|1000||500149|default-foodhub-4-3.jpg|Up in Farms Food Hub|Merchants Bldg, Store #4, 352 E Woodrow Wilson Blvd, Jackson, Mississippi 39216|Fondren|Mississippi|352 E Woodrow Wilson Ave|-90.182590|32.3271613|39216||https://www.facebook.com/upinfarms/?ref=bookmarks||||https://upinfarms.com/||Open: Year-round<br>Available Products: Fresh fruits; Fresh vegetables; Canned or preserved fruits/vegetables; Coffee/tea; Dairy products; Herbs; ...||Aug 29th, 2017
MS|Open: Year-round<br>Available Products: Fresh fruits;Fresh vegetables;Baked goods;Coffee/tea;Dairy products;Eggs;Herbs;Grains/flour;Honey;Mushrooms;|Peggy Linton|food hub|foodhub|1000||500073|default-foodhub-4-3.jpg|4Rivers Fresh Foods|315 Losher St.  Suite 100, Hernando, Mississippi 38632|Hernando|Mississippi|315 Losher St|-89.994898|34.8222958|38632||||||4RiversFoods.com||Open: Year-round<br>Available Products: Fresh fruits; Fresh vegetables; Baked goods; Coffee/tea; Dairy products; Eggs; Herbs; Grains/flour; ...||Oct 6th, 2014
MO|Open: Year-round<br>Available Products: Fresh fruits;Fresh vegetables;Baked goods;Canned or preserved fruits/vegetables;Coffee/tea;Cut flowers;Dairy products;Eggs;Herbs;Honey;Mushrooms;Nuts;Pet food;Poultry/fowl meat and products;Red/other non-poultry meat and products;Soap/body care products;|Eileen Nichols|food hub|foodhub|1000||500015|default-foodhub-4-3.jpg|Webb City Farmers Market|555 South Main, Webb City, Missouri 64870|Webb City|Missouri|555 N Main St Rd|-94.462559|37.1504682|64870||https://www.facebook.com/WebbCityFarmersMarket||||http://webbcityfarmersmarket.blogspot.com||Open: Year-round<br>Available Products: Fresh fruits; Fresh vegetables; Baked goods; Canned or preserved fruits/vegetables; Coffee/tea; Cut ...||Jul 25th, 2014
MO|Open: Year-round<br>Available Products: Fresh fruits;Fresh vegetables;Baked goods;Canned or preserved fruits/vegetables;Cut flowers;Dry beans;Herbs;Grains/flour;Green household products;Honey;Juices/non-alcoholic ciders;Nuts;Wild harvested forest products;|Mark Slaughter|food hub|foodhub|1000||500086|default-foodhub-4-3.jpg|Farmstand|29932 July Road, La Plata, Missouri 63549|La Plata|Missouri|29932 July Rd|-92.477971|40.018748|63549||https://www.facebook.com/pages/Farmstand/1023435204338873|||https://twitter.com/mofarmstand|nemofoods@gmail.com||Open: Year-round<br>Available Products: Fresh fruits; Fresh vegetables; Baked goods; Canned or preserved fruits/vegetables; Cut flowers; ...||Mar 2nd, 2015
MT|Open: Year-round<br>Available Products: Fresh fruits;Fresh vegetables;Baked goods;Canned or preserved fruits/vegetables;Coffee/tea;Cut flowers;Dairy products;Dry beans;Eggs;Fish/seafood;Herbs;Grains/flour;Green household products;Honey;Juices/non-alcoholic ciders;Maple products;Mushrooms;Nuts;Pet food;Poultry/fowl meat and products;Red/other non-poultry meat and products;Soap/body care products;Tofu/non-animal protein;Wild harvested forest products;Wine/spirits/beer/hard cider;prepared smoothies, juices, and healthy foods.;|Jason Mooe|food hub|foodhub|1000||500047|default-foodhub-4-3.jpg|Montana Co-op|401 Main Street, Polson, Montana 59860|Polson|Montana|401 Main St|-114.16277|47.6921422|59860||https://www.facebook.com/montanacoop||||http://www.montanacoop.com/||Open: Year-round<br>Available Products: Fresh fruits; Fresh vegetables; Baked goods; Canned or preserved fruits/vegetables; Coffee/tea; Cut ...||Aug 21st, 2014
MT|Open: Year-round<br>Available Products: Fresh fruits;Fresh vegetables;Baked goods;Canned or preserved fruits/vegetables;Coffee/tea;Cut flowers;Dairy products;Dry beans;Eggs;Herbs;Grains/flour;Honey;Poultry/fowl meat and products;Red/other non-poultry meat and products;Wild harvested forest products;|Dave Prather|food hub|foodhub|1000||500017|default-foodhub-4-3.jpg|Western Montana Growers Cooperative|1500 Burns St. STE C, Missoula, Montana 59802|Westside|Montana|1500 Burns St|-114.01486|46.8856495|59802||https://www.facebook.com/pages/Western-Montana-Growers-Cooperative-CSA/100538456657455?fref=ts||||http://www.wmgcoop.com||Open: Year-round<br>Available Products: Fresh fruits; Fresh vegetables; Baked goods; Canned or preserved fruits/vegetables; Coffee/tea; Cut ...||Mar 24th, 2015
MT|Open: Year-round<br>Available Products: Fresh fruits;Fresh vegetables;Baked goods;Canned or preserved fruits/vegetables;Cut flowers;Dairy products;Eggs;Herbs;Grains/flour;Honey;Mushrooms;Poultry/fowl meat and products;Red/other non-poultry meat and products;|Michele Schahczenski|food hub|foodhub|1000||500221|default-foodhub-4-3.jpg|Yellowstone Valley Food Hub|2115 Lampman Drive, Ste A, Billings, Montana 59102|West End|Montana|2115 Lampman Dr|-108.57009|45.7600099|59102||https://www.facebook.com/YVFoodHub/||||https://www.yvfoodhub.com/#/||Open: Year-round<br>Available Products: Fresh fruits; Fresh vegetables; Baked goods; Canned or preserved fruits/vegetables; Cut flowers; ...||Oct 26th, 2021
NV|Open: Year-round<br>Available Products: Fresh fruits;Fresh vegetables;Baked goods;Canned or preserved fruits/vegetables;Coffee/tea;Dairy products;Eggs;Herbs;Honey;Juices/non-alcoholic ciders;Nuts;Red/other non-poultry meat and products;Soap/body care products;|Royce Garrett|food hub|foodhub|1000||500105|default-foodhub-4-3.jpg|Fallon Food Hub|40 E Center St #5, Fallon, Nevada 89406|Fallon|Nevada|40 E Center St|-118.77632|39.472773|89406||https://www.facebook.com/FallonFoodHub|||https://twitter.com/FallonFoodHub|http://www.fallonfoodhub.com/||Open: Year-round<br>Available Products: Fresh fruits; Fresh vegetables; Baked goods; Canned or preserved fruits/vegetables; Coffee/tea; Dairy ...||Jul 12th, 2016
NH|Open: May to December<br>Available Products: Fresh fruits;Fresh vegetables;Dairy products;Eggs;Honey;Maple products;Red/other non-poultry meat and products;|Julie Moran|food hub|foodhub|1000||500020|default-foodhub-4-3.jpg|The North Country Farmers Co-operative, Inc.|, Colebrook, New Hampshire 3576|Colebrook|New Hampshire||-71.496296|44.894313|3576||https://www.facebook.com/pages/North-Country-Farmers-Co-op/263307670471586?fref=ts|||https://twitter.com/ncfcoop|http://www.ncfcoop.com||Open: May to December<br>Available Products: Fresh fruits; Fresh vegetables; Dairy products; Eggs; Honey; Maple products; ...||Jul 31st, 2014
NM|Open: Year-round<br>Available Products: Red/other non-poultry meat and products;|Jon Paul Bulow|food hub|foodhub|1000||500205|default-foodhub-4-3.jpg|Beck and Bulow|1336 Jorgensen Lane, Santa Fe , New Mexico 87507|Santa Fe|New Mexico|1336 Jorgensen Ln|-105.98848|35.6588499|87507||https://www.facebook.com/beckandbulow/|||https://twitter.com/beckandbulow|https://www.ranchtodoor.com/||Open: Year-round<br>Available Products: Red/other non-poultry meat and products; ||Apr 21st, 2020
NM|Open: Year-round<br>Available Products: Fresh fruits;Fresh vegetables;Canned or preserved fruits/vegetables;Dry beans;Eggs;Herbs;Grains/flour;Honey;Juices/non-alcoholic ciders;Maple products;Nuts;Pet food;Poultry/fowl meat and products;Red/other non-poultry meat and products;|Michelle Franklin|food hub|foodhub|1000||500021|default-foodhub-4-3.jpg|La Montanita Distribution Center|904 Menaul NE, Albuquerque, New Mexico 87107|Santa Barbara-Martineztown|New Mexico|904 Menaul Blvd NE|-106.63270|35.1086949|87107||https://www.facebook.com/lamontanitacoopmarket||||http://www.lamontanita.coop/||Open: Year-round<br>Available Products: Fresh fruits; Fresh vegetables; Canned or preserved fruits/vegetables; Dry beans; Eggs; Herbs; ...||Aug 26th, 2014
NM|Open: Year-round<br>Available Products: Fresh fruits;Fresh vegetables;Baked goods;Canned or preserved fruits/vegetables;Coffee/tea;Cut flowers;Dairy products;Dry beans;Eggs;Herbs;Grains/flour;Green household products;Honey;Juices/non-alcoholic ciders;Mushrooms;Nuts;Poultry/fowl meat and products;Red/other non-poultry meat and products;Soap/body care products;|Adriana Clowe|food hub|foodhub|1000||500200|default-foodhub-4-3.jpg|Desert Spoon Food Hub|2001 South Valley Drive, Las Cruces , New Mexico 88005|Las Cruces|New Mexico|2001 S Valley Dr|-106.77536|32.2872374|88005||https://www.facebook.com/desertspoonfoodhub/||||desertspoonfoodhub.org||Open: Year-round<br>Available Products: Fresh fruits; Fresh vegetables; Baked goods; Canned or preserved fruits/vegetables; Coffee/tea; Cut ...||Jan 23rd, 2020
NM|Open: June to October<br>Available Products: Fresh fruits;Fresh vegetables;Eggs;Honey;|Erin Havens|food hub|foodhub|1000||500212|default-foodhub-4-3.jpg|San Juan College Harvest Food Hub|5101 College Blvd, Farmington, New Mexico 87402|Farmington|New Mexico|5101 College Blvd|-108.16738|36.7737916|87402||https://www.facebook.com/harvestfoodhub||||https://www.sanjuancollege.edu/harvestfoodhub/||Open: June to October<br>Available Products: Fresh fruits; Fresh vegetables; Eggs; Honey; ||Sep 18th, 2020
NY|Open: Year-round<br>Available Products: Poultry/fowl meat and products;Red/other non-poultry meat and products;|Dan Honig|food hub|foodhub|1000||500114|default-foodhub-4-3.jpg|Happy Valley Meat Company|630 Flushing Ave, Brooklyn, New York 11206|Bedford-Stuyvesant|New York|630 Flushing Ave|-73.947925|40.699613|11206||https://www.facebook.com/HappyValleyMeats|||https://twitter.com/happyvalleymeat|http://happyvalleymeat.com/||Open: Year-round<br>Available Products: Poultry/fowl meat and products; Red/other non-poultry meat and products; ||Apr 10th, 2017
NY|Open: Year-round<br>Available Products: Fresh fruits;Fresh vegetables;Baked goods;Canned or preserved fruits/vegetables;Coffee/tea;Cut flowers;Dairy products;Dry beans;Eggs;Herbs;Grains/flour;Honey;Juices/non-alcoholic ciders;Maple products;Nuts;Pet food;Poultry/fowl meat and products;Red/other non-poultry meat and products;Soap/body care products;Tofu/non-animal protein;Wild harvested forest products;|Jori Wekin|food hub|foodhub|1000||500173|default-foodhub-4-3.jpg|The Hub on the Hill|545 Middle Road, Essex, New York 12936|Essex|New York|545 Middle Rd|-73.382001|44.3074311|12936||https://www.facebook.com/thehubonthehill/||||http://thehubonthehill.org/||Open: Year-round<br>Available Products: Fresh fruits; Fresh vegetables; Baked goods; Canned or preserved fruits/vegetables; Coffee/tea; Cut ...||Apr 11th, 2018
NY|Open: Year-round<br>Available Products: Fresh fruits;Fresh vegetables;Canned or preserved fruits/vegetables;Dairy products;Dry beans;Eggs;Herbs;Grains/flour;Honey;Juices/non-alcoholic ciders;Maple products;Poultry/fowl meat and products;Red/other non-poultry meat and products;|Carey King|food hub|foodhub|1000||500022|default-foodhub-4-3.jpg|Corbin Hill Food Project|5605 New York 30, Schoharie, New York 12157|Schoharie|New York|5605 NY-30|-74.297773|42.6849087|12157||https://www.facebook.com/CorbinHillRoadFarm|||https://twitter.com/corbinhillfarm|http://corbinhillfoodproject.org||Open: Year-round<br>Available Products: Fresh fruits; Fresh vegetables; Canned or preserved fruits/vegetables; Dairy products; Dry beans; ...||Aug 27th, 2014
NY|Open: Year-round<br>Available Products: Fresh fruits;Fresh vegetables;Baked goods;Canned or preserved fruits/vegetables;Dairy products;Dry beans;Eggs;Herbs;Grains/flour;Honey;Maple products;Mushrooms;|Donna Williams|food hub|foodhub|1000||500137|default-foodhub-4-3.jpg|Field Goods|742 Schoharie Turnpike, Athens, New York 12015|Athens|New York|742 Schoharie Turnpike|-73.837219|42.2847057|12015||https://www.facebook.com/fieldgoodsfans||||www.field-goods.com||Open: Year-round<br>Available Products: Fresh fruits; Fresh vegetables; Baked goods; Canned or preserved fruits/vegetables; Dairy products; ...||Aug 3rd, 2017
NY|Open: April to December<br>Available Products: Fresh fruits;Fresh vegetables;Canned or preserved fruits/vegetables;Dairy products;Eggs;Herbs;Honey;Juices/non-alcoholic ciders;Maple products;Mushrooms;Poultry/fowl meat and products;Red/other non-poultry meat and products;|Cat Wilson|food hub|foodhub|1000||500185|default-foodhub-4-3.jpg|Catskills Food Hub|92 Commerce Drive, Liberty, New York 12754|Liberty|New York|92 Commerce Dr|-74.733021|41.784183|12754||||||http://www.catskillsfoodhub.org||Open: April to December<br>Available Products: Fresh fruits; Fresh vegetables; Canned or preserved fruits/vegetables; Dairy products; ...||Feb 4th, 2019
NY|Open: Year-round<br>Available Products: Fresh fruits;Fresh vegetables;Dairy products;Dry beans;Eggs;Herbs;Grains/flour;Honey;Maple products;Mushrooms;Poultry/fowl meat and products;Wild harvested forest products;|Neil MIller|food hub|foodhub|1000||500166|default-foodhub-4-3.jpg|Farmshed Harvest Food Hub|2100 Park St, Syracuse, New York 13208|Lakefront|New York|2100 Park St|-76.169633|43.0741153|13208||www.facebook.com/farmshedharvest/||||www.farmshedharvest.com||Open: Year-round<br>Available Products: Fresh fruits; Fresh vegetables; Dairy products; Dry beans; Eggs; Herbs; Grains/flour; Honey; ...||Jan 23rd, 2018
NY|Open: Year-round<br>Available Products: Fresh fruits;Fresh vegetables;Baked goods;Canned or preserved fruits/vegetables;Coffee/tea;Dairy products;Dry beans;Eggs;Poultry/fowl meat and products;Red/other non-poultry meat and products;||food hub|foodhub|1000||500024|default-foodhub-4-3.jpg|Headwater Foods, Inc|PO Box 10148, Rochester, New York 14610|Rochester|New York||-77.544745|43.142994|14610||https://www.facebook.com/TheGoodFoodCollective||||http://thegoodfoodcollective.com/||Open: Year-round<br>Available Products: Fresh fruits; Fresh vegetables; Baked goods; Canned or preserved fruits/vegetables; Coffee/tea; Dairy ...||Jul 27th, 2014
NY|Open: Year-round<br>Available Products: Fresh fruits;Fresh vegetables;Dairy products;Eggs;|Mitch Gruber|food hub|foodhub|1000||500023|default-foodhub-4-3.jpg|Foodlink Food Hub|1999 Mt Read Boulevard, Rochester, New York 14615|Maplewood Historic District|New York|1999 Mt Read Blvd|-77.660720|43.1903849|14615||https://www.facebook.com/FoodlinkNY||||http://www.foodlinkny.org||Open: Year-round<br>Available Products: Fresh fruits; Fresh vegetables; Dairy products; Eggs; ||Jul 28th, 2014
NY|Open: Year-round<br>Available Products: Fresh fruits;Fresh vegetables;Baked goods;Canned or preserved fruits/vegetables;Coffee/tea;Cut flowers;Dairy products;Dry beans;Eggs;Fish/seafood;Herbs;Grains/flour;Honey;Juices/non-alcoholic ciders;Maple products;Mushrooms;Poultry/fowl meat and products;Red/other non-poultry meat and products;|Lee Van de Water|food hub|foodhub|1000||500201|default-foodhub-4-3.jpg|North Star Food Hub|4012 Center St, Lyons Falls, New York 13368|Lyons Falls|New York|4012 Center St|-75.360946|43.6185628|13368||www.facebook.com/Northstarfoodhub/||||www.northstarfoodhub.com||Open: Year-round<br>Available Products: Fresh fruits; Fresh vegetables; Baked goods; Canned or preserved fruits/vegetables; Coffee/tea; Cut ...||Mar 11th, 2020
NY|Open: Year-round<br>Available Products: Fresh fruits;Fresh vegetables;Canned or preserved fruits/vegetables;Juices/non-alcoholic ciders;Wine/spirits/beer/hard cider;Juice Concentrates, Frozen Fruits and Purees;|Keith Schare|food hub|foodhub|1000||500082|default-foodhub-4-3.jpg|Schare & Associates, INC|307A Woods Ave., Oceanside, New York 11572|Oceanside|New York|307A Woods Ave|-73.641826|40.6425766|11572||||||http://juicedeals.com||Open: Year-round<br>Available Products: Fresh fruits; Fresh vegetables; Canned or preserved fruits/vegetables; Juices/non-alcoholic ciders; Wine/spirits/beer/hard cider; ...||May 17th, 2018
NY|Open: Year-round<br>Available Products: Fresh fruits;Fresh vegetables;Dairy products;Eggs;Juices/non-alcoholic ciders;Mushrooms;Poultry/fowl meat and products;Wild harvested forest products;|BRIAN MAZZELLA|food hub|foodhub|1000||500098|default-foodhub-4-3.jpg|FARM FRESH|571 AUSTIN PLACE, BRONX, New York 10455|Woodstock|New York|571 Austin Pl|-73.901937|40.8114459|10455||||||WWW.FARMFRESHNY.COM||Open: Year-round<br>Available Products: Fresh fruits; Fresh vegetables; Dairy products; Eggs; Juices/non-alcoholic ciders; Mushrooms; Poultry/fowl meat ...||Nov 11th, 2015
NY|Open: Year-round<br>Available Products: Fresh fruits;Fresh vegetables;Dairy products;Eggs;Herbs;Grains/flour;Maple products;Poultry/fowl meat and products;|Sonia Janiszewski|food hub|foodhub|1000||500075|default-foodhub-4-3.jpg|Lucky Dog Local Food Hub|, Hamden, New York 13782|Hamden|New York||-74.994608|42.1911969|13782||https://www.facebook.com/Lucky.Dog.Farm.And.Store||||http://www.luckydogorganic.com/||Open: Year-round<br>Available Products: Fresh fruits; Fresh vegetables; Dairy products; Eggs; Herbs; Grains/flour; Maple products; Poultry/fowl ...||Nov 2nd, 2014
NY|Open: Year-round<br>Available Products: Fresh fruits;Fresh vegetables;Dry beans;Eggs;Herbs;Grains/flour;Honey;Maple products;Mushrooms;Wild harvested forest products;|Olivia Blanchflower|food hub|foodhub|1000||500198|default-foodhub-4-3.jpg|Greenmarket Co.|660 Casanova Street, Bronx , New York 10474|Hunts Point|New York|660 Casanova St|-73.889799|40.813503|10474||||||100 Gold Street||Open: Year-round<br>Available Products: Fresh fruits; Fresh vegetables; Dry beans; Eggs; Herbs; Grains/flour; Honey; Maple products; ...||Sep 6th, 2019
NC|Open: Year-round<br>Available Products: Fresh fruits;Fresh vegetables;Baked goods;Canned or preserved fruits/vegetables;Eggs;Herbs;Honey;Juices/non-alcoholic ciders;Mushrooms;|Karla Capacetti|food hub|foodhub|1000||500077|default-foodhub-4-3.jpg|POP Market|105 Hood St, Suite 5, Durham, North Carolina 27704|Downtown|North Carolina|105 Hood St|-78.893209|35.9901572|27704||https://www.facebook.com/farmerfoodshare||||http://www.farmerfoodshare.org/programs/pop-food-market/||Open: Year-round<br>Available Products: Fresh fruits; Fresh vegetables; Baked goods; Canned or preserved fruits/vegetables; Eggs; Herbs; ...||Apr 17th, 2015
NC|Open: February to December<br>TPB started in 2008 (when there were almost NO subscription or delivery businesses)  out of a garage working with 1 farmer. Since then, The Produce Box has grown to 11,000 members, 50+ corporate and nonprofit partnerships that support more than 40 farmers and 60 artisan food businesses as well as many food-insecure families across North Carolina. And the TPB staff has grown too – from one stay-at-home mom in her garage to more than 150 moms and dads delivering boxes in the neighborhoods they live in.<br>Available Products: Fresh fruits;Fresh vegetables;Baked goods;Canned or preserved fruits/vegetables;Coffee/tea;Dairy products;Dry beans;Fish/seafood;Herbs;Grains/flour;Honey;Juices/non-alcoholic ciders;Maple products;Mushrooms;Nuts;Poultry/fowl meat and products;Red/other non-poultry meat and products;|Courtney Tellefsen|food hub|foodhub|1000|TPB started in 2008 (when there were almost NO subscription or delivery businesses)  out of a garage working with 1 farmer. Since then, The Produce Box has grown to 11,000 members, 50+ corporate and nonprofit partnerships that support more than 40 farmers and 60 artisan food businesses as well as many food-insecure families across North Carolina. And the TPB staff has grown too – from one stay-at-home mom in her garage to more than 150 moms and dads delivering boxes in the neighborhoods they live in.|500120|foodhub_500120_12365_20220401093323.png|The Produce Box|900 Withers Road, Raleigh, North Carolina 27603|Raleigh|North Carolina|900 Withers Rd|-78.661271|35.7310589|27603||https://www.facebook.com/TheProduceBox/||||www.theproducebox.com||Open: February to December<br>TPB started in 2008 (when there were almost NO subscription or delivery ...||Apr 1st, 2022
NC|Open: Year-round<br>Available Products: Fresh fruits;Fresh vegetables;Baked goods;Canned or preserved fruits/vegetables;Coffee/tea;Cut flowers;Dairy products;Eggs;Fish/seafood;Herbs;Honey;Poultry/fowl meat and products;Red/other non-poultry meat and products;Soap/body care products;Wild harvested forest products;|Taylor Campbell|food hub|foodhub|1000||500191|foodhub_500191_12302_20220329142914.png|High Country Food Hub|252 Poplar Grove Rd, Boone, North Carolina 28607|Boone|North Carolina|252 Poplar Grove Rd|-81.688715|36.2204478|28607||https://www.facebook.com/HighCountryFoodHub/|https://www.instagram.com/highcountryfoodhub/|||http://highcountryfoodhub.org||Open: Year-round<br>Available Products: Fresh fruits; Fresh vegetables; Baked goods; Canned or preserved fruits/vegetables; Coffee/tea; Cut ...||Apr 1st, 2022
NC|Open: Year-round<br>Available Products: Fresh fruits;Fresh vegetables;Baked goods;Canned or preserved fruits/vegetables;Coffee/tea;Cut flowers;Dairy products;Eggs;Herbs;Grains/flour;Honey;Mushrooms;Nuts;Poultry/fowl meat and products;Red/other non-poultry meat and products;Wild harvested forest products;|Erin Bradley|food hub|foodhub|1000||500207|default-foodhub-4-3.jpg|Freshlist|1300 Pegram St, Charlotte, North Carolina 28205|Belmont|North Carolina|1300 Pegram St|-80.817012|35.2284947|28205||Freshlist||||www.freshlist.com||Open: Year-round<br>Available Products: Fresh fruits; Fresh vegetables; Baked goods; Canned or preserved fruits/vegetables; Coffee/tea; Cut ...||Apr 28th, 2020
NC|Open: Year-round<br>Available Products: Fresh vegetables;|Tim Williams|food hub|foodhub|1000||500150|default-foodhub-4-3.jpg|Working Landscapes Produce Center|221 W Franklin Street, Warrenton, North Carolina 27589|Warrenton|North Carolina|221 W Franklin St|-78.160403|36.3979526|27589||facebook.com/workinglandscapes||||www.workinglandscapesnc.org||Open: Year-round<br>Available Products: Fresh vegetables; ||Aug 31st, 2017
NC|Open: Year-round<br>Available Products: Fresh fruits;Fresh vegetables;Herbs;Mushrooms;|Joshua Cave|food hub|foodhub|1000||500019|default-foodhub-4-3.jpg|Pilot Mountain Pride|612 East Main Street, Pilot Mountain, North Carolina 27041|Pilot Mountain|North Carolina|612 E Main St|-80.456727|36.3824408|27041||https://www.facebook.com/pages/Pilot-Mountain-Pride/171380786285701?fref=ts||||http://pilotmountainpride.blogspot.com/||Open: Year-round<br>Available Products: Fresh fruits; Fresh vegetables; Herbs; Mushrooms; ||Jul 25th, 2014
NC|Open: Year-round<br>Available Products: Fresh fruits;Fresh vegetables;Dairy products;Eggs;Herbs;Honey;Mushrooms;Poultry/fowl meat and products;Red/other non-poultry meat and products;|Zach LaVere|food hub|foodhub|1000||500135|default-foodhub-4-3.jpg|Feast Down East Food Hub|115 S. Dickerson Street, Burgaw, North Carolina 27425|Burgaw|North Carolina|115 S Dickerson St|-77.927926|34.549773|27425||https://www.facebook.com/FeastDownEast/|||@feastdowneast|www.feastdowneast.org||Open: Year-round<br>Available Products: Fresh fruits; Fresh vegetables; Dairy products; Eggs; Herbs; Honey; Mushrooms; Poultry/fowl meat ...||Jul 5th, 2017
NC|Open: May to December<br>Available Products: Fresh fruits;Fresh vegetables;Baked goods;Canned or preserved fruits/vegetables;Dairy products;Dry beans;Eggs;Fish/seafood;Herbs;Grains/flour;Nuts;Poultry/fowl meat and products;Red/other non-poultry meat and products;|Maxine White|food hub|foodhub|1000||500133|default-foodhub-4-3.jpg|CHE Community Food Hub|171 SE Railroad Street, Bethel, North Carolina 27812|Bethel|North Carolina|171 SE Railroad St|-77.369901|35.8086803|27812||checfh|||@checfh|www.checfh.org||Open: May to December<br>Available Products: Fresh fruits; Fresh vegetables; Baked goods; Canned or preserved fruits/vegetables; ...||Jun 1st, 2017
NC|Open: Year-round<br>Available Products: Fresh fruits;Fresh vegetables;Canned or preserved fruits/vegetables;Dairy products;Eggs;Herbs;Grains/flour;Honey;Mushrooms;Poultry/fowl meat and products;Red/other non-poultry meat and products;|Michael Graf|food hub|foodhub|1000||500171|default-foodhub-4-3.jpg|TRACTOR Food and Farms|54 Ferguson Hill Road, Burnsville, North Carolina 28714|Burnsville|North Carolina|54 Ferguson Hill Rd|-82.312034|35.9118385|28714||https://www.facebook.com/tractorfoodandfarms/||||tractorfoodandfarms.com||Open: Year-round<br>Available Products: Fresh fruits; Fresh vegetables; Canned or preserved fruits/vegetables; Dairy products; Eggs; Herbs; ...||Mar 28th, 2018
NC|Open: Year-round<br>Available Products: Fresh vegetables;Canned or preserved fruits/vegetables;Dairy products;Grains/flour;Honey;Mushrooms;|Sandi Kronick|food hub|foodhub|1000||500128|default-foodhub-4-3.jpg|Eastern Carolina Organics|2210 E. Pettigrew Street,  Suite A, Durham, North Carolina 27703|East Durham|North Carolina|2210 E Pettigrew St|-78.87784|35.97855|27703||https://www.facebook.com/easterncarolinaorganics/||||www.easterncarolinaorganics.com||Open: Year-round<br>Available Products: Fresh vegetables; Canned or preserved fruits/vegetables; Dairy products; Grains/flour; Honey; Mushrooms; ||May 9th, 2017
NC|Open: August to December<br>Available Products: Fresh fruits;Fresh vegetables;Baked goods;Coffee/tea;Cut flowers;Dairy products;Eggs;Herbs;Green household products;Maple products;Mushrooms;Soap/body care products;|Lisa McBride|food hub|foodhub|1000||500214|default-foodhub-4-3.jpg|WNC Farm toTable|1781 WAYEHUTTA RD, Cullowhee, North Carolina 28723|Cullowhee|North Carolina|1781 Wayehutta Rd|-83.157802|35.3224064|28723||https://www.facebook.com/wncfarmtotable||||http://wncfarmtotable.com||Open: August to December<br>Available Products: Fresh fruits; Fresh vegetables; Baked goods; Coffee/tea; Cut flowers; Dairy ...||Nov 9th, 2020
NC|Open: Year-round<br>Available Products: Fish/seafood;|Debra Callaway|food hub|foodhub|1000||500018|default-foodhub-4-3.jpg|Walking Fish Cooperative|P.O. Box 2357, Beaufort, North Carolina 28516|Beaufort|North Carolina||-76.663818|34.7182174|28516||https://www.facebook.com/WalkingFishCSF||||www.walking-fish.org||Open: Year-round<br>Available Products: Fish/seafood; ||Sep 17th, 2014
NC|Open: Year-round<br>Available Products: Fresh fruits;Fresh vegetables;Baked goods;Canned or preserved fruits/vegetables;Honey;Red/other non-poultry meat and products;|Benjamin Filippo|food hub|foodhub|1000||500096|default-foodhub-4-3.jpg|Foster-Caviness Food Hub|5929 Triangle Drive, Raleigh, North Carolina 27617|Umstead|North Carolina|5929 Triangle Dr|-78.745008|35.8937728|27617||https://www.facebook.com/FosterCaviness?fref=ts|||https://twitter.com/FosterCaviness1|www.foster-caviness.com||Open: Year-round<br>Available Products: Fresh fruits; Fresh vegetables; Baked goods; Canned or preserved fruits/vegetables; Honey; Red/other ...||Sep 9th, 2015
ND|Open: Year-round<br>Available Products: Fresh fruits;Fresh vegetables;Baked goods;Canned or preserved fruits/vegetables;Coffee/tea;Cut flowers;Dairy products;Eggs;Fish/seafood;Herbs;Grains/flour;Green household products;Honey;Maple products;Mushrooms;Nuts;Poultry/fowl meat and products;Red/other non-poultry meat and products;Soap/body care products;Wild harvested forest products;|Trish Bellmore|food hub|foodhub|1000||500182|default-foodhub-4-3.jpg|Fresh Local Food Collaborative of SE Indiana|15731 CRESCENT DR, AURORA, Indiana 47001|Aurora|Indiana|15731 Crescent Dr|-84.921301|39.0997924|47001||https://www.facebook.com/ginnfarms.org/?ref=settings|||n/a|www.ginnfarms.org||Open: Year-round<br>Available Products: Fresh fruits; Fresh vegetables; Baked goods; Canned or preserved fruits/vegetables; Coffee/tea; Cut ...||Dec 30th, 2018
ND|Open: Year-round<br>Available Products: Fresh fruits;Fresh vegetables;Baked goods;Cut flowers;Dairy products;Dry beans;Eggs;Herbs;Grains/flour;Green household products;Honey;Maple products;Mushrooms;Pet food;Poultry/fowl meat and products;Red/other non-poultry meat and products;Soap/body care products;Wild harvested forest products;fermented products;|Michael Morrow|food hub|foodhub|1000||500007|default-foodhub-4-3.jpg|Hoosier Harvest Market|802 North Apple Street, Greenfield, Indiana 46140|Greenfield|Indiana|802 Apple St|-85.756210|39.7931106|46140||https://www.facebook.com/HoosierHarvestMarket|||https://twitter.com/HoosierHarvest|www.hoosierharvestmarket.com||Open: Year-round<br>Available Products: Fresh fruits; Fresh vegetables; Baked goods; Cut flowers; Dairy products; Dry beans; ...||Jul 30th, 2014
ND|Open: Year-round<br>Available Products: Fresh vegetables;Canned or preserved fruits/vegetables;Coffee/tea;Dairy products;Dry beans;Eggs;Grains/flour;Honey;Maple products;Poultry/fowl meat and products;Red/other non-poultry meat and products;Soap/body care products;|Jessica Smith|food hub|foodhub|1000||500126|default-foodhub-4-3.jpg|This Old Farm, Inc.|9572 W County Road 650 S , Colfax, Indiana 46035|Colfax|Indiana|9572 W Co Rd 650 S|-86.685933|40.1937786|46035||www.facebook.com/thisoldfarm||||www.thisoldfarm.com||Open: Year-round<br>Available Products: Fresh vegetables; Canned or preserved fruits/vegetables; Coffee/tea; Dairy products; Dry beans; Eggs; ...||May 3rd, 2017
OH|Open: Year-round<br>Available Products: Dry beans;Grains/flour;Tofu/non-animal protein;|Michelle Ajamian|food hub|foodhub|1000||500141|default-foodhub-4-3.jpg|Shagbark Seed & Mill|88 Columbus Circle, Athens, Ohio 45701|Athens|Ohio|88 Columbus Cir|-82.096115|39.3475893|45701||https://www.facebook.com/shagbarkseedandmill/?ref=bookmarks|||@shagbarkmill|www.shagbarkmill.com||Open: Year-round<br>Available Products: Dry beans; Grains/flour; Tofu/non-animal protein; ||Aug 25th, 2017
OH|Open: Year-round<br>Available Products: Fresh fruits;Fresh vegetables;Canned or preserved fruits/vegetables;Coffee/tea;Cut flowers;Dairy products;Dry beans;Eggs;Herbs;Honey;Poultry/fowl meat and products;Red/other non-poultry meat and products;Soap/body care products;|Kristin Gangwer|food hub|foodhub|1000||500145|default-foodhub-4-3.jpg|Our Harvest Cooperative|1250 Tennessee Avenue, Cincinnati, Ohio 45229|Bond Hill|Ohio|1250 Tennessee Ave|-84.476161|39.1690514|45229||https://www.facebook.com/OurHarvestCoop/||||http://www.ourharvest.coop/||Open: Year-round<br>Available Products: Fresh fruits; Fresh vegetables; Canned or preserved fruits/vegetables; Coffee/tea; Cut flowers; Dairy ...||Aug 28th, 2017
OH|Open: Year-round<br>Available Products: Fresh fruits;Fresh vegetables;Canned or preserved fruits/vegetables;Cut flowers;Dairy products;Dry beans;Eggs;Herbs;Grains/flour;Honey;Juices/non-alcoholic ciders;Maple products;Mushrooms;Poultry/fowl meat and products;Red/other non-poultry meat and products;Tofu/non-animal protein;|Cullen Naumoff|food hub|foodhub|1000||500113|default-foodhub-4-3.jpg|Oberlin Food Hub|23 Eric Nord Way, Suite 9, Oberlin, Ohio 44074|Oberlin|Ohio|23 Eric Nord Way|-82.215583|41.2910715|44074||https://www.facebook.com/oberlinfoodhub/||||www.oberlinfoodhub.com||Open: Year-round<br>Available Products: Fresh fruits; Fresh vegetables; Canned or preserved fruits/vegetables; Cut flowers; Dairy products; ...||Feb 15th, 2017
OH|Open: Year-round<br>Available Products: Fresh fruits;Fresh vegetables;Baked goods;Canned or preserved fruits/vegetables;Coffee/tea;Cut flowers;Dairy products;Eggs;Herbs;Grains/flour;Honey;Juices/non-alcoholic ciders;Maple products;Poultry/fowl meat and products;Red/other non-poultry meat and products;Wild harvested forest products;|Zac Rheinberger|food hub|foodhub|1000||500167|default-foodhub-4-3.jpg|Cleveland Food HUb|7501 carnegie, Cleveland , Ohio 44115|Fairfax|Ohio|7501 Carnegie Ave|-81.636407|41.5016692|44115||||||Clevelandfoodhub.com||Open: Year-round<br>Available Products: Fresh fruits; Fresh vegetables; Baked goods; Canned or preserved fruits/vegetables; Coffee/tea; Cut ...||Jan 24th, 2018
OH|Open: Year-round<br>Available Products: Fresh fruits;Fresh vegetables;Baked goods;Canned or preserved fruits/vegetables;Coffee/tea;Cut flowers;Dairy products;Dry beans;Eggs;Fish/seafood;Herbs;Grains/flour;Green household products;Honey;Juices/non-alcoholic ciders;Maple products;Mushrooms;Nuts;Pet food;Poultry/fowl meat and products;Red/other non-poultry meat and products;Soap/body care products;Tofu/non-animal protein;Wild harvested forest products;|Jessica Eikleberry|food hub|foodhub|1000||500106|default-foodhub-4-3.jpg|Local Roots Market & Caf (Wooster Local Foods Cooperative)|140 S. Walnut St., Wooster, Ohio 44691|Wooster|Ohio|140 S Walnut St|-81.941140|40.7972613|44691||https://www.facebook.com/localrootswoo/|||https://twitter.com/localrootswoo|http://www.localrootswooster.com/||Open: Year-round<br>Available Products: Fresh fruits; Fresh vegetables; Baked goods; Canned or preserved fruits/vegetables; Coffee/tea; Cut ...||Jul 9th, 2016
OH|Open: Year-round<br>Available Products: Fresh fruits;Fresh vegetables;Baked goods;Canned or preserved fruits/vegetables;Coffee/tea;Dairy products;Dry beans;Eggs;Herbs;Grains/flour;Honey;Juices/non-alcoholic ciders;Maple products;Nuts;Poultry/fowl meat and products;Red/other non-poultry meat and products;Soap/body care products;|Melissa Miller|food hub|foodhub|1000||500080|default-foodhub-4-3.jpg|Lake-to-River Food Hub|901 Elm Street, Youngstown, Ohio 44505|Wick Park|Ohio|901 Elm St|-80.645271|41.1124748|44505||||||https://www.localfoodmarketplace.com/laketoriver/||Open: Year-round<br>Available Products: Fresh fruits; Fresh vegetables; Baked goods; Canned or preserved fruits/vegetables; Coffee/tea; Dairy ...||Mar 19th, 2015
OH|Open: Year-round<br>Available Products: Fresh fruits;Fresh vegetables;Baked goods;Canned or preserved fruits/vegetables;Coffee/tea;Cut flowers;Dairy products;Dry beans;Eggs;Herbs;Grains/flour;Honey;Maple products;Nuts;Poultry/fowl meat and products;Red/other non-poultry meat and products;|Monique Tressler|food hub|foodhub|1000||500087|default-foodhub-4-3.jpg|All Things Food|114 N Main Street, Bryan, Ohio 43506|Bryan|Ohio|114 N Main St|-84.550617|41.4749908|43506||All Things Food||||www.allthingsfoodllc.com||Open: Year-round<br>Available Products: Fresh fruits; Fresh vegetables; Baked goods; Canned or preserved fruits/vegetables; Coffee/tea; Cut ...||Mar 22nd, 2015
OH|Open: Year-round<br>Available Products: Fresh fruits;Fresh vegetables;Baked goods;Canned or preserved fruits/vegetables;Coffee/tea;Dairy products;Dry beans;Eggs;Fish/seafood;Herbs;Grains/flour;Green household products;Honey;Juices/non-alcoholic ciders;Maple products;Mushrooms;Nuts;Poultry/fowl meat and products;Red/other non-poultry meat and products;Soap/body care products;Tofu/non-animal protein;Wild harvested forest products;Wine/spirits/beer/hard cider;Local Art and Fair Trade Gifts;|Diane Flowers|food hub|foodhub|1000||500091|default-foodhub-4-3.jpg|Bexley Natural Market|508 N Cassady Ave, Bexley, Ohio 43209|Bellwood|Ohio|508 N Cassady Ave|-82.931689|39.9809567|43209||https://www.facebook.com/pages/Bexley-Natural-Market/138119392874003?ref=hl|||https://twitter.com/BexleyNM|www.bexleynaturalmarket.org||Open: Year-round<br>Available Products: Fresh fruits; Fresh vegetables; Baked goods; Canned or preserved fruits/vegetables; Coffee/tea; Dairy ...||May 11th, 2015
OK|Open: Year-round<br>Available Products: Fresh fruits;Fresh vegetables;Baked goods;Canned or preserved fruits/vegetables;Coffee/tea;Cut flowers;Dairy products;Dry beans;Eggs;Herbs;Grains/flour;Green household products;Honey;Mushrooms;Nuts;Pet food;Poultry/fowl meat and products;Red/other non-poultry meat and products;Soap/body care products;|Adam Price|food hub|foodhub|1000||500026|default-foodhub-4-3.jpg|Oklahoma Food Cooperative|1305 SW 2nd St., Oklahoma City, Oklahoma 73108|Central Oklahoma City|Oklahoma|1305 SW 2nd St|-97.535039|35.4636134|73108||https://www.facebook.com/oklahomafood||||http://www.oklahomafood.coop/||Open: Year-round<br>Available Products: Fresh fruits; Fresh vegetables; Baked goods; Canned or preserved fruits/vegetables; Coffee/tea; Cut ...||Aug 26th, 2014
OK|Open: Year-round<br>Available Products: Fresh fruits;Fresh vegetables;Baked goods;Canned or preserved fruits/vegetables;Coffee/tea;Dairy products;Eggs;Herbs;Grains/flour;Green household products;Honey;Mushrooms;Nuts;Poultry/fowl meat and products;Red/other non-poultry meat and products;Soap/body care products;Wild harvested forest products;|Matthew Burch|food hub|foodhub|1000||500025|default-foodhub-4-3.jpg|Earth to Urban Local Food Hub|1235 SW 2ND ST, Oklahoma City, Oklahoma 73108|Central Oklahoma City|Oklahoma|1235 SW 2nd St|-97.534074|35.463579|73108||https://www.facebook.com/urbanagrarian|||https://twitter.com/UrbanAgrarian|http://www.urbanagrarian.com||Open: Year-round<br>Available Products: Fresh fruits; Fresh vegetables; Baked goods; Canned or preserved fruits/vegetables; Coffee/tea; Dairy ...||Jul 29th, 2014
PA|Open: Year-round<br>Available Products: Fresh fruits;Fresh vegetables;Herbs;Mushrooms;|Christine Hofmann|food hub|foodhub|1000||500052|default-foodhub-4-3.jpg|Philadelphia Wholesale Produce Market|6700 Essington Avenue, Philadelphia, Pennsylvania 19153|Eastwick|Pennsylvania|6700 Essington Ave|-75.220557|39.9097834|19153||https://www.facebook.com/pwpmproducemkt?ref=hl|||https://twitter.com/pwpmproducemkt|http://www.pwpm.net||Open: Year-round<br>Available Products: Fresh fruits; Fresh vegetables; Herbs; Mushrooms; ||Aug 25th, 2014
PA|Open: Year-round<br>Available Products: Fresh fruits;Fresh vegetables;Baked goods;Canned or preserved fruits/vegetables;Dairy products;Eggs;Fish/seafood;Grains/flour;Honey;Juices/non-alcoholic ciders;Maple products;Mushrooms;Poultry/fowl meat and products;Red/other non-poultry meat and products;Tofu/non-animal protein;|Audrey Huntington|food hub|foodhub|1000||500139|default-foodhub-4-3.jpg|The Common Market Mid-Atlantic|428 E Erie Ave, Philadelphia, Pennsylvania 19134|North Philadelphia|Pennsylvania|428 E Erie Ave|-75.119989|40.0059901|19134||https://www.facebook.com/commonmkt/|||https://twitter.com/commonmkt?lang=en|thecommonmarket.org||Open: Year-round<br>Available Products: Fresh fruits; Fresh vegetables; Baked goods; Canned or preserved fruits/vegetables; Dairy products; ...||Aug 25th, 2017
PA|Open: Year-round<br>Available Products: Fresh vegetables;Baked goods;Dairy products;Eggs;Herbs;Honey;Poultry/fowl meat and products;Red/other non-poultry meat and products;|Rebecca Coulter|food hub|foodhub|1000||500057|default-foodhub-4-3.jpg|Coulter farms|, honey grove, Pennsylvania|Honey Grove|Pennsylvania||-77.552211|40.4023025|||||||www.coulterfarms.net||Open: Year-round<br>Available Products: Fresh vegetables; Baked goods; Dairy products; Eggs; Herbs; Honey; Poultry/fowl meat and ...||Aug 26th, 2014
PA|Open: Year-round<br>Available Products: Fresh fruits;Fresh vegetables;Dairy products;Eggs;Honey;Maple products;Mushrooms;Poultry/fowl meat and products;Red/other non-poultry meat and products;|Travis Lesser|food hub|foodhub|1000||500210|default-foodhub-4-3.jpg|Appalachian Food Works|, STATE COLLEGE, Pennsylvania 16801|State College|Pennsylvania||-77.860001|40.7933949|16801||facebook.com/appfoodworks||||appalachianfoodworks.org||Open: Year-round<br>Available Products: Fresh fruits; Fresh vegetables; Dairy products; Eggs; Honey; Maple products; Mushrooms; Poultry/fowl ...||Aug 4th, 2020
PA|Open: Year-round<br>Available Products: Fresh fruits;Fresh vegetables;Juices/non-alcoholic ciders;|Diane Staz|food hub|foodhub|1000||500161|default-foodhub-4-3.jpg|South Central PA Harvest Hub|653 S Baltimore, Dillsburg, Pennsylvania 17019|Dillsburg|Pennsylvania|653 S Baltimore St|-77.031053|40.0937666|17019||https://www.facebook.com/scpafood/|||https://twitter.com/scpafood|http://www.scpafood.com||Open: Year-round<br>Available Products: Fresh fruits; Fresh vegetables; Juices/non-alcoholic ciders; ||Jan 10th, 2018
PA|Open: Year-round<br>Available Products: Fresh fruits;Fresh vegetables;Baked goods;Canned or preserved fruits/vegetables;Coffee/tea;Dairy products;Eggs;Herbs;Grains/flour;Honey;Maple products;Mushrooms;Poultry/fowl meat and products;Red/other non-poultry meat and products;Soap/body care products;|David Nowacoski|food hub|foodhub|1000||500183|default-foodhub-4-3.jpg|Delivered Fresh|231 Windstone Lane, Columbia Cross Roads, Pennsylvania 16914|Columbia Cross Roads|Pennsylvania|231 Windstone Ln|-76.671151|41.8507082|16914||DeliveredFresh||||Www.DeliveredFresh.Store||Open: Year-round<br>Available Products: Fresh fruits; Fresh vegetables; Baked goods; Canned or preserved fruits/vegetables; Coffee/tea; Dairy ...||Jan 1st, 2019
PA|Open: Year-round<br>Available Products: Fresh fruits;Fresh vegetables;Canned or preserved fruits/vegetables;Dairy products;Eggs;Herbs;Grains/flour;Maple products;Poultry/fowl meat and products;Red/other non-poultry meat and products;|Zebulan Bartels|food hub|foodhub|1000||500030|default-foodhub-4-3.jpg|Clarion River Organics|824 Whitmer Road, Sligo, Pennsylvania 16255|Sligo|Pennsylvania|824 Whitmer Rd|-79.539049|41.1338763|16255||https://www.facebook.com/ClarionRiverOrganics?fref=ts||||http://www.clarionriverorganics.com||Open: Year-round<br>Available Products: Fresh fruits; Fresh vegetables; Canned or preserved fruits/vegetables; Dairy products; Eggs; Herbs; ...||Jul 31st, 2014
PA|Open: Year-round<br>Available Products: Fresh fruits;Fresh vegetables;Baked goods;Canned or preserved fruits/vegetables;Coffee/tea;Cut flowers;Dairy products;Eggs;Herbs;Grains/flour;Honey;Juices/non-alcoholic ciders;Maple products;Mushrooms;Poultry/fowl meat and products;Red/other non-poultry meat and products;Tofu/non-animal protein;Wild harvested forest products;|Julia James|food hub|foodhub|1000||500101|default-foodhub-4-3.jpg|Radish & Rye Food Hub, Ltd|1233 N Third Street, Harrisburg, Pennsylvania 17102|Midtown|Pennsylvania|1233 N 3rd St|-76.888535|40.2697906|17102||https://www.facebook.com/radishandryefood/||||http://radishandryefood.com/||Open: Year-round<br>Available Products: Fresh fruits; Fresh vegetables; Baked goods; Canned or preserved fruits/vegetables; Coffee/tea; Cut ...||Mar 21st, 2016
PA|Open: Year-round<br>Available Products: Fresh fruits;Fresh vegetables;Baked goods;Canned or preserved fruits/vegetables;Coffee/tea;Cut flowers;Dairy products;Dry beans;Eggs;Herbs;Honey;Juices/non-alcoholic ciders;Maple products;Mushrooms;Nuts;Poultry/fowl meat and products;Red/other non-poultry meat and products;Soap/body care products;Tofu/non-animal protein;Wild harvested forest products;|Sabine Carey|food hub|foodhub|1000||500224|default-foodhub-4-3.jpg|Centre Markets LLC|2331 Commercial Blvd, State College, Pennsylvania 16801|State College|Pennsylvania|2331 Commercial Blvd|-77.812470|40.8243985|16801||https://www.facebook.com/centremarkets||||centremarkets.com||Open: Year-round<br>Available Products: Fresh fruits; Fresh vegetables; Baked goods; Canned or preserved fruits/vegetables; Coffee/tea; Cut ...||Nov 19th, 2021
PA|Open: Year-round<br>Available Products: Grains/flour;|Joel or Elaine or Eric Steigman|food hub|foodhub|1000||500067|default-foodhub-4-3.jpg|small valley milling|917 small valley road, Halifax, Pennsylvania 17032|Halifax|Pennsylvania|917 Small Valley Rd|-76.806746|40.496213|17032||||||smallvalleymilling.com||Open: Year-round<br>Available Products: Grains/flour; ||Sep 13th, 2014
PA|Open: Year-round<br>Available Products: Fresh fruits;Fresh vegetables;Canned or preserved fruits/vegetables;Coffee/tea;Cut flowers;Dairy products;Eggs;Herbs;Grains/flour;Honey;Maple products;Mushrooms;Poultry/fowl meat and products;Red/other non-poultry meat and products;Soap/body care products;Wild harvested forest products;|Jeralyn Beach|food hub|foodhub|1000||500152|default-foodhub-4-3.jpg|Penns Corner Farm Alliance|150 54th Street, Pittsburgh, Pennsylvania 15201|Lawrenceville|Pennsylvania|150 54th St|-79.952364|40.4832131|15201||https://www.facebook.com/PennsCorner/|||@pennscorner|http://pennscorner.com/||Open: Year-round<br>Available Products: Fresh fruits; Fresh vegetables; Canned or preserved fruits/vegetables; Coffee/tea; Cut flowers; Dairy ...||Sep 7th, 2017
SC|Open: Year-round<br>Available Products: Fresh fruits;Fresh vegetables;Dairy products;Eggs;Herbs;Grains/flour;Honey;Mushrooms;Poultry/fowl meat and products;Red/other non-poultry meat and products;|Courtney Lee|food hub|foodhub|1000||500204|default-foodhub-4-3.jpg|Catawba Farm and Food Coalition|111 Columbia Street, Chester, South Carolina 29706|Chester|South Carolina|111 Columbia St|-81.213871|34.703881|29706||https://www.facebook.com/catawbafarmandfood/||||growagbusiness.com/||Open: Year-round<br>Available Products: Fresh fruits; Fresh vegetables; Dairy products; Eggs; Herbs; Grains/flour; Honey; Mushrooms; Poultry/fowl ...||Apr 19th, 2020
SC|Open: Year-round<br>Available Products: Fresh fruits;Fresh vegetables;Dairy products;Dry beans;Herbs;Grains/flour;Mushrooms;Nuts;Wild harvested forest products;|Sara Clow|food hub|foodhub|1000||500041|default-foodhub-4-3.jpg|GrowFood Carolina|990 Morrison Drive, Charleston, South Carolina 29401|Charleston|South Carolina|990 Morrison Dr|-79.942406|32.8072137|29401||https://www.facebook.com/GrowFoodCarolina|||https://twitter.com/growfoodchsgrowfoodchs|growfoodcarolina.com||Open: Year-round<br>Available Products: Fresh fruits; Fresh vegetables; Dairy products; Dry beans; Herbs; Grains/flour; Mushrooms; Nuts; ...||Aug 13th, 2014
SC|Open: Year-round<br>Available Products: Fresh fruits;Fresh vegetables;Baked goods;Dairy products;Dry beans;Eggs;Herbs;Grains/flour;Honey;Juices/non-alcoholic ciders;Maple products;Mushrooms;Nuts;Wild harvested forest products;|Stephen McRae|food hub|foodhub|1000||500186|default-foodhub-4-3.jpg|Swamp Rabbit Cafe & Grocery|205 Cedar Lane Rd, Greenville, South Carolina 29611|Greenville|South Carolina|205 Cedar Lane Rd|-82.421420|34.8694785|29611||||||http://swamprabbitcafe.com/food-hub/||Open: Year-round<br>Available Products: Fresh fruits; Fresh vegetables; Baked goods; Dairy products; Dry beans; Eggs; Herbs; ...||Feb 14th, 2019
SC|Open: Year-round<br>Available Products: Fresh fruits;Fresh vegetables;Baked goods;Canned or preserved fruits/vegetables;Coffee/tea;Cut flowers;Dairy products;Dry beans;Eggs;Fish/seafood;Herbs;Grains/flour;Honey;Juices/non-alcoholic ciders;Maple products;Mushrooms;Nuts;Pet food;Poultry/fowl meat and products;Red/other non-poultry meat and products;Soap/body care products;Tofu/non-animal protein;Wild harvested forest products;|Lindsey Barrow|food hub|foodhub|1000||500192|default-foodhub-4-3.jpg|Lowcountry Street Grocery|1630 Meeting Street Rd, Suite 109, Charleston, South Carolina 29405|Wagener Terrace|South Carolina|1630 Meeting Street Rd|-79.951187|32.8217476|29405||||||http://www.lowcountrystreetgrocery.com/||Open: Year-round<br>Available Products: Fresh fruits; Fresh vegetables; Baked goods; Canned or preserved fruits/vegetables; Coffee/tea; Cut ...||May 18th, 2019
SD|Open: April to November<br>Available Products: Fresh fruits;Fresh vegetables;Baked goods;Dry beans;Herbs;|Zita Kwartek|food hub|foodhub|1000||500051|default-foodhub-4-3.jpg|New Hope Farm|5161 Lamb Rd, Rapid City, South Dakota 57703|Rapid City|South Dakota|5161 Lamb Rd|-103.13776|44.0092409|57703||||||||Open: April to November<br>Available Products: Fresh fruits; Fresh vegetables; Baked goods; Dry beans; Herbs; ||Aug 24th, 2014
SD|Open: Year-round<br>Available Products: Fresh fruits;Fresh vegetables;Cut flowers;Eggs;Herbs;Honey;Poultry/fowl meat and products;Red/other non-poultry meat and products;Soap/body care products;Wild harvested forest products;|Connie McDonald|food hub|foodhub|1000||500218|default-foodhub-4-3.jpg|Dakota Fresh Food Hub|1191 E 72nd St N, Sioux Falls, South Dakota 57104|Sioux Falls|South Dakota|1191 E 72nd St N|-96.711045|43.6163648|57104||https://www.facebook.com/dakotafreshfoodhub||||www.dakotafreshllc.com||Open: Year-round<br>Available Products: Fresh fruits; Fresh vegetables; Cut flowers; Eggs; Herbs; Honey; Poultry/fowl meat and ...||Jul 16th, 2021
TN|Open: Year-round<br>Available Products: Fresh fruits;Fresh vegetables;Dairy products;Eggs;Honey;Mushrooms;|Ray Rollison|food hub|foodhub|1000||500103|default-foodhub-4-3.jpg|Harvested Here Food Hub|2009 Curtain Pole Road, Chattanooga, Tennessee 37406|Chattanooga|Tennessee|2009 Curtain Pole Rd|-85.275319|35.0624504|37406||Harvested Here Food Hub|||at harvested_here|www.harvestedhere.org||Open: Year-round<br>Available Products: Fresh fruits; Fresh vegetables; Dairy products; Eggs; Honey; Mushrooms; ||Apr 26th, 2016
TN|Open: Year-round<br>Available Products: Fresh fruits;Fresh vegetables;Baked goods;Canned or preserved fruits/vegetables;Coffee/tea;Cut flowers;Dairy products;Dry beans;Eggs;Fish/seafood;Herbs;Grains/flour;Green household products;Honey;Mushrooms;Nuts;Poultry/fowl meat and products;Red/other non-poultry meat and products;Soap/body care products;Tofu/non-animal protein;Wild harvested forest products;|Christopher Ray Dilliard|food hub|foodhub|1000||500197|default-foodhub-4-3.jpg|New South|, Memphis, Tennessee 38101|Memphis|Tennessee||-90.055410|35.1303035|38101||New South Produce Cooperative, Memphis||||www.newsouthcoop.com||Open: Year-round<br>Available Products: Fresh fruits; Fresh vegetables; Baked goods; Canned or preserved fruits/vegetables; Coffee/tea; Cut ...||Aug 13th, 2019
TN|Open: Year-round<br>Available Products: Fresh fruits;Fresh vegetables;Dairy products;Eggs;Poultry/fowl meat and products;Red/other non-poultry meat and products;|Laura Damron|food hub|foodhub|1000||500189|default-foodhub-4-3.jpg|Root Here|39 Ball Park Rd, Sewanee, Tennessee 37375|Sewanee|Tennessee|39 Ball Park Rd|-85.917217|35.1939932|37375||||||||Open: Year-round<br>Available Products: Fresh fruits; Fresh vegetables; Dairy products; Eggs; Poultry/fowl meat and products; Red/other ...||Mar 19th, 2019
TN|Open: Year-round<br>Available Products: Fresh fruits;Fresh vegetables;Dry beans;Eggs;Herbs;Grains/flour;Honey;Mushrooms;Nuts;Tofu/non-animal protein;Wild harvested forest products;|Alan Powell|food hub|foodhub|1000||500097|default-foodhub-4-3.jpg|Nashville Grown|4611 Alabama Ave, Nashville, Tennessee 37209|Nashville|Tennessee|4611 Alabama Ave|-86.843327|36.1530043|37209||https://www.facebook.com/nashvillegrown|||https://twitter.com/nashvillegrown|http://www.nashvillegrown.org||Open: Year-round<br>Available Products: Fresh fruits; Fresh vegetables; Dry beans; Eggs; Herbs; Grains/flour; Honey; Mushrooms; Nuts; ...||Oct 1st, 2015
TN|Open: Year-round<br>Available Products: Fresh fruits;Fresh vegetables;Canned or preserved fruits/vegetables;Eggs;Herbs;Grains/flour;Honey;Mushrooms;Poultry/fowl meat and products;|Rozie Schleinig|food hub|foodhub|1000||500066|default-foodhub-4-3.jpg|Bring It Food Hub|694 Madison Avenue, Memphis, Tennessee 38103|Medical District|Tennessee|694 Madison Ave|-90.037876|35.1413216|38103||https://www.facebook.com/pages/Bring-It-Food-Hub/1397498677172284?ref=hl|||https://twitter.com/BringItFoodHub|bringitfoodhub.com||Open: Year-round<br>Available Products: Fresh fruits; Fresh vegetables; Canned or preserved fruits/vegetables; Eggs; Herbs; Grains/flour; Honey; ...||Sep 10th, 2014
TX|Open: Year-round<br>Available Products: Fresh fruits;Fresh vegetables;Baked goods;Canned or preserved fruits/vegetables;Coffee/tea;Cut flowers;Dairy products;Dry beans;Eggs;Fish/seafood;Herbs;Grains/flour;Honey;Juices/non-alcoholic ciders;Mushrooms;Nuts;Poultry/fowl meat and products;Red/other non-poultry meat and products;Tofu/non-animal protein;Wild harvested forest products;|Farmhouse Delivery|food hub|foodhub|1000||500040|default-foodhub-4-3.jpg|Farmhouse Delivery|720 Bastrop Hwy, Austin, Texas 78741|Montopolis|Texas|720 Bastrop Hwy|-97.686098|30.2334446|78741||||||www.farmhousedelivery.com||Open: Year-round<br>Available Products: Fresh fruits; Fresh vegetables; Baked goods; Canned or preserved fruits/vegetables; Coffee/tea; Cut ...||Aug 12th, 2014
TX|Open: Year-round<br>Available Products: Fresh fruits;Fresh vegetables;|Mark Chang|food hub|foodhub|1000||500219|default-foodhub-4-3.jpg|Red Wagon Groves, Inc.|10414, Stonefield Pl, San Antonio, Texas 78254|Far West Side|Texas|10414 Stonefield Pl|-98.671307|29.5427319|78254||https://www.facebook.com/RedWagonGroves||||www.redwagongroves.com||Open: Year-round<br>Available Products: Fresh fruits; Fresh vegetables; ||Aug 14th, 2021
TX|Open: Year-round<br>Available Products: Fresh fruits;Fresh vegetables;Coffee/tea;Dairy products;Dry beans;Eggs;Herbs;Grains/flour;Honey;Mushrooms;Poultry/fowl meat and products;Red/other non-poultry meat and products;|Shaun Lee|food hub|foodhub|1000||500169|default-foodhub-4-3.jpg|Truckin' Tomato|10511 Wetmore Road, San Antonio, Texas 78216|Uptown|Texas|10511 Wetmore Rd|-98.451350|29.5371364|78216||https://www.facebook.com/TruckinTomato/||||http://www.truckintomato.com/||Open: Year-round<br>Available Products: Fresh fruits; Fresh vegetables; Coffee/tea; Dairy products; Dry beans; Eggs; Herbs; Grains/flour; ...||Jan 30th, 2018
TX|||food hub|foodhub|1000||500031|default-foodhub-4-3.jpg|Farm to Table|2604 Great Oaks Parkway, Austin, Texas 78756|Rosedale|Texas|2604 Great Oaks Pkwy|-97.748312|30.3203986|78756||https://www.facebook.com/FarmToTableTX||||http://www.farmtotabletx.com/||||Jul 25th, 2014
TX|Open: Year-round<br>Available Products: Fresh fruits;Fresh vegetables;Baked goods;Canned or preserved fruits/vegetables;Coffee/tea;Cut flowers;Dairy products;Eggs;Herbs;Grains/flour;Green household products;Honey;Mushrooms;Red/other non-poultry meat and products;Soap/body care products;Wild harvested forest products;meal kits;|Jeff Bednar|food hub|foodhub|1000||500209|default-foodhub-4-3.jpg|Profound Foods|, Lucas, Texas|Lucas|Texas||-96.576657|33.0842854|||https://www.facebook.com/profoundfoods/||||www.profoundfoods.com||Open: Year-round<br>Available Products: Fresh fruits; Fresh vegetables; Baked goods; Canned or preserved fruits/vegetables; Coffee/tea; Cut ...||Jul 31st, 2020
TX|Open: Year-round<br>Available Products: Fresh fruits;Fresh vegetables;Baked goods;Canned or preserved fruits/vegetables;Eggs;Honey;Mushrooms;Poultry/fowl meat and products;Red/other non-poultry meat and products;Soap/body care products;|Silk Waters|food hub|foodhub|1000||500134|default-foodhub-4-3.jpg|The Montalvo House Market|202 S. Ann Street, Brackettville, Texas 78832|Brackettville|Texas|202 S Ann St|-100.41526|29.313797|78832||The Montalvo House Market||||www.themontalvohouse.org||Open: Year-round<br>Available Products: Fresh fruits; Fresh vegetables; Baked goods; Canned or preserved fruits/vegetables; Eggs; Honey; ...||Jun 26th, 2017
TX|Open: Year-round<br>Available Products: Eggs;Poultry/fowl meat and products;Red/other non-poultry meat and products;|Bart Simmons|food hub|foodhub|1000||500190|default-foodhub-4-3.jpg|The Provision House|13619 Inwood Road, Suite 320, Dallas , Texas 75244|Farmers Branch|Texas|13619 Inwood Rd|-96.825163|32.9350989|75244||https://www.facebook.com/TheProvisionHouse/|||@provisionhouse|Theprovisionhouse.com||Open: Year-round<br>Available Products: Eggs; Poultry/fowl meat and products; Red/other non-poultry meat and products; ||Mar 25th, 2019
TX|Open: Year-round<br>Available Products: Fresh fruits;Fresh vegetables;Baked goods;Canned or preserved fruits/vegetables;Coffee/tea;Cut flowers;Dairy products;Dry beans;Eggs;Fish/seafood;Herbs;Grains/flour;Green household products;Honey;Juices/non-alcoholic ciders;Maple products;Mushrooms;Nuts;Pet food;Poultry/fowl meat and products;Red/other non-poultry meat and products;Soap/body care products;Tofu/non-animal protein;|Jerry Lancaster|food hub|foodhub|1000||500072|default-foodhub-4-3.jpg|Homestead Market|169 Halbert Ln, Waco, Texas 76705|Waco|Texas|169 Halbert Ln|-97.145487|31.6695965|76705||N/A|||N/A|none||Open: Year-round<br>Available Products: Fresh fruits; Fresh vegetables; Baked goods; Canned or preserved fruits/vegetables; Coffee/tea; Cut ...||Oct 3rd, 2014
VT|Open: Year-round<br>Available Products: Fresh fruits;Fresh vegetables;Baked goods;Canned or preserved fruits/vegetables;Dairy products;Dry beans;Eggs;Herbs;Grains/flour;Honey;Juices/non-alcoholic ciders;Maple products;Poultry/fowl meat and products;Red/other non-poultry meat and products;Tofu/non-animal protein;|Livy Bulger|food hub|foodhub|1000||500034|default-foodhub-4-3.jpg|Green Mountain Farm Direct|194 Main Street, Suite 301, Newport, Vermont 5855|Newport|Vermont|194 Main St|-72.209936|44.9358792|5855||https://www.facebook.com/pages/Green-Mountain-Farm-to-School/180053718451?ref=ts||||http://greenmountainfarmdirect.org/||Open: Year-round<br>Available Products: Fresh fruits; Fresh vegetables; Baked goods; Canned or preserved fruits/vegetables; Dairy products; ...||Apr 6th, 2015
VT|Open: Year-round<br>Available Products: Fresh fruits;Fresh vegetables;Baked goods;Canned or preserved fruits/vegetables;Dairy products;Juices/non-alcoholic ciders;Maple products;Nuts;|Sarah Waring|food hub|foodhub|1000||500060|default-foodhub-4-3.jpg|Vermont Food Venture Center|140 Junction Road, Hardwick, Vermont 05826|Hardwick|Vermont|140 Junction Rd|-72.376005|44.5142393|05826||https://www.facebook.com/pages/The-Center-for-an-Agricultural-Economy/99713028701|||https://twitter.com/CenterAg|http://www.hardwickagriculture.org/for-food-businesses/vermont-food-venture-center||Open: Year-round<br>Available Products: Fresh fruits; Fresh vegetables; Baked goods; Canned or preserved fruits/vegetables; Dairy products; ...||Aug 29th, 2014
VT|Open: Year-round<br>Available Products: Fresh fruits;Fresh vegetables;Baked goods;Canned or preserved fruits/vegetables;Dairy products;Eggs;Fish/seafood;Herbs;Honey;Maple products;Mushrooms;Poultry/fowl meat and products;Red/other non-poultry meat and products;|Teddy Gamache|food hub|foodhub|1000||500146|default-foodhub-4-3.jpg|The Intervale Food Hub|180 Intervale Rd, Burlington, Vermont 05401|Burlington|Vermont|180 Intervale Rd|-73.205327|44.4931|05401||||||https://www.intervalefoodhub.com/||Open: Year-round<br>Available Products: Fresh fruits; Fresh vegetables; Baked goods; Canned or preserved fruits/vegetables; Dairy products; ...||Aug 29th, 2017
VT|Open: Year-round<br>Available Products: Fresh fruits;Fresh vegetables;Baked goods;Canned or preserved fruits/vegetables;Coffee/tea;Cut flowers;Dairy products;Eggs;Herbs;Juices/non-alcoholic ciders;Maple products;Mushrooms;Nuts;Poultry/fowl meat and products;Red/other non-poultry meat and products;Wild harvested forest products;|Alex McCullough|food hub|foodhub|1000||500196|default-foodhub-4-3.jpg|Food Connects|22 Browne Ct, Unit 110, Brattleboro, Vermont 05301|Brattleboro|Vermont|22 Browne Ct|-72.550567|42.8878797|05301||https://www.facebook.com/FoodConnects/||||www.foodconnects.org||Open: Year-round<br>Available Products: Fresh fruits; Fresh vegetables; Baked goods; Canned or preserved fruits/vegetables; Coffee/tea; Cut ...||Aug 9th, 2019
VT|Open: Year-round<br>Available Products: Poultry/fowl meat and products;Red/other non-poultry meat and products;|Joshua Gibbs|food hub|foodhub|1000||500092|default-foodhub-4-3.jpg|Mad River Food Hub|151 Mad River Canoe Road, Waitsfield, Vermont 05673|Waitsfield|Vermont|151 Mad River Canoe Rd|-72.838157|44.1867092|05673||||||www.madriverfoodhub.com||Open: Year-round<br>Available Products: Poultry/fowl meat and products; Red/other non-poultry meat and products; ||Jun 19th, 2015
VT|Open: Year-round<br>Available Products: Fresh fruits;Fresh vegetables;Baked goods;Canned or preserved fruits/vegetables;Coffee/tea;Dairy products;Dry beans;Eggs;Fish/seafood;Herbs;Grains/flour;Honey;Juices/non-alcoholic ciders;Maple products;Mushrooms;Nuts;Pet food;Poultry/fowl meat and products;Red/other non-poultry meat and products;Tofu/non-animal protein;|Greg Georgaklis|food hub|foodhub|1000||500121|default-foodhub-4-3.jpg|Farmers To You|446 Industrial Lane, Barre, Vermont 05641|Barre|Vermont|446 Industrial Ln|-72.559541|44.2121027|05641||https://www.facebook.com/FarmersToYou/||||farmerstoyou.com||Open: Year-round<br>Available Products: Fresh fruits; Fresh vegetables; Baked goods; Canned or preserved fruits/vegetables; Coffee/tea; Dairy ...||May 2nd, 2017
WV|Open: Year-round<br>Available Products: Fresh fruits;Fresh vegetables;Baked goods;Canned or preserved fruits/vegetables;Coffee/tea;Dairy products;Dry beans;Eggs;Fish/seafood;Herbs;Grains/flour;Green household products;Honey;Juices/non-alcoholic ciders;Maple products;Mushrooms;Nuts;Poultry/fowl meat and products;Red/other non-poultry meat and products;Soap/body care products;Tofu/non-animal protein;Wild harvested forest products;|Thomas Key|food hub|foodhub|1000||500108|default-foodhub-4-3.jpg|Alderson Community Food Hub|109 Cherry Ave, Alderson, West Virginia 24910|Alderson|West Virginia|109 Cherry Ave|-80.635778|37.7248361|24910||https://www.facebook.com/aldersonfood/?fref=ts||||http://www.aldersonfoodhub.org/index.html||Open: Year-round<br>Available Products: Fresh fruits; Fresh vegetables; Baked goods; Canned or preserved fruits/vegetables; Coffee/tea; Dairy ...||Jul 28th, 2016
WV|Open: Year-round<br>Available Products: Fresh fruits;Fresh vegetables;Baked goods;Canned or preserved fruits/vegetables;Coffee/tea;Dairy products;Dry beans;Eggs;Fish/seafood;Herbs;Grains/flour;Green household products;Honey;Juices/non-alcoholic ciders;Maple products;Mushrooms;Nuts;Poultry/fowl meat and products;Red/other non-poultry meat and products;Soap/body care products;Tofu/non-animal protein;Wild harvested forest products;|Kimmy Clements|food hub|foodhub|1000||500109|default-foodhub-4-3.jpg|Highland Market|737 William Ave, Ste 3, Davis, West Virginia 26260|Davis|West Virginia|737 William Ave|-79.469136|39.1272711|26260||https://www.facebook.com/Potomac-Highlands-Food-and-Farm-461480833910804/||||http://www.phffi.org/highland-market/||Open: Year-round<br>Available Products: Fresh fruits; Fresh vegetables; Baked goods; Canned or preserved fruits/vegetables; Coffee/tea; Dairy ...||Jul 28th, 2016
WV|Open: Year-round<br>Available Products: Fresh fruits;Fresh vegetables;Baked goods;Canned or preserved fruits/vegetables;Coffee/tea;Cut flowers;Dry beans;Eggs;Fish/seafood;Herbs;Grains/flour;Honey;Juices/non-alcoholic ciders;Maple products;Mushrooms;Nuts;Pet food;Poultry/fowl meat and products;Red/other non-poultry meat and products;Soap/body care products;|Kelsey Abad|food hub|foodhub|1000||500202|default-foodhub-4-3.jpg|Turnrow Appalachian Farm Collective|804 Industrial Park Rd., Lewisburg, West Virginia 24951|Lewisburg|West Virginia|804 Industrial Park Rd|-80.39872|37.863787|24951||https://www.facebook.com/TurnrowAppalachianFarmCollective/||||turnrowfarms.org||Open: Year-round<br>Available Products: Fresh fruits; Fresh vegetables; Baked goods; Canned or preserved fruits/vegetables; Coffee/tea; Cut ...||Mar 16th, 2020
WV|Open: Year-round<br>Available Products: Fresh fruits;Fresh vegetables;Baked goods;Canned or preserved fruits/vegetables;Coffee/tea;Cut flowers;Dairy products;Dry beans;Eggs;Fish/seafood;Herbs;Grains/flour;Green household products;Honey;Juices/non-alcoholic ciders;Maple products;Mushrooms;Nuts;Poultry/fowl meat and products;Red/other non-poultry meat and products;Soap/body care products;Wild harvested forest products;Broken Mug Coffee, Full Service Coffee Bar;|Shelly Keeney|food hub|foodhub|1000||500074|default-foodhub-4-3.jpg|Tri-State Local Foods, Inc dba The Wild Ramp|555 14th Street West, Huntington, West Virginia 25704|Huntington|West Virginia|555 14th St W|-82.479210|38.4111411|25704||https://www.facebook.com/HuntingtonLocalFoodMarket|||https://twitter.com/TheWildRamp|www.wildramp.org||Open: Year-round<br>Available Products: Fresh fruits; Fresh vegetables; Baked goods; Canned or preserved fruits/vegetables; Coffee/tea; Cut ...||Oct 17th, 2014
WI|Open: Year-round<br>Available Products: Fresh fruits;Fresh vegetables;Canned or preserved fruits/vegetables;Coffee/tea;Dairy products;Eggs;Herbs;Grains/flour;Honey;Juices/non-alcoholic ciders;Maple products;Poultry/fowl meat and products;Red/other non-poultry meat and products;Sunflower oil, nut butters, frozen vegetables/fruits, fresh/frozen pastsa, fresh salsas;|Jamie Deaver|food hub|foodhub|1000||500036|default-foodhub-4-3.jpg|Fifth Season Cooperative|1201 N. Main Street, Suite 9, Viroqua, Wisconsin 54665|Viroqua|Wisconsin|1201 N Main St|-90.887186|43.57204|54665||https://www.facebook.com/dianec99|||https://twitter.com/FifthSeasonCoop|http://www.fifthseasoncoop.com||Open: Year-round<br>Available Products: Fresh fruits; Fresh vegetables; Canned or preserved fruits/vegetables; Coffee/tea; Dairy products; Eggs; ...||Apr 1st, 2015
WI|Open: Year-round<br>Available Products: Fresh fruits;Fresh vegetables;Dairy products;Dry beans;Eggs;Herbs;Honey;Maple products;Mushrooms;Wild harvested forest products;|Sheri Howard|food hub|foodhub|1000||500199|default-foodhub-4-3.jpg|Seasonal Harvest LLC|5291 Cottonwood Lane, De Pere, Wisconsin 54115|De Pere|Wisconsin|5291 Cottonwood Ln|-88.042931|44.410323|54115||https://www.facebook.com/Seasonalharvestgb/||||||Open: Year-round<br>Available Products: Fresh fruits; Fresh vegetables; Dairy products; Dry beans; Eggs; Herbs; Honey; Maple ...||Dec 13th, 2019
WI|Open: Year-round<br>Available Products: Fresh fruits;Fresh vegetables;Canned or preserved fruits/vegetables;Coffee/tea;Dairy products;Herbs;Maple products;Red/other non-poultry meat and products;|Tara Turner|food hub|foodhub|1000||500081|default-foodhub-4-3.jpg|Wisconsin Food Hub Cooperative|E502 Hwy 54, Waupaca, Wisconsin 54981|Waupaca|Wisconsin|E502 WI-54|-89.202183|44.35367|54981||https://www.facebook.com/wiscfoodhub.coop|||@wifoodhub|www.wifoodhub.com||Open: Year-round<br>Available Products: Fresh fruits; Fresh vegetables; Canned or preserved fruits/vegetables; Coffee/tea; Dairy products; Herbs; ...||Jan 8th, 2015
DC|Open: April to October<br>Available Products: Fresh fruits;Fresh vegetables;Baked goods;Dairy products;Eggs;Fish/seafood;Herbs;Honey;Mushrooms;Poultry/fowl meat and products;Red/other non-poultry meat and products;|Benjamin Bartley|food hub|foodhub|1000||500032|default-foodhub-4-3.jpg|Arcadia's Mobile Market|550 Penn St. NE, Washington, District of Columbia 20002|Northeast Washington|District of Columbia|550 Penn St NE|-76.99622|38.9099948|20002||https://www.facebook.com/arcadiacenter|||https://twitter.com/ArcadiaFood|http://arcadiafood.org||Open: April to October<br>Available Products: Fresh fruits; Fresh vegetables; Baked goods; Dairy products; Eggs; Fish/seafood; ...||Jul 25th, 2014
DC|Open: Year-round<br>Available Products: Fresh fruits;Fresh vegetables;Eggs;Poultry/fowl meat and products;Red/other non-poultry meat and products;|Amy Bachman|food hub|foodhub|1000||500093|default-foodhub-4-3.jpg|DC Central Kitchen|2625 Evarts St. NE, washington, District of Columbia 20018|Northeast Washington|District of Columbia|2625 Evarts St NE|-76.968655|38.9241885|20018||https://www.facebook.com/dccentralkitchen?fref=ts|||https://twitter.com/dcck/|www.dccentralkitchen.org||Open: Year-round<br>Available Products: Fresh fruits; Fresh vegetables; Eggs; Poultry/fowl meat and products; Red/other non-poultry meat ...||Jun 24th, 2015
VI|Open: Year-round<br>Available Products: Fresh fruits;Fresh vegetables;Baked goods;Canned or preserved fruits/vegetables;Coffee/tea;Cut flowers;Dairy products;Dry beans;Eggs;Fish/seafood;Herbs;Grains/flour;Honey;Maple products;Mushrooms;Nuts;Poultry/fowl meat and products;Red/other non-poultry meat and products;Soap/body care products;Tofu/non-animal protein;|Melvin Atkinson|food hub|foodhub|1000||500042|default-foodhub-4-3.jpg|Coastal Farms|13199 Poor House Road, Windsor, Virginia 23487|Windsor|Virginia|13199 Poor House Rd|-76.697684|36.910105|23487||https://www.facebook.com/Coastalfarms.VA|||https://twitter.com/coastalfarms|https://coastalfarms.luluslocalfood.com/||Open: Year-round<br>Available Products: Fresh fruits; Fresh vegetables; Baked goods; Canned or preserved fruits/vegetables; Coffee/tea; Cut ...||Aug 13th, 2014
VI|||food hub|foodhub|1000||500033|default-foodhub-4-3.jpg|EcoFriendly Foods, LLC|3397 Stony Fork Road, Moneta, Virginia 24121|Moneta|Virginia|3397 Stony Fork Rd|-79.594671|37.21364|24121||https://www.facebook.com/EcofriendlyFoods||||http://ecofriendly.com/||||Aug 21st, 2014
VI|Open: Year-round<br>Available Products: Poultry/fowl meat and products;Red/other non-poultry meat and products;|M. James Faison|food hub|foodhub|1000||500050|default-foodhub-4-3.jpg|Milton's Local|3811 Castlewood Rd., Richmond, Virginia 23234|South Richmond|Virginia|3811 Castlewood Rd|-77.448056|37.4715856|23234||https://www.facebook.com/miltonslocal|||www.twitter.com/miltonslocal|www.miltonslocal.com||Open: Year-round<br>Available Products: Poultry/fowl meat and products; Red/other non-poultry meat and products; ||Aug 24th, 2014
VI|Open: Year-round<br>Available Products: Fresh fruits;Fresh vegetables;|Mark Seale|food hub|foodhub|1000||500055|default-foodhub-4-3.jpg|Blue Ridge Local|13200 Willow Run Drive, Elkwood, Virginia 22718|Elkwood|Virginia|13200 Willow Run Dr|-77.849525|38.5203406|22718||https://www.facebook.com/pages/Blue-Ridge-Produce-Company/194006207298881||||www.blueridgeproduce.net||Open: Year-round<br>Available Products: Fresh fruits; Fresh vegetables; ||Aug 25th, 2014
VI|Open: Year-round<br>Available Products: Fresh vegetables;Canned or preserved fruits/vegetables;Herbs;Wild harvested forest products;|Robin Robbins|food hub|foodhub|1000||500142|default-foodhub-4-3.jpg|Appalachian Harvest|280 Boone Trail Rd., Duffield, Virginia 24244|Duffield|Virginia|280 Boone Trail Rd|-82.799166|36.7133491|24244||https://www.facebook.com/livingbetterlocally|||https://twitter.com/asdevelop1|www.asdevelop.org||Open: Year-round<br>Available Products: Fresh vegetables; Canned or preserved fruits/vegetables; Herbs; Wild harvested forest products; ||Aug 28th, 2017
VI|Open: Year-round<br>Available Products: Fresh fruits;Fresh vegetables;Coffee/tea;Dairy products;Eggs;Honey;Juices/non-alcoholic ciders;Mushrooms;Poultry/fowl meat and products;Red/other non-poultry meat and products;Tofu/non-animal protein;|Rachel Meyers|food hub|foodhub|1000||500194|default-foodhub-4-3.jpg|Produce Source Partners|13167 Telcourt Rd, Ashland, Virginia 23005|Ashland|Virginia|13167 Telcourt Rd|-77.458898|37.7643636|23005||||||producesourcepartners.com||Open: Year-round<br>Available Products: Fresh fruits; Fresh vegetables; Coffee/tea; Dairy products; Eggs; Honey; Juices/non-alcoholic ciders; Mushrooms; ...||Jun 14th, 2019
VI|Open: Year-round<br>Available Products: Fresh fruits;Fresh vegetables;Dairy products;Dry beans;Eggs;Grains/flour;Honey;Mushrooms;Poultry/fowl meat and products;Red/other non-poultry meat and products;Hickory syrup, vinegar, apple sauce, apple cider donuts, bottled water;|Laura Brown|food hub|foodhub|1000||500095|default-foodhub-4-3.jpg|Local Food Hub|556 Dettor Road, Suite 108, Charlottesville, Virginia 22903|Charlottesville|Virginia|556 Dettor Rd|-78.617003|38.0562627|22903||https://www.facebook.com/localfoodhub|||https://twitter.com/localfoodhub|http://localfoodhub.org/||Open: Year-round<br>Available Products: Fresh fruits; Fresh vegetables; Dairy products; Dry beans; Eggs; Grains/flour; Honey; Mushrooms; ...||Mar 2nd, 2016
VI|Open: Year-round<br>Available Products: Fresh fruits;Fresh vegetables;Baked goods;Canned or preserved fruits/vegetables;Dairy products;Dry beans;Eggs;Fish/seafood;Herbs;Grains/flour;Honey;Juices/non-alcoholic ciders;Maple products;Mushrooms;Nuts;Poultry/fowl meat and products;Red/other non-poultry meat and products;Tofu/non-animal protein;|Tom McDougall|food hub|foodhub|1000||500153|default-foodhub-4-3.jpg|4P FOODS|132 Willow Run Drive, Elkwood, Virginia 22718|Elkwood|Virginia||-77.849458|38.518115|22718||www.facebook.com/4pfoods|||www.twitter.com/4pfoods|www.4pfoods.com||Open: Year-round<br>Available Products: Fresh fruits; Fresh vegetables; Baked goods; Canned or preserved fruits/vegetables; Dairy products; ...||Sep 16th, 2017
