_fsep_query_state|brief_desc|contact_name|directory_name|directory_type|distance|listing_desc|listing_id|listing_image|listing_name|location_address|location_city|location_state|location_street|location_x|location_y|location_zipcode|media_blog|media_facebook|media_instagram|media_pinterest|media_twitter|media_website|media_youtube|mydesc|term|updatetime
AL|||on-farm market|onfarmmarket|1000||700634|default-onfarmmarket-4-3.jpg|Backyard Orchards|6585 Highway 431 North, Eufaula , Alabama 36027|Eufaula|Alabama|6585 Highway 431 North|-85.140352|32.073484|36027||||||www. Backyardorchards.com||||Aug 21st, 2014
AL||Northern Lights Farm|on-farm market|onfarmmarket|1000||700879|default-onfarmmarket-4-3.jpg|Northern Lights Farm|173 Fowler Road, Empire, Alabama 35063|Empire|Alabama|173 Fowler Road|-86.999158|33.792266|35063||https://www.facebook.com/northern.farm||||http://sites.google.com/site/Nlightsfarm||||Aug 22nd, 2014
AL||Jenny Klein|on-farm market|onfarmmarket|1000||700117|default-onfarmmarket-4-3.jpg|LA Berry Farms Inc|12562 Mary Ann Beach Road, Fairhope, Alabama 36532|Fairhope|Alabama|12562 Mary Ann Beach Road|-87.850596|30.4070580|36532||https://www.facebook.com/laberryfarms||||www.weeksbayplantation.com||||Aug 26th, 2014
AL|||on-farm market|onfarmmarket|1000||700624|default-onfarmmarket-4-3.jpg|Bixler Farms|358 County Road 204, Dawson, Alabama 35963|Dawson|Alabama|358 County Road 204|-85.917537|34.33139|35963||||||||||Jul 26th, 2014
AL||Rose McCurdy|on-farm market|onfarmmarket|1000||700100|default-onfarmmarket-4-3.jpg|Meme's Poultry and Quail Sales|21985 Koier Rd, Robertsdale, Alabama 36567|Robertsdale|Alabama|21985 Koier Rd|-87.564760|30.545974|36567||https://www.facebook.com/memespoultryandquailsales||||www.memespoultry.com||||Jul 27th, 2014
AL||Andy Millard|on-farm market|onfarmmarket|1000||700416|default-onfarmmarket-4-3.jpg|Mountain View Orchards|16045 County Road 29, Jemison, Alabama 35085|Jemison|Alabama|16045 County Road 29|-86.684533|32.966311|35085||||||www.mountainvieworchards.com||||Jul 27th, 2014
AL||George Brown|on-farm market|onfarmmarket|1000||700446|default-onfarmmarket-4-3.jpg|Oakachoy Nursery and Blueberry Farm|363 Coosa County Road 98, Equality, Alabama 36026|Equality|Alabama|363 Coosa County Road 98|-86.108406|32.761773|36026||||||www.facebook.com/OakachoyBlueberryFarm?fref=ts||||Jul 27th, 2014
AL||Sherry Johnson|on-farm market|onfarmmarket|1000||700071|default-onfarmmarket-4-3.jpg|SheerLark Farm|367 County Road 327, Flat Rock, Alabama 35966|Flat Rock|Alabama|367 County Road 327|-85.675347|34.7662994|35966||https://www.facebook.com/pages/SheerLark-Farm/341548307271||||http://sheerlarkfarm.com/||||Jul 29th, 2014
AL||darrell bagwell|on-farm market|onfarmmarket|1000||701262|default-onfarmmarket-4-3.jpg|Bagwell Blueberry farm|228 county road 721, Cullman , Alabama 35055|Cullman|Alabama|228 county road 721|-86.773041|34.160014|35055||bagwell blueberry farm||||||||Jun 24th, 2015
AL||Ken Barber|on-farm market|onfarmmarket|1000||700177|default-onfarmmarket-4-3.jpg|Barber Berry Farm, LLC|2362 Alabama River Parkway, Millbrook, Alabama 36054|Millbrook|Alabama|2362 Alabama River Parkway|-86.324675|32.435541|36054||http://www.facebook.com/barberberryfarmupick||||http://www.barberberryfarm.com||||Mar 23rd, 2015
AL||Wanda Merritt|on-farm market|onfarmmarket|1000||700931|default-onfarmmarket-4-3.jpg|Hill View Farms|949 Phillips Rd, Cleveland, Alabama 35049|Cleveland|Alabama|949 Phillips Rd|-86.608803|33.965800|35049||||||||||Mar 23rd, 2015
AL||Lynn and Teresa Moody|on-farm market|onfarmmarket|1000||700457|default-onfarmmarket-4-3.jpg|Moody Family Farm|311 Ellen Street, Oneonta, Alabama 35121|Oneonta|Alabama|311 Ellen Street|-86.452663|33.962313|35121||||||||||Mar 28th, 2015
AL||LAWRENCE A. GARDNER|on-farm market|onfarmmarket|1000||701303|default-onfarmmarket-4-3.jpg|GARDNER'S BERRY FARM|21909 COUNTY ROAD 68 NORTH, ROBERTSDALE, Alabama 36567|ROBERTSDALE|Alabama|21909 COUNTY ROAD 68 NORTH|-87.649709|30.6497850|36567||Gardners Berry Farm||||www.gardnersberryfarm.com||||Nov 4th, 2015
AL||Suzy Lowry Geno|on-farm market|onfarmmarket|1000||701008|default-onfarmmarket-4-3.jpg|Old Field Farm General Store|3142 State Highway 132, Oneonta, Alabama 35121|Oneonta|Alabama|3142 State Highway 132|-86.420852|33.9669593|35121||https://www.facebook.com/pages/Old-Field-Farm-General-Store/115315242053||||www.suzysfarm.com||||Sep 2nd, 2014
AL||Barbara Suberi|on-farm market|onfarmmarket|1000||700469|default-onfarmmarket-4-3.jpg|Suberis Blueberry Farm|27608 County Road 65, Loxley, Alabama 36551|Loxley|Alabama|27608 County Road 65|-87.708242|30.6289090|36551||||||||||Sep 30th, 2014
AK||Kim Burnham|on-farm market|onfarmmarket|1000||701550|default-onfarmmarket-4-3.jpg|Magpie Mini-farm|12th & Main st. , Skagway , Alaska 99840|Skagway|Alaska|12th & Main st.|-135.31072|59.460729|99840||https://www.facebook.com/Magpie.etcetera||||https://magpie-103280.square.site/||||Aug 15th, 2020
AK||River Bean|on-farm market|onfarmmarket|1000||700846|default-onfarmmarket-4-3.jpg|Arctic Organics|1305 N. Smith Rd., Palmer, Alaska 99645|Palmer|Alaska|1305 N. Smith Rd.|-149.02532|61.593207|99645||||||Arctic Organics.com||||Aug 17th, 2014
AK||Chad Freeborn|on-farm market|onfarmmarket|1000||701435|default-onfarmmarket-4-3.jpg|Serenity Farm|73 Brown Rd, Phenix City, Alaska 36869|Phenix City|Alaska|73 Brown Rd|-85.182649|32.447297|36869|http://thinkserenity.com/blog/|https://www.facebook.com/AlabamaSerenityFarm/||||http://thinkserenity.com||||Dec 7th, 2017
AK||Christopher Grasse|on-farm market|onfarmmarket|1000||701208|default-onfarmmarket-4-3.jpg|Monastery Acres|19045 Darby Road, Eagle River, Alaska 99577|Eagle River|Alaska|19045 Darby Road|-149.52708|61.360154|99577||||||||||Feb 9th, 2015
AK||Becky and Tim Hammond|on-farm market|onfarmmarket|1000||700006|default-onfarmmarket-4-3.jpg|White Fireweed Farm|6400 Baseline, Fairbanks, Alaska 99712|Fairbanks|Alaska|6400 Baseline|-146.97699|64.867087|99712||https://www.facebook.com/whitefireweedfarm||||||||Jul 26th, 2014
AZ||Lisa Thompson|on-farm market|onfarmmarket|1000||700017|default-onfarmmarket-4-3.jpg|Thunder Mountain Alpaca Ranch|, Palominas / Hereford, Arizona 85615|Palominas / Hereford|Arizona||-110.21865|31.357113|85615||https://www.facebook.com/ThunderMountainAlpacaRanch||||||||Aug 13th, 2014
AZ||Scott Brown|on-farm market|onfarmmarket|1000||700178|default-onfarmmarket-4-3.jpg|Wholesale Organic Chicken Feed and Grain Buyer's Club Phoenix Arizona|507 E Barbarita Ave, Gilbert, Arizona 85234|Gilbert|Arizona|507 E Barbarita Ave|-111.77949|33.3628495|85234|http://www.phoenixorganicfeed.com/blog|https://www.facebook.com/BackyardChickenFarmersUnite/info||||www.phoenixorganicfeed.com||||Aug 13th, 2014
AZ||Nate Neterval|on-farm market|onfarmmarket|1000||701586|default-onfarmmarket-4-3.jpg|Stone Tree Acres|11 Mesquite Lane, Concho, Arizona 85924|Concho|Arizona|11 Mesquite Lane|-109.63173|34.461412|85924||||||||||Feb 17th, 2021
AZ||Zheka|on-farm market|onfarmmarket|1000||701356|default-onfarmmarket-4-3.jpg|CitiFarms LLC|2024 N.7th Street , Phoenix , Arizona 85006|Phoenix|Arizona|2024 N.7th Street|-112.06580|33.4704390|85006||CitiFarms|||CitiFarms|CitiFarms.com||||Jul 12th, 2016
AZ||Lance Eggers|on-farm market|onfarmmarket|1000||700539|default-onfarmmarket-4-3.jpg|Briggs & Eggers Orchards|27197 S. Brookerson Rd., Wilcox, Arizona 85643|Wilcox|Arizona|27197 S. Brookerson Rd.|-109.92724|32.455554|85643||||||http://www.briggs-eggers.com||||Jul 26th, 2014
AZ||Denise Purvis|on-farm market|onfarmmarket|1000||700779|default-onfarmmarket-4-3.jpg|Harris Heritage Growers|27811 S. Sonoita Highway, Sonoita, Arizona 85637|Sonoita|Arizona|27811 S. Sonoita Highway|-110.67234|31.752720|85637||https://www.facebook.com/HarrisHeritageGrowers||||||||May 12th, 2015
AZ||Kim McElroy|on-farm market|onfarmmarket|1000||701565|default-onfarmmarket-4-3.jpg|Broken Horn D Ranch|11325 STRICKLAND WASH RD, PRESCOTT, Arizona 86305|PRESCOTT|Arizona|11325 STRICKLAND WASH RD|-112.66974|34.756704|86305||https://www.facebook.com/BHDRanch||||www.BHDRanch.com||||Oct 26th, 2020
AZ||Jesse Petty|on-farm market|onfarmmarket|1000||700255|default-onfarmmarket-4-3.jpg|Our Garden|16500 N. Stallion Pl., Tucson, Arizona 85739|Tucson|Arizona|16500 N. Stallion Pl.|-110.89689|32.505129|85739||||||www.ourgardencatalina.com||||Sep 19th, 2014
AZ||Jennifer Vallier|on-farm market|onfarmmarket|1000||701097|default-onfarmmarket-4-3.jpg|Elderberry Edibles CSA & Market Garden|1700 N Wentworth Rd, Tucson, Arizona 85749|Tucson|Arizona|1700 N Wentworth Rd|-110.71876|32.2419960|85749||https://www.facebook.com/ElderberryEdibles?ref=hl||||www.elderberryedibles.com||||Sep 24th, 2014
AZ||John Wann|on-farm market|onfarmmarket|1000||701100|default-onfarmmarket-4-3.jpg|Orchard Community Learning Center|911 West Baseline Road, Phoenix, Arizona 85041|Phoenix|Arizona|911 West Baseline Road|-112.08618|33.377375|85041||Orchard Community Learning Center||||www.orchardlearningcenter.org||||Sep 25th, 2014
CA||Alli Cecchini|on-farm market|onfarmmarket|1000||701448|default-onfarmmarket-4-3.jpg|First Generation Farmers|1230 Delta Rd, Knightsen, California 94548|Knightsen|California|1230 Delta Rd|-121.67104|37.969019|94548|https://firstgenerationfarmers.org/blogs/|https://www.facebook.com/1stgenerationfarmers/|||@1stGenFarmers|https://www.firstgenerationfarmers.org/||||Apr 18th, 2018
CA||Mark Bernal|on-farm market|onfarmmarket|1000||700966|default-onfarmmarket-4-3.jpg|Bernal Properties|2500 Dahlberg Drive, Morgan Hill , California 95037|Morgan Hill|California|2500 Dahlberg Drive|-121.68309|37.1146863|95037||||||||||Apr 25th, 2015
CA||Helmut Klauer|on-farm market|onfarmmarket|1000||700758|default-onfarmmarket-4-3.jpg|Classic Organic Farm & Market|2323 Old Coast Hwy, Gaviota, California 93117|Gaviota|California|2323 Old Coast Hwy|-120.19203|34.543206|93117||www.facebook.com/pages/Classic-Organic-Farm-Market/101770889289?ref=mf||||www.classicorganic.org||||Aug 13th, 2014
CA||Laddie Hall|on-farm market|onfarmmarket|1000||700111|default-onfarmmarket-4-3.jpg|Farmer's Market at Long Meadow Ranch|738 Main Street, Saint Helena, California 94574|Saint Helena|California|738 Main Street|-122.46333|38.501022|94574||www.facebook.com/lmrwine|||https://www.twitter.com/LMRwine|www.longmeadowranch.com||||Aug 1st, 2014
CA||Darlene Finley|on-farm market|onfarmmarket|1000||700854|default-onfarmmarket-4-3.jpg|Finley's Mountain Ranch|1700 Orr Springs Rd, Ukiah, California 95482|Ukiah|California|1700 Orr Springs Rd|-123.24057|39.1837980|95482||||||www.finleysmountainranch.com||||Aug 20th, 2014
CA||Bob Steinacher|on-farm market|onfarmmarket|1000||700905|default-onfarmmarket-4-3.jpg|Maywood Farms|3635 Mt. Shasta Ave., Corning, California 96021|Corning|California|3635 Mt. Shasta Ave.|-122.22790|39.9050950|96021||https://www.facebook.com/pages/Maywood-Farms/461257050564079||||www.maywoodfarms.com||||Aug 23rd, 2014
CA||Becky Neilson|on-farm market|onfarmmarket|1000||700919|default-onfarmmarket-4-3.jpg|Neilson Family Farm|6900 Andressen Rd, Sheridan, California 95681|Sheridan|California|6900 Andressen Rd|-121.35624|38.9979600|95681||||||||||Aug 24th, 2014
CA||Alice|on-farm market|onfarmmarket|1000||700694|default-onfarmmarket-4-3.jpg|Knaus Apple Ranch|19042 Cherry Lane (corner Tucker Rd & Cherry Ln), Tehachapi, California 93561|Tehachapi|California|19042 Cherry Lane (corner Tucker Rd & Cherry Ln)|-118.46794|35.120309|93561||||||www.knausappleranch.com/||||Aug 25th, 2014
CA||Josh Zannon|on-farm market|onfarmmarket|1000||700934|default-onfarmmarket-4-3.jpg|Santa Barbara Pistachio Company|3380 Highway 33, Ventucopa, California 93252|Ventucopa|California|3380 Highway 33|-119.47889|34.843676|93252||https://www.facebook.com/pages/Santa-Barbara-Pistachio-Company/159650100721699|||https://www.twitter.com/sbpistachios1|www.sbpistachios.com||||Aug 25th, 2014
CA||Susan Clark|on-farm market|onfarmmarket|1000||700939|default-onfarmmarket-4-3.jpg|Schmidt Road Ranch|5990 Guerneville rd, Sebastopol, California 95472|Sebastopol|California|5990 Guerneville rd|-122.85458|38.450938|95472||||||||||Aug 25th, 2014
CA||Peggy Jo Sayre|on-farm market|onfarmmarket|1000||701295|default-onfarmmarket-4-3.jpg|SAYRE FARMS|295 Pleasant Ave, Santa Rosa , California 95403|Santa Rosa|California|295 Pleasant Ave|-122.78399|38.543404|95403||||||||||Aug 25th, 2015
CA||Steve Williams|on-farm market|onfarmmarket|1000||700472|default-onfarmmarket-4-3.jpg|Maxs Miracle Ranch|3476 Smith Avenue, Biggs, California 95917|Biggs|California|3476 Smith Avenue|-121.69067|39.4320010|95917||||||www.maxsmiracles.org||||Aug 26th, 2014
CA||Ron & Karen Macedo|on-farm market|onfarmmarket|1000||700512|default-onfarmmarket-4-3.jpg|R.A.M. Farms Inc. Pumpkin Patch & Corn Maze|716 N. Daubenberger Rd, Turlock, California 95380|Turlock|California|716 N. Daubenberger Rd|-120.81445|37.4992530|95380||https://www.facebook.com/pumpkinpatchandcornmaze||||ramfarms.com||||Aug 26th, 2014
CA||Nathan Rakov|on-farm market|onfarmmarket|1000||700972|default-onfarmmarket-4-3.jpg|Tzaddik Farm|21986 Lyons Valley Rd, Alpine , California|Alpine|California|21986 Lyons Valley Rd|-116.67641|32.7515670||N/A|https://www.facebook.com/tzaddikfarm||||http://www.tzaddikfarm.com/||||Aug 28th, 2014
CA||Justin Wylie|on-farm market|onfarmmarket|1000||700814|default-onfarmmarket-4-3.jpg|The Branch & Vine|38802 Ave 12, Bonadelle Ranchos-Madera Ranchos , California 93636|Bonadelle Ranchos-Madera Ranchos|California|38802 Ave 12|-119.84463|36.921673|93636||https://www.facebook.com/branchandvine||||Thebranchandvine.com||||Aug 6th, 2014
CA||Jim Mathys|on-farm market|onfarmmarket|1000||700815|default-onfarmmarket-4-3.jpg|Jesus Center Community Farm|West 16th ST & Normal Ave., Chico, California 95928|Chico|California|West 16th ST & Normal Ave.|-121.83039|39.717817|95928||||||||||Aug 6th, 2014
CA||Lana Kitchel|on-farm market|onfarmmarket|1000||701634|default-onfarmmarket-4-3.jpg|Kitchel Family Organics|25255 3rd Ave, Los Molinos, California 96055|Los Molinos|California|25255 3rd Ave|-122.09657|40.063708|96055||https://www.facebook.com/KitchelFamilyOrganics||||https://www.kitchelfamilyorganics.com||||Feb 14th, 2022
CA||Susan Yaszay|on-farm market|onfarmmarket|1000||701438|default-onfarmmarket-4-3.jpg|Bel Cielo Villa LLC|40650 Sierra maria rd , Murrieta , California 92562|Murrieta|California|40650 Sierra maria rd|-117.30986|33.540500|92562||Belcielovilla||||www.belcielovilla.com||||Jan 14th, 2018
CA||Pat Schellin Mecklenburg|on-farm market|onfarmmarket|1000||701439|default-onfarmmarket-4-3.jpg|Derby Walnuts|3620 Gallagher Road, Rio Oso, California 95674|Rio Oso|California|3620 Gallagher Road|-121.48318|38.969894|95674|https://www.derbywalnuts.com/blog/|https://www.facebook.com/derbywalnuts/||||https://www.derbywalnuts.com||||Jan 23rd, 2018
CA||SUSAN ABERNATHY|on-farm market|onfarmmarket|1000||701282|default-onfarmmarket-4-3.jpg|Cloverfield|501 La Paloma Rd., El Sobrante, California 94803|El Sobrante|California|501 La Paloma Rd.|-122.30866|37.9724040|94803||https://www.facebook.com/cloverfieldorganic||||||||Jul 11th, 2015
CA||Susan Brady|on-farm market|onfarmmarket|1000||700258|default-onfarmmarket-4-3.jpg|Freestone Ranch|PO Box 314, Valley Ford, California 94972|Valley Ford|California|PO Box 314|-122.90851|38.349227|94972||||||freestoneranch.com||||Jul 23rd, 2014
CA||Jane Harris|on-farm market|onfarmmarket|1000||700128|default-onfarmmarket-4-3.jpg|Harris Family Farm|2640 Blair Road, Pollock Pines, California 95726|Pollock Pines|California|2640 Blair Road|-120.60165|38.762282|95726||https://www.facebook.com/harristreefarm||||www.harristreefarm.com||||Jul 26th, 2014
CA||Richard Hansen|on-farm market|onfarmmarket|1000||700656|default-onfarmmarket-4-3.jpg|Hansens Blueberry Farm|3325 Houghton Ave, Corning, California 96021|Corning|California|3325 Houghton Ave|-122.18830|39.894708|96021||||||||||Jul 26th, 2014
CA||Debbie Svopa Meeuwse|on-farm market|onfarmmarket|1000||700789|default-onfarmmarket-4-3.jpg|Double Dutch Farms|345 Rose Court corner of Doak and Highland, Ripon, California 95366|Ripon|California|345 Rose Court corner of Doak and Highland|-121.14842|37.727654|95366||https://www.facebook.com/pages/Pom-Girl/158669604180922?fref=nf||||||||Jul 26th, 2014
CA||Marti Menacho|on-farm market|onfarmmarket|1000||700091|default-onfarmmarket-4-3.jpg|Olivas de Oro Olive Company|4625 La Panza Road, Creston, California 93432|Creston|California|4625 La Panza Road|-120.50267|35.5162160|93432||https://www.facebook.com/OlivasDeOroOliveCompany||||www.olivasdeoro.com||||Jul 27th, 2014
CA||Kim Consol|on-farm market|onfarmmarket|1000||700224|default-onfarmmarket-4-3.jpg|Star.Rose Ranch|County Road 56, Guinda, California 95637|Guinda|California|County Road 56|-122.20229|38.819076|95637||https://www.facebook.com/StarRoseRanch||||www.starroseranch.com||||Jul 27th, 2014
CA||Douglass Adair|on-farm market|onfarmmarket|1000||700252|default-onfarmmarket-4-3.jpg|Pato's Dream Date Gardens|60-499 Harrison St., Thermal, California 92274|Thermal|California|60-499 Harrison St.|-116.10287|33.468212|92274||||||||||Jul 27th, 2014
CA||Jenny Cavaliere|on-farm market|onfarmmarket|1000||700335|default-onfarmmarket-4-3.jpg|High Sierra Beef, Inc.|14582 Indiana School Road, Oregon House, California 95962|Oregon House|California|14582 Indiana School Road|-121.23785|39.381273|95962||www.facebook.com/jennycavaliere3||||http://www.highsierrabeef.com||||Jul 27th, 2014
CA||Amy McBirney|on-farm market|onfarmmarket|1000||700417|default-onfarmmarket-4-3.jpg|Red Barn Farm Pasture-Raised Poultry|PO Box 21294, San Jose, California 95151|San Jose|California|PO Box 21294|-121.75625|37.225748|95151||||||www.redbarnfarmpoultry.webs.com||||Jul 27th, 2014
CA||Phyliss Pruden|on-farm market|onfarmmarket|1000||701540|default-onfarmmarket-4-3.jpg|Six Bar Ranch|3729 Catlett Road, Pleasant Grove, California 95668|Pleasant Grove|California|3729 Catlett Road|-121.47099|38.852006|95668||https://www.facebook.com/sixbarranch/||||www.sixbarranch.net||||Jul 27th, 2020
CA||Karen Stone|on-farm market|onfarmmarket|1000||700196|default-onfarmmarket-4-3.jpg|Yolo Land & Cattle 100% Grass Fed Beef|37874 County Road 28, Woodland, California 95695|Woodland|California|37874 County Road 28|-121.80498|38.6050989|95695||||||www.yololandandcattle.com||||Jul 28th, 2014
CA||Richard and Patty Lyons|on-farm market|onfarmmarket|1000||700601|default-onfarmmarket-4-3.jpg|Roaring L Ranch|11124 Monte Vista Road, Phelan, California 92371|Phelan|California|11124 Monte Vista Road|-117.56063|34.4522580|92371||||||||||Jul 28th, 2014
CA||Michael Wong|on-farm market|onfarmmarket|1000||700661|default-onfarmmarket-4-3.jpg|Loving Nature Farm, Inc.|38883 Z Line Road, Clarksburg, California 95612|Clarksburg|California|38883 Z Line Road|-121.62174|38.373191|95612||||||LovingNatureFarm.com||||Jul 28th, 2014
CA||Karin Sinclair|on-farm market|onfarmmarket|1000||700280|default-onfarmmarket-4-3.jpg|Sinclair Family Farm|7209 Church Street, Penryn, California 95663|Penryn|California|7209 Church Street|-121.16917|38.852928|95663||karinsinclair|||https://www.twitter.com/karinsinclair|www.sinclairfamilyfarm.net||||Jul 29th, 2014
CA||Jeanne Deaver|on-farm market|onfarmmarket|1000||700086|default-onfarmmarket-4-3.jpg|Amador Flower Farm|22001 Shenandoah School Road, Plymouth, California 95669|Plymouth|California|22001 Shenandoah School Road|-120.80419|38.528671|95669||https://www.facebook.com/pages/Amador-Flower-Farm-Nursery/129585181590||||AmadorFlowerFarm.com||||Jul 30th, 2014
CA||Mary Fahey|on-farm market|onfarmmarket|1000||700104|default-onfarmmarket-4-3.jpg|Wise Acre Farm|6613 Harrington Avenue, Arbuckle, California 95912|Arbuckle|California|6613 Harrington Avenue|-122.06608|38.9530130|95912||https://www.facebook.com/pages/Wise-Acre-Farm/167689377472?ref=hl||||||||Jul 30th, 2014
CA||Claudia Estrada|on-farm market|onfarmmarket|1000||700129|default-onfarmmarket-4-3.jpg|Harmony Lavender|7045 Sycamore Rd., Atascadero, California 93422|Atascadero|California|7045 Sycamore Rd.|-120.64940|35.4973160|93422||https://www.facebook.com/harmonylavender|||https://www.twitter.com/harmonylavender|||||Jul 30th, 2014
CA||Terrie Cook|on-farm market|onfarmmarket|1000||700264|default-onfarmmarket-4-3.jpg|Berry Heaven|5170 Marshall Road, Garden Valley, California 95633|Garden Valley|California|5170 Marshall Road|-120.86701|38.847827|95633||https://www.facebook.com/pages/Berry-Heaven-USA/184265071641852?ref=hl||||www.BerryHeavenUSA.com||||Jul 30th, 2014
CA||Jason Kendall|on-farm market|onfarmmarket|1000||700316|default-onfarmmarket-4-3.jpg|Kendall Farms|4230 White Lilac Rd, Fallbrook, California 92028|Fallbrook|California|4230 White Lilac Rd|-117.16462|33.3923559|92028||https://www.facebook.com/Kendall.Farms||||www.kendall-farms.com||||Jul 30th, 2014
CA||Glenn Anderson|on-farm market|onfarmmarket|1000||700347|default-onfarmmarket-4-3.jpg|Anderson Almonds|6401 Hultberg Rd, Hilmar, California 95324|Hilmar|California|6401 Hultberg Rd|-120.89612|37.381382|95324||||||ANDERSONALMONDS.COM||||Jul 30th, 2014
CA||Dale Bostrom|on-farm market|onfarmmarket|1000||700504|default-onfarmmarket-4-3.jpg|Summerset & Farm Dale's Nursery|3450 Baseline Ave, Santa Ynez, California 93460|Santa Ynez|California|3450 Baseline Ave|-120.08107|34.633692|93460||www.facebook.com/SummersetFarm?ref=hl||||www.facebook.com/SummersetFarm?ref=hl||||Jul 30th, 2014
CA||Nori Naylor|on-farm market|onfarmmarket|1000||700653|default-onfarmmarket-4-3.jpg|Naylor Organics|38918 Road 64, Dinuba, California 93618|Dinuba|California|38918 Road 64|-119.42900|36.497327|93618|peachfuzzbuzz.wordpress.com/|www.facebook.com/naylor.organics|||www.twitter.com/NaylorOrganics|www.kyf2/me/ca/0012||||Jul 30th, 2014
CA||Cheryl Swanson|on-farm market|onfarmmarket|1000||700431|default-onfarmmarket-4-3.jpg|Willowbrook Apple Farm|12099 S. Oak Glen Road, Oak Glen, California 92399|Oak Glen|California|12099 S. Oak Glen Road|-116.94021|34.0350800|92399||||||willowbrookapple.tripod.com||||Jul 31st, 2014
CA||Keng|on-farm market|onfarmmarket|1000||701276|default-onfarmmarket-4-3.jpg|Xiong Fresh Basket|8711 Bradshaw Road, Elk Grove, California 95624|Elk Grove|California|8711 Bradshaw Road|-121.33350|38.443863|95624||||||||||Jun 19th, 2015
CA||JOHN OLIVAS|on-farm market|onfarmmarket|1000||701524|default-onfarmmarket-4-3.jpg|Rancho Notso Grande|11961 Excelsior Avenue, Hanford, California 93230|Hanford|California|11961 Excelsior Avenue|-119.66139|36.401610|93230||https://www.facebook.com/RanchoNotso/||||https://www.ranchonotso.com||||Jun 4th, 2020
CA||Carol Faust|on-farm market|onfarmmarket|1000||701219|default-onfarmmarket-4-3.jpg|Faust Family Farm|9742 Dillwood Rd., Oakdale , California 95361|Oakdale|California|9742 Dillwood Rd.|-120.79311|37.779937|95361||https://www.facebook.com/pages/Faust-Family-Farm/207071019443543?ref=hi||||http://www.localharvest.org/faust-family-farm-M49252||||Mar 1st, 2015
CA||MELINDA PRICE|on-farm market|onfarmmarket|1000||701509|default-onfarmmarket-4-3.jpg|Peace and Plenty Farm|4550 Soda Bay Road, Kelseyville, California 95451|Kelseyville|California|4550 Soda Bay Road|-122.82627|39.011529|95451|https://www.peaceandplenty.events/|@peaceplentyfarm||||https://www.peaceplentyfarm.com||||Mar 20th, 2020
CA||Keiko Nakagawa|on-farm market|onfarmmarket|1000||700802|default-onfarmmarket-4-3.jpg|Nakagawa Ranches|5981 Mountain Ranch Road, San Andreas, California 95249|San Andreas|California|5981 Mountain Ranch Road|0.045662|0.049438|95249||||||www.nakagawaranches.com||||Mar 23rd, 2015
CA||Lou Ballou|on-farm market|onfarmmarket|1000||700996|default-onfarmmarket-4-3.jpg|Ballou's Farm|550 Golden Road, Fallbrook, California 92028|Fallbrook|California|550 Golden Road|-117.24439|33.3725040|92028||||||||||Mar 23rd, 2015
CA||Laura Kapusnik|on-farm market|onfarmmarket|1000||701085|default-onfarmmarket-4-3.jpg|Farm Stand West|2115 Miller Ave, Escondido, California 92025|Escondido|California|2115 Miller Ave|-117.08007|33.092108|92025||http://www.facebook.com/FransOriginalFarmStand|||http://twitter.com/FarmstandWest|http://www.thefarmstandwest.com/||||Mar 23rd, 2015
CA||Edwin Rambuski|on-farm market|onfarmmarket|1000||700025|default-onfarmmarket-4-3.jpg|Templeton Valley Farms|880 Climbing Tree Lane, Templeton, California 93465|Templeton|California|880 Climbing Tree Lane|-120.64107|35.5744920|93465||https://www.facebook.com/TempletonValleyFarms||||http://www.templetonvalleyfarms.com/||||Mar 25th, 2015
CA||Paul Van Warmerdam|on-farm market|onfarmmarket|1000||701322|default-onfarmmarket-4-3.jpg|Top Line Milk|6335 Oakdale Road, Winton, California 95388|Winton|California|6335 Oakdale Road|-120.58656|37.442705|95388||https://www.facebook.com/toplinemilk/|||https://twitter.com/TopLineMilk|www.toplinemilk.com||||Mar 30th, 2016
CA||Katrina Lomax|on-farm market|onfarmmarket|1000||701514|default-onfarmmarket-4-3.jpg|Loose Rooster Ranch|3280 Bixler Road, Brentwood , California 94513|Brentwood|California|3280 Bixler Road|-121.62364|37.893067|94513||@looseroost||||www.looseroosterranch.com||||Mar 31st, 2020
CA||Top Hill Farm|on-farm market|onfarmmarket|1000||701337|default-onfarmmarket-4-3.jpg|Top Hill Farm|2195 Base Line Roaf, Roseville, California 95747|Roseville|California|2195 Base Line Roaf|-121.32192|38.7514201|95747|Top hill farms log spot.com|||||Tophillfarm.com||||May 13th, 2016
CA||Suzi Grady|on-farm market|onfarmmarket|1000||701622|default-onfarmmarket-4-3.jpg|Petaluma Bounty|55 Shasta Ave, Petaluma, California 94952|Petaluma|California|55 Shasta Ave|-122.62843|38.242618|94952||https://www.facebook.com/petalumabounty/||||www.petalumabounty.org||||Nov 22nd, 2021
CA||Burgeson Family Farm|on-farm market|onfarmmarket|1000||700529|default-onfarmmarket-4-3.jpg|Burgeson Family Farm|9911 Quail Hill Drive, Newcastle, California 95658|Newcastle|California|9911 Quail Hill Drive|-121.11492|38.8688000|95658||||||www.burgesonfamilyfarm.com||||Oct 12th, 2014
CA||Katie Andersen|on-farm market|onfarmmarket|1000||701141|default-onfarmmarket-4-3.jpg|KG Farms|7000 Westhill Rd., Valley Springs, California 95252|Valley Springs|California|7000 Westhill Rd.|-120.85915|38.1180620|95252||https://www.facebook.com/KGFarms323||||||||Oct 16th, 2014
CA||stanley geel|on-farm market|onfarmmarket|1000||700468|default-onfarmmarket-4-3.jpg|Sun Mountain Farm|3000 North Canyon Road, Camino, California 95709|Camino|California|3000 North Canyon Road|-120.72219|38.7496880|95709||||||sunmountainfarm.com||||Oct 22nd, 2014
CA||Seth Nitschke|on-farm market|onfarmmarket|1000||701053|default-onfarmmarket-4-3.jpg|Open Space Meats LLC|1215 S Street, Newman, California 95360|Newman|California|1215 S Street|-121.02887|37.3154139|95360|https://www.facebook.com/pages/Open-Space-Meats-Grass-Fed-Beef/57371751078|https://www.facebook.com/pages/Open-Space-Meats-Grass-Fed-Beef/57371751078|||https://www.twitter.com/openspacemeats|http://www.openspacemeats.com/||||Sep 10th, 2014
CA||Paul Del Piero|on-farm market|onfarmmarket|1000||701370|default-onfarmmarket-4-3.jpg|Monterey Gold Honey|PO Box 94, Pebble Beach, California 93953|Pebble Beach|California|PO Box 94|-121.95171|36.568737|93953||https://www.facebook.com/montereygoldhoney||||http://montereygoldhoney.com/||||Sep 13th, 2016
CA||Mike  Fenton|on-farm market|onfarmmarket|1000||701073|default-onfarmmarket-4-3.jpg|Fenton Family Farm|2235 Riverview Road, De Luz, California 92028|De Luz|California|2235 Riverview Road|-117.31544|33.418937|92028||https://www.facebook.com/fentonfamilyfarm||||https://www.facebook.com/fentonfamilyfarm||||Sep 15th, 2014
CA|||on-farm market|onfarmmarket|1000||700506|default-onfarmmarket-4-3.jpg|Scott River Ranch, LLC|1138 East Callahan Road, Etna, California 96027|Etna|California|1138 East Callahan Road|-122.84215|41.441142|96027||||||||||Sep 16th, 2014
CA||Laura|on-farm market|onfarmmarket|1000||700140|default-onfarmmarket-4-3.jpg|Fran's Original Farm Stand|1980 Summit Dr, Escondido, California 92027|Escondido|California|1980 Summit Dr|-117.04501|33.107489|92027||http://www.facebook.com/FransOriginalFarmStand|||http://twitter.com/FarmstandWest|http://www.thefarmstandwest.com/||||Sep 17th, 2014
CA||Ellee Igoe|on-farm market|onfarmmarket|1000||701079|default-onfarmmarket-4-3.jpg|Pauma Tribal Farms|14909 Pauma Valley Drive, Pauma Valley, California 92061|Pauma Valley|California|14909 Pauma Valley Drive|-117.00608|33.311364|92061||https://www.facebook.com/solidarity.farm||||solidarityfarmsd.com||||Sep 17th, 2014
CA|||on-farm market|onfarmmarket|1000||700818|default-onfarmmarket-4-3.jpg|Petit Teton Farm|18601 Highway 128, Yorkville, California|Yorkville|California|18601 Highway 128|-123.34034|38.9624588|||https://www.facebook.com/pages/Petit-Teton-Farm/229690830390080?sk=wall#||||http://www.petitteton.com/||||Sep 23rd, 2014
CA|||on-farm market|onfarmmarket|1000||700988|default-onfarmmarket-4-3.jpg|Growing Grounds Farm|3740 Orcutt Road , San Luis Obispo, California|San Luis Obispo|California|3740 Orcutt Road|-120.63433|35.2609340|||https://www.facebook.com/pages/Growing-Grounds-Farm-San-Luis-Obispo/136646096366619||||http://www.growinggroundsfarm.org/||||Sep 23rd, 2014
CA||Mara Feeney|on-farm market|onfarmmarket|1000||700325|default-onfarmmarket-4-3.jpg|DAMAS Vinyeards|, Fiddletown, California 95629|Fiddletown|California||-120.75656|38.5039105|95629||||||www.damasvineyards.com||||Sep 30th, 2014
CA||MICHAEL HARRIS|on-farm market|onfarmmarket|1000||700523|default-onfarmmarket-4-3.jpg|Harris Orchards|18600 N Ripon Rd, Ripon, California 95366|Ripon|California|18600 N Ripon Rd|-121.12476|37.791711|95366||||||||||Sep 30th, 2014
CA||Robert Ramming|on-farm market|onfarmmarket|1000||700604|default-onfarmmarket-4-3.jpg|Pacific Star Gardens|20872 County Road 99, Woodland, California 95695|Woodland|California|20872 County Road 99|-121.78813|38.6351800|95695||||||||||Sep 30th, 2014
CA||Smokey Ridge Farmstand|on-farm market|onfarmmarket|1000||701108|default-onfarmmarket-4-3.jpg|Smokey Ridge Farmstand|2160 Carson Road, Placerville, California 95667|Placerville|California|2160 Carson Road|-120.75327|38.7440177|95667||||||www.smokeyridgeranch.com||||Sep 30th, 2014
CA||Glennda Morse|on-farm market|onfarmmarket|1000||700285|default-onfarmmarket-4-3.jpg|Morse Mandarin Farm|8 Feathervale Drive, Oroville, California 95966|Oroville|California|8 Feathervale Drive|-121.45330|39.4918480|95966||Morse Farms||||www.morsemandarinfarms.com||||Sep 3rd, 2014
CA||Tina Kummerle|on-farm market|onfarmmarket|1000||701030|default-onfarmmarket-4-3.jpg|123 Farm at Highland Springs Resort|10600 Highland Springs Ave., Cherry Valley, California 92223|Cherry Valley|California|10600 Highland Springs Ave.|-116.94430|33.969105|92223||https://www.facebook.com/hsresort||||www.123farm.com||||Sep 6th, 2014
CA||MARTIN ENGELMAN|on-farm market|onfarmmarket|1000||701031|default-onfarmmarket-4-3.jpg|RANCHO YOBO ORGANICS|15062 ADAMS DRIVE, PAUMA VALLEY, California 92061|PAUMA VALLEY|California|15062 ADAMS DRIVE|-117.00455|33.3462710|92061||||||||||Sep 6th, 2014
CO||Mace Smyth|on-farm market|onfarmmarket|1000|At Mountain View Meats, our mission is to provide consumers with locally grown, fresh, high-quality beef and pork, at the best possible price.  Staying local is best for the cattle, the consumers, and for our business.|701621|onfarmmarket_701621_12496_20220414003153.png|Mountain View Meats|5200 North County Rd 19, Fort Collins, Colorado 80524|Fort Collins|Colorado|5200 North County Rd 19|-105.11135|40.661499|80524||www.facebook.com/mvmeatsfc|www.instagram.com/mvmeatsfc|||www.MVmeatsFC.com||At Mountain View Meats, our mission is to provide consumers with locally grown, fresh, high-quality ...||Apr 13th, 2022
CO||johnny bell|on-farm market|onfarmmarket|1000||700447|default-onfarmmarket-4-3.jpg|Uncle Johnnys UPick Farm|18561 Surface Creek Road, Cedaredge, Colorado 81413|Cedaredge|Colorado|18561 Surface Creek Road|-107.90992|38.923679|81413||https://www.facebook.com/pages/Uncle-Johnnys-U-Pick-Farm/152162904866587||||||||Apr 17th, 2015
CO||Michele Pitts|on-farm market|onfarmmarket|1000||701236|default-onfarmmarket-4-3.jpg|Pitts Family Ranch|15238 Rd 21, Cortez, Colorado 81321|Cortez|Colorado|15238 Rd 21|-108.66221|37.4322350|81321||PittsFamilyRanchGrassfedMilk||||||||Apr 1st, 2015
CO||Curtis Jenkins|on-farm market|onfarmmarket|1000||701129|default-onfarmmarket-4-3.jpg|Jenkins Farm, L.L.C.|7093  County Road 61, Divide, Colorado 80814|Divide|Colorado|7093  County Road 61|-105.16988|38.847830|80814||||||||||Apr 24th, 2015
CO||Lisa Rogers|on-farm market|onfarmmarket|1000||700324|default-onfarmmarket-4-3.jpg|Feed Denver: Sunnyside Farm & Market|44th Avenue and Vallejo Street, Denver, Colorado 80211|Denver|Colorado|44th Avenue and Vallejo Street|-105.01348|39.7765630|80211||www.facebook.com/feeddenver|||www.twitter.com/feeddenver|www.FeedDenver.com||||Aug 13th, 2014
CO||Pete|on-farm market|onfarmmarket|1000||700426|default-onfarmmarket-4-3.jpg|RoastedChile.com|1701 South Cherokee St, Denver, Colorado 80229|Denver|Colorado|1701 South Cherokee St|-104.99152|39.685542|80229||||||Roastedchili.com||||Aug 13th, 2014
CO||Nancy|on-farm market|onfarmmarket|1000||700684|default-onfarmmarket-4-3.jpg|Bartels Land and Livestock Upick and Pumpkin Patch|3424 E. Douglas Road, Ft. Collins, Colorado 80524|Ft. Collins|Colorado|3424 E. Douglas Road|-105.03118|40.694011|80524||https://www.facebook.com/pages/The-Bartels-Pumpkin-Patch/137755902661||||llavud@frii.com||||Aug 13th, 2014
CO||Derek Mullen|on-farm market|onfarmmarket|1000||700795|default-onfarmmarket-4-3.jpg|Everitt Farms|9400 W Alameda Ave, Lakewood, Colorado 80226|Lakewood|Colorado|9400 W Alameda Ave|-105.10169|39.710797|80226||https://www.facebook.com/everittfarms|||https://twitter.com/EverittFarms|www.everittfarms.com||||Aug 13th, 2014
CO||Topsy Holmes|on-farm market|onfarmmarket|1000||700207|default-onfarmmarket-4-3.jpg|Dragonfly Farm|823 1400 Lane, Delta, Colorado 81416|Delta|Colorado|823 1400 Lane|-108.10809|38.773807|81416||||||dragonflychurros.com||||Aug 1st, 2014
CO||Josie Bolton|on-farm market|onfarmmarket|1000||700357|default-onfarmmarket-4-3.jpg|Bolton's Orchards|2257 L Road, Grand Junction, Colorado 81505|Grand Junction|Colorado|2257 L Road|-108.63187|39.1768720|81505||https://www.facebook.com/pages/Boltons-Orchards-and-Farm-Market/342817158274||||||||Aug 1st, 2014
CO||John Mercer|on-farm market|onfarmmarket|1000||700902|default-onfarmmarket-4-3.jpg|Life Cycles Pasture|1875 Locust Rd, MONTROSE, Colorado 81401|MONTROSE|Colorado|1875 Locust Rd|-107.86060|38.4917080|81401|http://www.lifecyclespasture.com/blog/|https://www.facebook.com/pages/Life-Cycles-Pasture/400632466741298?ref=bookmarks||||www.lifecyclespasture.com||||Aug 23rd, 2014
CO||Upper Beaver Creek Ranch|on-farm market|onfarmmarket|1000||700911|default-onfarmmarket-4-3.jpg|Upper Beaver Creek Ranch|116 Red Rock Dr., Penrose, Colorado 81240|Penrose|Colorado|116 Red Rock Dr.|-105.05136|38.534429|81240||||||||||Aug 24th, 2014
CO||David Morton|on-farm market|onfarmmarket|1000||700340|default-onfarmmarket-4-3.jpg|Morton's Organic Orchards|3651 E 1/2 Road, Palisade, Colorado 81526|Palisade|Colorado|3651 E 1/2 Road|-108.37491|39.0835220|81526||||||www.mortonsorchards.com||||Aug 25th, 2014
CO||David Smit|on-farm market|onfarmmarket|1000||701367|default-onfarmmarket-4-3.jpg|Crooked Clove Farm & Ranch LLC|8222 S Perry Park Rd, Larkspur, Colorado 80118|Larkspur|Colorado|8222 S Perry Park Rd|-104.95600|39.241712|80118||www.facebook.com/crookedclove|||www.twitter.com/crookedclove|www.crookedclove.com||||Aug 4th, 2016
CO||Bob Hasse|on-farm market|onfarmmarket|1000||701547|default-onfarmmarket-4-3.jpg|DELYAKS|14679 5875 Rd, Montrose, Colorado 81403|Montrose|Colorado|14679 5875 Rd|-107.99123|38.480011|81403||DELYAKS||||www.yakmeat.us  , www.yaksale.com||||Aug 6th, 2020
CO||Brian Rosino|on-farm market|onfarmmarket|1000||700821|default-onfarmmarket-4-3.jpg|Hugs Farm|616 Stout St, Walsenburg , Colorado 81089|Walsenburg|Colorado|616 Stout St|-104.79355|37.6300888|81089||||||www.HugsFarm.weebly.com||||Aug 7th, 2014
CO||Trudy Perry|on-farm market|onfarmmarket|1000||701195|default-onfarmmarket-4-3.jpg|Heritage Lavender, LLC|4809 Foothills Drive, Berthoud, Colorado 80513|Berthoud|Colorado|4809 Foothills Drive|-105.16339|40.287934|80513|http://heritagelavender.com/|https://www.facebook.com/HeritageLavender?ref=hl||||http://heritagelavender.com/||||Jan 14th, 2015
CO||Emily Adie|on-farm market|onfarmmarket|1000||701468|default-onfarmmarket-4-3.jpg|Harvest Moon Produce LLC|28881 Road P, Dolores, Colorado 81323|Dolores|Colorado|28881 Road P|-108.52200|37.421268|81323|https://harvestmoonproduce.farm/blog/|https://facebook.com/harvestmoonproduce||||https://harvestmoonproduce.farm||||Jan 15th, 2019
CO||Sheila Zuschek|on-farm market|onfarmmarket|1000||701576|default-onfarmmarket-4-3.jpg|Ponderosa Plains Farm|4999 Spruce Court, Elizabeth, Colorado 80107|Elizabeth|Colorado|4999 Spruce Court|-104.57081|39.362073|80107||https://www.facebook.com/PonderosaPlains||||https://ponderosaplains.square.site||||Jan 15th, 2021
CO||Rosemary Graff|on-farm market|onfarmmarket|1000||700116|default-onfarmmarket-4-3.jpg|Laughing Buck Farm|3724 North County Road 13, Fort Collins , Colorado 80524|Fort Collins|Colorado|3724 North County Road 13|-105.05668|40.6404242|80524||https://www.facebook.com/laughingbuckfarm||||www.laughingbuckfarm.com||||Jul 26th, 2014
CO||Tony Cobosco|on-farm market|onfarmmarket|1000||700465|default-onfarmmarket-4-3.jpg|Fresh Start Family Farms LLC.|23700 E 42nd Avenue, Aurora, Colorado 80019|Aurora|Colorado|23700 E 42nd Avenue|-104.71048|39.7746330|80019||https://www.facebook.com/pages/Fresh-Start-Family-Farms/199168826774078?ref=hl||||http://www.freshstartfamilyfarms.com||||Jul 26th, 2014
CO||Britt Colon|on-farm market|onfarmmarket|1000||700538|default-onfarmmarket-4-3.jpg|Colon Orchards|3175 Grandview Avenue, Canon City, Colorado 81212|Canon City|Colorado|3175 Grandview Avenue|-105.18516|38.435304|81212||www.facebook.com/colonorchards||||www.colonorchards.com||||Jul 27th, 2014
CO||Bob Miller|on-farm market|onfarmmarket|1000||700607|default-onfarmmarket-4-3.jpg|On the Vine at Richmond Farms Urban Market|W. Horsetooth and Richmond Dr, Fort Collins, Colorado 80526|Fort Collins|Colorado|W. Horsetooth and Richmond Dr|-105.09942|40.538248|80526||www.facebook.com/onthevinefarm||||www.onthevineatrichmondfarms.com||||Jul 27th, 2014
CO||stacey poland|on-farm market|onfarmmarket|1000||700704|default-onfarmmarket-4-3.jpg|Just What Grows Gardens|25641 County Road T.9, Brush, Colorado 80723|Brush|Colorado|25641 County Road T.9|-103.66679|40.275803|80723||||||||||Jul 28th, 2014
CO||Joe Palombo|on-farm market|onfarmmarket|1000||700730|default-onfarmmarket-4-3.jpg|Palombo Farms Market|11500 Havana Street, Henderson, Colorado 80640|Henderson|Colorado|11500 Havana Street|-104.86412|39.9030356|80640|http://palombomarket.wordpress.com/|https://www.facebook.com/PalomboMarket|||https://twitter.com/@palombomarket|www.PalomboMarket.com||||Jul 29th, 2014
CO||Dennis Duncan|on-farm market|onfarmmarket|1000||700496|default-onfarmmarket-4-3.jpg|High Altitude Rhubarb--Organic Farm & Nursery|7225 Wildridge Road, Black Forest, Colorado 80908|Black Forest|Colorado|7225 Wildridge Road|-104.69274|39.039318|80908||https://www.facebook.com/#!/pages/High-Altitude-Rhubarb-LLC/161735683855277||||http://www.highaltituderhubarb.com||||Jul 30th, 2014
CO||Oogie McGuire|on-farm market|onfarmmarket|1000||700845|default-onfarmmarket-4-3.jpg|Desert Weyr, LLC|16870 Garvin Mesa Road, Paonia, Colorado 81428|Paonia|Colorado|16870 Garvin Mesa Road|-107.57408|38.898061|81428|http://desertweyr.com/blog/|https://www.facebook.com/pages/Desert-Weyr-LLC/56496179294|||https://twitter.com/Oogiem|http://www.desertweyr.com||||Jun 7th, 2015
CO||Stan Searle|on-farm market|onfarmmarket|1000||700233|default-onfarmmarket-4-3.jpg|Searle Ranch|18911 Cherry Springs Ranch Dr., Monument, Colorado 80132|Monument|Colorado|18911 Cherry Springs Ranch Dr.|-104.78193|39.107269|80132||https://www.facebook.com/pages/Searle-Ranch-Grass-Fed-Beef||||searleranch.com||||Mar 23rd, 2015
CO||Paul Alhadef|on-farm market|onfarmmarket|1000||700179|default-onfarmmarket-4-3.jpg|A Wren's Nest Farm|402 S Neilson Ave, Pueblo, Colorado 81001|Pueblo|Colorado|402 S Neilson Ave|-104.55794|38.2639407|81001||https://www.facebook.com/AWrensNestFarm||||http://awrensnest.com/nest/||||Sep 16th, 2014
CO||Marcie Hansen|on-farm market|onfarmmarket|1000||701554|default-onfarmmarket-4-3.jpg|Hansen Family Barnyard|4425 83rd Ave, Greeley, Colorado 80634|Greeley|Colorado|4425 83rd Ave|-104.81344|40.369227|80634||||||Hansenfamilybarnyard.com||||Sep 1st, 2020
CO||Mike Coen|on-farm market|onfarmmarket|1000||701101|default-onfarmmarket-4-3.jpg|Dottie's Garden Spot|22440 County Road 1, Berthoud , Colorado 80513|Berthoud|Colorado|22440 County Road 1|-105.05417|40.3268060|80513||||||||||Sep 26th, 2014
CT||LoriA|on-farm market|onfarmmarket|1000||700033|default-onfarmmarket-4-3.jpg|StandingStone Farm/Flatland Alpacas|285 Sam Chikan Rd, Griswold, Connecticut 06351|Griswold|Connecticut|285 Sam Chikan Rd|-71.941041|41.5576601|06351||https://www.facebook.com/StandingStoneFainters||||https://www.standingstonefarm.com||||Aug 13th, 2014
CT||Warren strong|on-farm market|onfarmmarket|1000||700790|default-onfarmmarket-4-3.jpg|Old Fitch Farm Vineyard|83 Fitchville Road, Bozrah, Connecticut 06334|Bozrah|Connecticut|83 Fitchville Road|-72.138952|41.563339|06334||||||Http://fitchclaremonthouse.com||||Aug 13th, 2014
CT||Tracy|on-farm market|onfarmmarket|1000||700598|default-onfarmmarket-4-3.jpg|Pell Farm|96 Kibbe Grove Road, Somers , Connecticut 06071|Somers|Connecticut|96 Kibbe Grove Road|-72.459035|42.0281882|06071||https://www.facebook.com/pages/Pell-Farm/1448216858744306|||https://twitter.com/PellFarm|www.pell-farms.com||||Aug 15th, 2014
CT||Joanna Kamis|on-farm market|onfarmmarket|1000||700721|default-onfarmmarket-4-3.jpg|Walnut Ledge Farm, LLC|360 Matson Hill Road, South Glastonbury, Connecticut 06073|South Glastonbury|Connecticut|360 Matson Hill Road|-72.583278|41.6535280|06073||https://www.facebook.com/pages/Walnut-Ledge-Farm/421246841298079||||www.walnutledgefarm.com||||Aug 1st, 2014
CT||Susan Averill|on-farm market|onfarmmarket|1000||700332|default-onfarmmarket-4-3.jpg|Averill Farm|250 Calhoun St, Washington Depot, Connecticut 6794|Washington Depot|Connecticut|250 Calhoun St|-73.342029|41.664274|6794|N/a|https://www.facebook.com/pages/Averill-Farm/159088404122324?ref=ts||||Www.averillfarm.com||||Aug 26th, 2014
CT||Patty Sandness|on-farm market|onfarmmarket|1000||700719|default-onfarmmarket-4-3.jpg|Buell's Orchard|108 Crystal Pond Road, Eastford, Connecticut 06242|Eastford|Connecticut|108 Crystal Pond Road|-72.104312|41.917985|06242||www.facebook.com/pages/Buells-Orchard/132499357322|||https://twitter.com/BuellsOrchard|www.buellsorchard.com||||Aug 4th, 2014
CT||Sandra F Brodeur|on-farm market|onfarmmarket|1000||701178|default-onfarmmarket-4-3.jpg|Pakulis Farm LLC|63 Creamery Brook Road, Brooklyn, Connecticut 06234|Brooklyn|Connecticut|63 Creamery Brook Road|-71.934901|41.772394|06234||https://www.facebook.com/pakulis.farm||||||||Dec 4th, 2014
CT||Eric Henry|on-farm market|onfarmmarket|1000||701187|default-onfarmmarket-4-3.jpg|Blue Hills Orchard|141Blue Hills Rd., Wallingford, Connecticut 06492|Wallingford|Connecticut|141Blue Hills Rd.|-72.866826|41.4486597|06492||Blue Hills Orchard||||bluehillsorchard.com||||Jan 5th, 2015
CT||Gina White|on-farm market|onfarmmarket|1000||701362|default-onfarmmarket-4-3.jpg|White Stone Acres|113 South Rd, Winchester Center, Connecticut 06098|Winchester Center|Connecticut|113 South Rd|-73.131064|41.896949|06098||www.facebook.com/whitestoneacres||||www.whitestoneacres.com||||Jul 20th, 2016
CT||Peter Sepe|on-farm market|onfarmmarket|1000||700253|default-onfarmmarket-4-3.jpg|Sepe Farm LLC|83 Toddy Hill Road, Sandy Hook, Connecticut 06482|Sandy Hook|Connecticut|83 Toddy Hill Road|-73.258523|41.391519|06482||https://www.facebook.com/SepeFarm||||www.sepefarm.com||||Jul 26th, 2014
CT||Bob and Sally Futh|on-farm market|onfarmmarket|1000||700475|default-onfarmmarket-4-3.jpg|Starberry Farm|47 & 81 Kielwasser Road, Washington Depot, Connecticut 06794|Washington Depot|Connecticut|47 & 81 Kielwasser Road|-73.335148|41.664623|06794||||||||||Jul 26th, 2014
CT||Allen and Robin Cockerline|on-farm market|onfarmmarket|1000||700008|default-onfarmmarket-4-3.jpg|Whippoorwill Farm|189 Salmon Kill Rd, Salisbury, Connecticut 06039|Salisbury|Connecticut|189 Salmon Kill Rd|-73.401747|41.964324|06039||https://www.facebook.com/WhippoorwillFarm||||WhippoorwillFarmCT.com||||Jul 27th, 2014
CT|||on-farm market|onfarmmarket|1000||700780|default-onfarmmarket-4-3.jpg|Lost Acres Orchard|130 Lost Acres Road, North Granby, Connecticut 6060|North Granby|Connecticut|130 Lost Acres Road|-72.861531|42.0095720|6060||||||www.lostacres.com||||Jul 27th, 2014
CT||Cheney Family Farm|on-farm market|onfarmmarket|1000||700522|default-onfarmmarket-4-3.jpg|Cheney Family Farm|144 Mansfield Rd, Harwinton, Connecticut 06791|Harwinton|Connecticut|144 Mansfield Rd|-73.100964|41.745224|06791||https://www.facebook.com/CheneyFamilyFarm?ref_type=bookmark||||www.cheneyfamilyfarm.com||||Jul 28th, 2014
CT||Christopher Staehly|on-farm market|onfarmmarket|1000||700225|default-onfarmmarket-4-3.jpg|Staehly Farms|278 Town Street, East Haddam, Connecticut 6423|East Haddam|Connecticut|278 Town Street|-72.432965|41.453149|6423||https://www.facebook.com/Staehlys||||http://www.staehlys.com/||||Jul 30th, 2014
CT||Lise goedewaagen|on-farm market|onfarmmarket|1000||700687|default-onfarmmarket-4-3.jpg|The Village Farm|682 Kent Rd., Gaylordsville, Connecticut 06755|Gaylordsville|Connecticut|682 Kent Rd.|-73.483988|41.643795|06755||The  Village Farm and World\'s Best Wreaths||||||||Jul 6th, 2016
CT||Mary Concklin|on-farm market|onfarmmarket|1000||700727|default-onfarmmarket-4-3.jpg|Raspberry Knoll Farm LLC|163 North Windham Rd, North Windham, Connecticut 06256|North Windham|Connecticut|163 North Windham Rd|-72.166800|41.721441|06256||www/facebook.com/raspberryknoll||||www.raspberryknoll.com||||Jun 10th, 2016
CT||John Morosani|on-farm market|onfarmmarket|1000||700286|default-onfarmmarket-4-3.jpg|Laurel Ridge Grass Fed Beef|66 Wigwam Road, Litchfield, Connecticut 6759|Litchfield|Connecticut|66 Wigwam Road|-73.134770|41.703911|6759||||||www.lrgfb.com||||Mar 23rd, 2015
CT|||on-farm market|onfarmmarket|1000||700584|default-onfarmmarket-4-3.jpg|Bishops Orchards location 1|1355 Boston Post Road, Guilford, Connecticut 06437|Guilford|Connecticut|1355 Boston Post Road|-72.694628|41.289406|06437||||||www.bishopsorchards.com||||Mar 24th, 2015
CT|Open: Year-round<br>Available Products: Poultry/fowl meat and products;|Kelley Babbin|on-farm market|onfarmmarket|1000|Howling Flats Farm is a small family farm in the NW Corner of Connecticut raising Certified Humane Grass fed Angus, pasture raised pork and lamb utilizing holistic management practices.|701652|csa_200704_10242_20220330133407.png|Howling Flats Farm|19 Raymond Avenue, North Canaan, Connecticut 06018|North Canaan|Connecticut|19 Raymond Ave|-73.3552462|42.0103946|06018||www.facebook.com/howlingflatsfarm|https://www.instagram.com/howlingflatsfarmer/|||www.howlingflatsfarm.com||Howling Flats Farm is a small family farm in the NW Corner of Connecticut raising ...||Mar 30th, 2022
CT||Tyler Rose|on-farm market|onfarmmarket|1000||701375|default-onfarmmarket-4-3.jpg|Rose Orchards|33 Branford rd., North Branford, Connecticut 06471|North Branford|Connecticut|33 Branford rd.|-72.771086|41.3078192|06471||https://www.facebook.com/roseorchardsfarm/||||roseorchardsfarm.com||||Nov 30th, 2016
CT||Jessica & Jeffrey|on-farm market|onfarmmarket|1000||700157|default-onfarmmarket-4-3.jpg|Common Ground CSA|46 Lake Hayward Town Road, Colchester, Connecticut 06415|Colchester|Connecticut|46 Lake Hayward Town Road|-72.337980|41.519525|06415||https://www.facebook.com/commongroundcsa||||www.commongroundcsa.com||||Oct 15th, 2014
CT||Jessica & Jeffrey|on-farm market|onfarmmarket|1000||701138|default-onfarmmarket-4-3.jpg|COLD SPRING FARM at Lake Hayward|, East Haddam, Connecticut 06423|East Haddam|Connecticut||-72.475776|41.5034351|06423||||||||||Oct 15th, 2014
CT||Patty Taylor|on-farm market|onfarmmarket|1000||700494|default-onfarmmarket-4-3.jpg|Devon Point Farm|54 Joy Road, Woodstock, Connecticut 6281|Woodstock|Connecticut|54 Joy Road|-71.986364|41.955761|6281||||||http://www.devonpointfarm.com||||Sep 14th, 2014
CT||ROBERT BRAUTIGAM|on-farm market|onfarmmarket|1000||700683|default-onfarmmarket-4-3.jpg|Oak Haven Farm|113 Khourie Road, Scotland, Connecticut 06264|Scotland|Connecticut|113 Khourie Road|-72.077528|41.684190|06264||||||lmsmith@snet.net||||Sep 16th, 2014
CT||Jessica Wong|on-farm market|onfarmmarket|1000||701092|default-onfarmmarket-4-3.jpg|Holbrook Farm Market|45 Turkey Plain RD, Bethel, Connecticut 06801|Bethel|Connecticut|45 Turkey Plain RD|-73.416749|41.3462840|06801||https://www.facebook.com/pages/Holbrook-Farm/201052823263981?ref=br_tf||||http://holbrookfarm.net/index.html||||Sep 23rd, 2014
CT||Mike\'s Beehives LLC|on-farm market|onfarmmarket|1000||701103|default-onfarmmarket-4-3.jpg|Mike's Beehives LLC|94 Mallory Rd, Roxbury, Connecticut 06783|Roxbury|Connecticut|94 Mallory Rd|-73.291478|41.516591|06783|www.mikesbeehives.com|Mike\'s Beehives LLC|||Mike\'s  Beehives|www.mikesbeehives.com||||Sep 27th, 2014
CT||Denise Curran|on-farm market|onfarmmarket|1000||700222|default-onfarmmarket-4-3.jpg|Stone Bridge Farm Alpacas|116 Crary Rd., Griswold, Connecticut 06351|Griswold|Connecticut|116 Crary Rd.|-71.950160|41.568413|06351||https://www.facebook.com/stonebridgealpacas||||http://www.stonebridgealpacas.com/||||Sep 30th, 2014
DE||Randi Novakoff|on-farm market|onfarmmarket|1000||701352|default-onfarmmarket-4-3.jpg|Southbridge Youth Farm Stand|1218 B. Street, Wilmington, Delaware 19801|Wilmington|Delaware|1218 B. Street|-75.542868|39.7284250|19801||https://www.facebook.com/YouthFarmStandandPopupMarket/||||https://swpn.org/southbridgecommunitygarden/||||Jul 11th, 2016
DE||Steve and Rhonda Cook|on-farm market|onfarmmarket|1000||701223|default-onfarmmarket-4-3.jpg|Cook Family Farm's - CoolRockStock|3300 Frazer Rd, Newark , Delaware 19702|Newark|Delaware|3300 Frazer Rd|-75.764456|39.5560199|19702||Cook Family Farm||||coolrockstock.com||||Mar 10th, 2015
DE||Ashley Snyder|on-farm market|onfarmmarket|1000||700903|default-onfarmmarket-4-3.jpg|Maebrook Produce|Hearns Pond Rd, Seaford, Delaware 19973|Seaford|Delaware|Hearns Pond Rd|-75.614455|38.6834350|19973||https://www.facebook.com/MaebrookProduce||||www.maebrookproduce.com||||Mar 24th, 2015
DE|||on-farm market|onfarmmarket|1000||701265|default-onfarmmarket-4-3.jpg|Highland Orchards Farm Market|1431 Foulk Rd, Wilmington, Delaware 19803|Wilmington|Delaware|1431 Foulk Rd|-75.521104|39.801994|19803|http://highlandorchards.blogspot.com/|https://www.facebook.com/highlandorchards|||https://twitter.com/highlandcsa|www.highlandorchardsfarmmarket.com||||May 19th, 2015
FL||Melissa Goltermann|on-farm market|onfarmmarket|1000|Momma G Farms is a 501c3 not for profit farm that is dedicated to educating the community how to grow and use nutrient dense plants that can improve their health and their food security.|701532|default-onfarmmarket-4-3.jpg|Momma G Farms|36815 LESLYE LN, EUSTIS, Florida 32736|EUSTIS|Florida|36815 LESLYE LN|-81.529005|28.884393|32736||https://www.facebook.com/mommagfarm|https://www.instagram.com/mommagfarms|||www.mommagfarms.org||Momma G Farms is a 501c3 not for profit farm that is dedicated to educating ...||Apr 12th, 2022
FL||Katharine Lune|on-farm market|onfarmmarket|1000||701477|default-onfarmmarket-4-3.jpg|Heirloom Country Farms|15880 SE 36th Ave, Summerfield, Florida 34491|Summerfield|Florida|15880 SE 36th Ave|-82.089987|28.991447|34491||Heirloom Countryfarms|||Heirloom Cntry Farms|www.heirloomcountryfarms.com||||Apr 16th, 2019
FL||Rosie Garcia|on-farm market|onfarmmarket|1000||701403|default-onfarmmarket-4-3.jpg|Gray's and Danny's Meat Plant|29513 US Highway 27th Moore Haven, FL, Moore Haven , Florida 33471|Moore Haven|Florida|29513 US Highway 27th Moore Haven, FL|-81.082060|26.7822802|33471||www.Facebook.com/GDMeatPlant||||http://www.GDMeatPlant.com/||||Apr 19th, 2017
FL||andrea schielka|on-farm market|onfarmmarket|1000||701404|default-onfarmmarket-4-3.jpg|Wingspread Farm|3003 Pearson Road, Valrico, Florida 33596|Valrico|Florida|3003 Pearson Road|-82.226861|27.9007480|33596|https://wingspread.farm/blog/|https://www.facebook.com/WingspreadFarm-739542422837766/||||https://wingspread.farm/farmstand/||||Apr 27th, 2017
FL||DkBlueberries|on-farm market|onfarmmarket|1000||700491|default-onfarmmarket-4-3.jpg|D&K Upick Blueberries|1615 U.s. Highway 92 East, Seffner, Florida 33584|Seffner|Florida|1615 U.s. Highway 92 East|-82.255264|28.013423|33584||||||||||Apr 8th, 2015
FL||Carlton Myers|on-farm market|onfarmmarket|1000||700484|default-onfarmmarket-4-3.jpg|Carlton Myers Nursery and Orchard|14451 NE County Road 339, Trenton, Florida 32693|Trenton|Florida|14451 NE County Road 339|-82.750581|29.5425110|32693||https://www.facebook.com/carltonmyerspersimmon||||||||Aug 13th, 2014
FL||Mark Rebman|on-farm market|onfarmmarket|1000||700662|default-onfarmmarket-4-3.jpg|Rebman Farms Llc.|3604 Barjar Place, Plant City, Florida 33565|Plant City|Florida|3604 Barjar Place|-82.208963|28.0531100|33565||||||Merker95@yahoo.com||||Aug 13th, 2014
FL||Richard Kann|on-farm market|onfarmmarket|1000||700759|default-onfarmmarket-4-3.jpg|Heart of Christmas Farms LLC|21310 Fort Christmas Rd, Christmas, Florida 32709|Christmas|Florida|21310 Fort Christmas Rd|-81.057472|28.574788|32709|http://hocf.blogspot.com/|www.facebook.com/hocfarms||||www.hocfarms.com||||Aug 13th, 2014
FL||Aleece Landis|on-farm market|onfarmmarket|1000||700085|default-onfarmmarket-4-3.jpg|Aquaponic Lynx LLC|8748 Guava St, Yalaha, Florida 34797|Yalaha|Florida|8748 Guava St|-81.807912|28.737419|34797||https://www.facebook.com/pages/Aquaponic-Lynx-LLC/120267698035287?ref=hl||||http://www.aquaponiclynx.com/||||Aug 14th, 2014
FL||Joann Beasley|on-farm market|onfarmmarket|1000||700084|default-onfarmmarket-4-3.jpg|Beasley Farm of Brooksville|10137 Preston Rd. just off Mondon Hill Road, Brooksville, Florida 34601|Brooksville|Florida|10137 Preston Rd. just off Mondon Hill Road|-82.338054|28.5530743|34601|beasleyfarmbrooksville.blogspot.com|https://www.facebook.com/pages/Beasley-Farms/246402592050005?fref=ts||||beasleyfarmbrooksville.blogspot.com or Beasley Farm facebook||||Aug 1st, 2014
FL||ken hawes|on-farm market|onfarmmarket|1000||700866|default-onfarmmarket-4-3.jpg|Jonesville Persimmons|17010 West Newberry Road, Newberry, Florida 32669|Newberry|Florida|17010 West Newberry Road|-82.524445|29.6545260|32669||||||||||Aug 21st, 2014
FL||Madison|on-farm market|onfarmmarket|1000||700877|default-onfarmmarket-4-3.jpg|Liberty Farms of Florida|4540 Corey Road, Grant-Valkaria, Florida 32950|Grant-Valkaria|Florida|4540 Corey Road|-80.590126|27.9454762|32950||https://www.facebook.com/libertyfarmsflorida||||http://libertyfarms.info/home||||Aug 22nd, 2014
FL||Daniel Anson|on-farm market|onfarmmarket|1000||700884|default-onfarmmarket-4-3.jpg|South Moon Farms|15912 S County Road 325, Hawthorne, Florida 32640|Hawthorne|Florida|15912 S County Road 325|-82.167327|29.4863878|32640||https://www.facebook.com/SouthMoonFarms||||http://upickblueberriesgainesville.com||||Aug 22nd, 2014
FL||Joseph Hancock|on-farm market|onfarmmarket|1000||700913|default-onfarmmarket-4-3.jpg|Hancock Groves|31107 Blanton Road, Dade CIty, Florida 33523|Dade CIty|Florida|31107 Blanton Road|-82.302178|28.420417|33523||||||||||Aug 24th, 2014
FL||Michael Bender|on-farm market|onfarmmarket|1000||700944|default-onfarmmarket-4-3.jpg|Bender's Tropical Grove|14800 sw 31st ct, Davie , Florida 33331|Davie|Florida|14800 sw 31st ct|-80.346566|26.081398|33331||https://www.facebook.com/pages/Benders-Tropical-Grove/119092214773666|||https://www.twitter.com/bendersgrove|Bendersgrove.com||||Aug 26th, 2014
FL||James Dezell|on-farm market|onfarmmarket|1000||700947|default-onfarmmarket-4-3.jpg|The Farmers Market at Flamingo Road Nursery|1655 Flamingo Road, Davie, Florida 33325|Davie|Florida|1655 Flamingo Road|-80.315158|26.0989820|33325||https://www.facebook.com/FlamingoRoadNursery||||www.flamingoroadnursery.com||||Aug 26th, 2014
FL||Clarke Parker|on-farm market|onfarmmarket|1000||700974|default-onfarmmarket-4-3.jpg|Hiamonee Farms|13170 N. Meridian Rd., Tallahassee , Florida 32312|Tallahassee|Florida|13170 N. Meridian Rd.|-84.282286|30.640816|32312||https://www.facebook.com/pages/Hiamonee-Farms/172018742823967?ref=bookmarks||||||||Aug 28th, 2014
FL||Valarie Meadors|on-farm market|onfarmmarket|1000||700665|default-onfarmmarket-4-3.jpg|Meadors Blueberry Farm|3685 Orlando Avenue, Mims, Florida 32754|Mims|Florida|3685 Orlando Avenue|-80.85993|28.715838|32754||www.facebook.com/MeadorsBlueberryFarm||||||||Aug 31st, 2014
FL||Mark Davis|on-farm market|onfarmmarket|1000||700230|default-onfarmmarket-4-3.jpg|Shockley Springs Blueberry Farm|7097 Old River Road, Baker, Florida 32531|Baker|Florida|7097 Old River Road|-86.597905|30.888099|32531||https://www.facebook.com/pages/Shockley-Springs-Nursery/83091184375?ref=hl&ref_type=bookmark||||http://shockleysprings.com||||Aug 3rd, 2014
FL||Nicole Paquette|on-farm market|onfarmmarket|1000||700065|default-onfarmmarket-4-3.jpg|Persimmony Snickets, LLC.|102 Palm Beach St, Lake Placid, Florida 33852|Lake Placid|Florida|102 Palm Beach St|-81.315715|27.2238330|33852||https://www.facebook.com/PersimmonySnicketsFarm|||https://www.twitter.com/PSnickets|www.persimmonysnickets.com||||Aug 7th, 2014
FL||Kevin Quigley|on-farm market|onfarmmarket|1000||701294|default-onfarmmarket-4-3.jpg|Criswell Farms|24 NW 6th Avenue, Fort Lauderdale, Florida 33311|Fort Lauderdale|Florida|24 NW 6th Avenue|-80.149529|26.1225240|33311||https://www.facebook.com/pages/Criswell-Farms-LLC/1375826332671388?fref=ts||||||||Aug 9th, 2015
FL||Chad Ritch|on-farm market|onfarmmarket|1000||701175|default-onfarmmarket-4-3.jpg|Ridge Island Groves, Inc.|6000 Polk City Road, Haines City, Florida 33844|Haines City|Florida|6000 Polk City Road|-81.677643|28.158483|33844||https://www.facebook.com/RidgeIslandGroves||||http://www.ridgeislandgroves.com||||Dec 1st, 2014
FL||Tim Lovelace|on-farm market|onfarmmarket|1000||701495|default-onfarmmarket-4-3.jpg|Eden Gardens Jax|9179 Garden St, Jacksonville , Florida 32219|Jacksonville|Florida|9179 Garden St|-81.811935|30.408552|32219||Http://Facebook.com/edengardensjax||||Https://edengardensjax.org||||Dec 29th, 2019
FL||Enrique Delgado|on-farm market|onfarmmarket|1000||701582|default-onfarmmarket-4-3.jpg|Redland Forest Farm|18575 SW 280th Street, Homestead, Florida 33031|Homestead|Florida|18575 SW 280th Street|-80.493758|25.506419|33031||||||||||Feb 10th, 2021
FL||Randy and Tracey Duncan|on-farm market|onfarmmarket|1000||701266|default-onfarmmarket-4-3.jpg|The Flyin D Ranch|4166 Millside Road, Laurel Hill , Florida 32567|Laurel Hill|Florida|4166 Millside Road|-86.455150|30.929088|32567||||||TheFlyinDRanch.com||||Feb 21st, 2016
FL||Brooke Hill|on-farm market|onfarmmarket|1000||701442|default-onfarmmarket-4-3.jpg|Southern Hill Farms, Inc.|16651 Schofield Road, Clermont, Florida 34714|Clermont|Florida|16651 Schofield Road|-81.679880|28.4488130|34714|https://southernhillfarms.com/blog|www.facebook.com/southernhillfarms|||www.twitter.com/shfblueberries|https://southernhillfarms.com||||Feb 21st, 2018
FL||Tracey Herrera|on-farm market|onfarmmarket|1000||701579|default-onfarmmarket-4-3.jpg|The Villages Grown Retail Store|2666 West Torch Lake Dr, The Villages, Florida 32163|The Villages|Florida|2666 West Torch Lake Dr|-82.080985|28.7047131|32163||||||www.TheVillagesGrown.com||||Feb 3rd, 2021
FL||Doug Melcher|on-farm market|onfarmmarket|1000||700488|default-onfarmmarket-4-3.jpg|Bellablue Berry Farm|43405 State Road 64 East, Myakka Head, Florida 34251|Myakka Head|Florida|43405 State Road 64 East|-82.096539|27.459539|34251||BellaBlue Berry Farm||||www.bellablueberryfarm.com||||Jan 27th, 2015
FL||Patrick Humphrey|on-farm market|onfarmmarket|1000||701469|default-onfarmmarket-4-3.jpg|Sustainable Seasons Farm|, Lake Wales, Florida 33898|Lake Wales|Florida||-81.596409|27.924955|33898||||||www.sustainableseasons.com||||Jan 28th, 2019
FL||Bill and Robin Popp|on-farm market|onfarmmarket|1000||700315|default-onfarmmarket-4-3.jpg|Laughing Chicken Farm|2397 SE 37th Avenue, Trenton, Florida 32693|Trenton|Florida|2397 SE 37th Avenue|-82.745686|29.703875|32693||https://www.facebook.com/pages/Laughing-Chicken-Farm/108558185834354||||www.laughingchickenfarm.com||||Jul 26th, 2014
FL||Loftus Family Farm|on-farm market|onfarmmarket|1000||700490|default-onfarmmarket-4-3.jpg|Loftus Family Farm|15585 NW 29 Street, Gainesville, Florida 32609|Gainesville|Florida|15585 NW 29 Street|-82.367138|29.7986300|32609||||||www.loftusfamilyfarm.com/||||Jul 26th, 2014
FL||David English|on-farm market|onfarmmarket|1000||700521|default-onfarmmarket-4-3.jpg|LE Farms LLC|2763 Caniehead Rd, Campbellton, Florida 32416|Campbellton|Florida|2763 Caniehead Rd|-85.365221|30.9599602|32416||||||www.chestnutsrus.com||||Jul 26th, 2014
FL|||on-farm market|onfarmmarket|1000||700562|default-onfarmmarket-4-3.jpg|Bramble Bush Farm|27400 Old Trilby Road, Brooksville, Florida 34602|Brooksville|Florida|27400 Old Trilby Road|-82.282849|28.5061180|34602||||||||||Jul 26th, 2014
FL||Rick Meredith|on-farm market|onfarmmarket|1000||700582|default-onfarmmarket-4-3.jpg|Genes Patch|6381 Tulip Drive, Wesley Chapel, Florida 33544|Wesley Chapel|Florida|6381 Tulip Drive|-82.382689|28.2494100|33544||||||||||Jul 26th, 2014
FL|||on-farm market|onfarmmarket|1000||700681|default-onfarmmarket-4-3.jpg|Cypress Cattle and Produce|2980 R.M. Ward Road, Ponce De Leon, Florida 32455|Ponce De Leon|Florida|2980 R.M. Ward Road|-85.875196|30.703488|32455||||||www.cypresscattle.com||||Jul 26th, 2014
FL||Jenny Franklin|on-farm market|onfarmmarket|1000||700712|default-onfarmmarket-4-3.jpg|High Springs Orchard Bakery LLC|10804 Nw Sr 45, High Springs, Florida 32643|High Springs|Florida|10804 Nw Sr 45|-82.610296|29.7548850|32643||https://www.facebook.com/pages/High-Springs-Orchard-Bakery/147947418567459||||www.highspringsorchard.com||||Jul 26th, 2014
FL||Stacie Blank|on-farm market|onfarmmarket|1000||700022|default-onfarmmarket-4-3.jpg|The Farm|9050 Corkscrew Road, Estero, Florida 33928|Estero|Florida|9050 Corkscrew Road|-81.804158|26.4303040|33928||https://www.facebook.com/TheFarmEstero||||thefarm-estero .com||||Jul 27th, 2014
FL||Michael Wallace|on-farm market|onfarmmarket|1000||700075|default-onfarmmarket-4-3.jpg|Pine Island Botanicals, Inc|12571 Aubrey Ln, Bokeelia, Florida 33922|Bokeelia|Florida|12571 Aubrey Ln|-82.122561|26.6449070|33922||https://www.facebook.com/pages/Pine-Island-Botanicals/306895999417914?fref=ts||||http://www.pineislandbotanicals.com||||Jul 27th, 2014
FL||Kevin O\'Dare|on-farm market|onfarmmarket|1000||700087|default-onfarmmarket-4-3.jpg|Osceola Organic Farm|6980 33rd street, Vero Beach, Florida 32966|Vero Beach|Florida|6980 33rd street|-80.470328|27.653808|32966|kevin.osceolaorganicfarm.com|https://www.facebook.com/osceolaorganicfarm||||osceolaorganicfarm.com||||Jul 27th, 2014
FL||John Lawson|on-farm market|onfarmmarket|1000||700213|default-onfarmmarket-4-3.jpg|Hydro Harvest Farms|1101 Shell Point Rd East, Ruskin, Florida 33570|Ruskin|Florida|1101 Shell Point Rd East|-82.420079|27.7205480|33570||https://www.facebook.com/hydroharvestfarms||||http://www.hydroharvestfarms.com/||||Jul 27th, 2014
FL||Uford Madden|on-farm market|onfarmmarket|1000||700273|default-onfarmmarket-4-3.jpg|Goat First Network:Mahan Farms Enterperises|16824 Mahan Drive, Tallahassee, Florida 32309|Tallahassee|Florida|16824 Mahan Drive|-83.995597|30.528972|32309||||||goatfirstnetwork.com||||Jul 27th, 2014
FL||Patricia Mudge|on-farm market|onfarmmarket|1000||700600|default-onfarmmarket-4-3.jpg|Pattys Patch Blueberry Upick|1320 Hog Wallow Lane SW, Labelle, Florida 33935|Labelle|Florida|1320 Hog Wallow Lane SW|-81.471965|26.821593|33935||https://www.facebook.com/PattysPatchBlueberryUPick||||www.pattyspatch.com||||Jul 27th, 2014
FL|||on-farm market|onfarmmarket|1000||700650|default-onfarmmarket-4-3.jpg|Abshier Blueberry Farm|3960 SE 115th Street, Belleview, Florida 34420|Belleview|Florida|3960 SE 115th Street|-82.081751|29.0533560|34420||www.facebook.com/pages/Abshier-Blueberry-Farm/295455157137236pages/Abshier-Blueberry-Farm/295455157137236||||Www.abshierblueberryfarm.com||||Jul 27th, 2014
FL||William Grissom|on-farm market|onfarmmarket|1000||700651|default-onfarmmarket-4-3.jpg|Al and MLiss Grissom|3261 Endsley Road, Brooksville, Florida 34604|Brooksville|Florida|3261 Endsley Road|-82.387655|28.481463|34604||||||||||Jul 27th, 2014
FL||Donald Cowern|on-farm market|onfarmmarket|1000||700652|default-onfarmmarket-4-3.jpg|Blueberry Hill Farm Inc.|1522 CR 308, Crescent City, Florida 32112|Crescent City|Florida|1522 CR 308|-81.571514|29.442212|32112||https://www.facebook.com/pages/Blueberry-Hill-Farm/353380774779857||||||||Jul 27th, 2014
FL||Kim Anderson|on-farm market|onfarmmarket|1000||700720|default-onfarmmarket-4-3.jpg|Windy Hill Vineyard|14663 Mahan Drive, Tallahassee, Florida 32309|Tallahassee|Florida|14663 Mahan Drive|-84.029641|30.5220880|32309||||||windyhillvineyard.com||||Jul 27th, 2014
FL|||on-farm market|onfarmmarket|1000||700750|default-onfarmmarket-4-3.jpg|Honeyside Farms|8276 Ibis Street, Sarasota, Florida 34241|Sarasota|Florida|8276 Ibis Street|-82.434218|27.239731|34241||https://www.facebook.com/HoneysideFarms||||www.honeysidefarms.com||||Jul 27th, 2014
FL||Susan Williams|on-farm market|onfarmmarket|1000||700024|default-onfarmmarket-4-3.jpg|The Back Acres Farm|8335 240th Street, O\'Brien, Florida 32071|O\'Brien|Florida|8335 240th Street|-82.917384|30.0142258|32071||https://www.facebook.com/thebackacresfarm||||http://thebackacresfarm.com||||Jul 28th, 2014
FL||Kenneth Der|on-farm market|onfarmmarket|1000||700401|default-onfarmmarket-4-3.jpg|Big Bear Farms, Inc.|7606 Kinard Rd., Plant City, Florida 33565|Plant City|Florida|7606 Kinard Rd.|-82.232089|28.065417|33565||||||BIGBEARFARMS.MYSITE.COM||||Jul 28th, 2014
FL||BRAD LINGO|on-farm market|onfarmmarket|1000||700540|default-onfarmmarket-4-3.jpg|Brads Organic Blueberries|7450 Ne 135th Street, Bronson, Florida 32621|Bronson|Florida|7450 Ne 135th Street|-82.652593|29.531500|32621||||||||||Jul 28th, 2014
FL|||on-farm market|onfarmmarket|1000||700784|default-onfarmmarket-4-3.jpg|Fresh Start Farm Inc|2331 Red Ember Road, Oviedo, Florida 32765|Oviedo|Florida|2331 Red Ember Road|-81.161499|28.6241510|32765||||||||||Jul 28th, 2014
FL||Isabel Way|on-farm market|onfarmmarket|1000||700382|default-onfarmmarket-4-3.jpg|Colusa Farms|, Naples, Florida|Naples|Florida||-81.794810|26.1420358|||||||www.colusafarms.com||||Jul 30th, 2014
FL||Michael Bresk|on-farm market|onfarmmarket|1000||700668|default-onfarmmarket-4-3.jpg|Mitillini Vineyards|17569 76th Street, Live Oak, Florida 32060|Live Oak|Florida|17569 76th Street|-83.114041|30.313149|32060||https://www.facebook.com/pages/Mitillini-Vineyards/101321156639678?ref=hl||||http://www.mitillinivineyards.com/||||Jul 30th, 2014
FL||Donnie Weaver|on-farm market|onfarmmarket|1000||700150|default-onfarmmarket-4-3.jpg|Great Tasting Pigs|16323 NW 37 Dr, Gainesville, Florida 32609|Gainesville|Florida|16323 NW 37 Dr|-82.382328|29.806093|32609||https://www.facebook.com/greattastingpigs||||greattastingpigs.com||||Jul 31st, 2014
FL||Jeff Lewis|on-farm market|onfarmmarket|1000||701281|default-onfarmmarket-4-3.jpg|Peach Pit Farms|11106 State Road 674, lithia, Florida 33547|lithia|Florida|11106 State Road 674|-82.190870|27.705119|33547||||||||||Jul 4th, 2015
FL||Michael DeFelice|on-farm market|onfarmmarket|1000||701342|default-onfarmmarket-4-3.jpg|Twelve Oaks Community Farms, Inc.|5344 White Road, Brooksville , Florida 34602|Brooksville|Florida|5344 White Road|-82.278176|28.5093419|34602||||||||||Jun 21st, 2016
FL||Sarah Coffey|on-farm market|onfarmmarket|1000||700761|default-onfarmmarket-4-3.jpg|Stetson Farmers Market|234 E Michigan Ave, Deland, Florida 32723|Deland|Florida|234 E Michigan Ave|-81.300512|29.032739|32723||https://www.facebook.com/HatterHarvest||||http://stetson.orgsync.com/org/hatterharvest||||Jun 8th, 2015
FL||Jeff and Janet Sampson|on-farm market|onfarmmarket|1000||700042|default-onfarmmarket-4-3.jpg|Sampson Family Farm|17790 96th St., Live Oak, Florida 32060|Live Oak|Florida|17790 96th St.|-83.117329|30.275264|32060||https://www.facebook.com/sampsonfamilyfarm||||sampsonfamilyfarm.com||||Mar 23rd, 2015
FL||Delores Green|on-farm market|onfarmmarket|1000||700414|default-onfarmmarket-4-3.jpg|Green Meadows Farm|177 East Bluebird Road, Monticello, Florida 32344|Monticello|Florida|177 East Bluebird Road|-83.926417|30.532259|32344||GreenMeadowsFarm||||localharvest.org/greenmeadowsfarm||||Mar 23rd, 2015
FL||Mark Jordan|on-farm market|onfarmmarket|1000||700131|default-onfarmmarket-4-3.jpg|Hardy Farms LLC|2102 N Shannon Ave, Plant City, Florida 33563|Plant City|Florida|2102 N Shannon Ave|-82.119575|28.0325360|33563||https://www.facebook.com/hardypalmtrees||||www.hardypalmtrees.com||||Mar 24th, 2015
FL||Tara Boshell|on-farm market|onfarmmarket|1000||700214|default-onfarmmarket-4-3.jpg|The Showcase of Citrus|5010 Highway 27, Clermont, Florida 34714|Clermont|Florida|5010 Highway 27|-81.705697|28.419663|34714||https://www.facebook.com/pages/The-Showcase-of-Citrus/357567637588517||||www.showcaseofcitrus.com||||Mar 26th, 2015
FL||Sandy Robinson|on-farm market|onfarmmarket|1000||701251|default-onfarmmarket-4-3.jpg|SANDY ACRE AVOCADO & MANGO FARM|23515 S.W. 162 Ave, Homestead , Florida 33031|Homestead|Florida|23515 S.W. 162 Ave|-80.453495|25.547377|33031||||||||||May 1st, 2015
FL|Open: May to July; 06/01/2022 to 07/10/2022; <br>Available Products: Fresh fruits;Canned or preserved fruits/vegetables;Cut flowers;|Scott & Billie Rooney|on-farm market|onfarmmarket|1000|Rooney\'s Front Porch Farm\'s season is June to mid July.  We offer U-Pick blueberries, blackberries and sunflowers.  There is ample parking and a clean restroom.  Fun for the whole family.  Check our website for lots of pictures.|700625|onfarmmarket_700625_13410_20220427192656.png|Rooney's Front Porch Farm|8611 47th Drive, Live Oak, Florida 32060|Live Oak|Florida|8611 47th Drive|-82.843306|30.294693|32060||https://www.facebook.com/rooneysfarm||||https://www.rooneyfarm.com||Rooney\'s Front Porch Farm\'s season is June to mid July.  We offer U-Pick blueberries, ...||May 24th, 2024
FL||Hillary Brigham|on-farm market|onfarmmarket|1000||700440|default-onfarmmarket-4-3.jpg|Wakulla Berries|252 Wakulla Springs Road, Crawfordville, Florida 32327|Crawfordville|Florida|252 Wakulla Springs Road|-84.314653|30.2932220|32327||Facebook/Wakullaberries||||||||May 31st, 2015
FL||Duane Piercey|on-farm market|onfarmmarket|1000||701451|default-onfarmmarket-4-3.jpg|Abundant Gardens|1211 W. Terrace Dr, Plant City, Florida 33563|Plant City|Florida|1211 W. Terrace Dr|-82.134727|28.0394270|33563||https://www.facebook.com/AbundantGardensPlantCity/||||https://www.abundantgardens.net/||||May 4th, 2018
FL||Allison Linn|on-farm market|onfarmmarket|1000||701464|default-onfarmmarket-4-3.jpg|CoLab Farms|12951 SW Paddock Dr, Indiantown, Florida 34956|Indiantown|Florida|12951 SW Paddock Dr|-80.477947|27.047453|34956||www.facebook.com/colabfarms||||www.colabfarms.com||||Nov 23rd, 2018
FL||Ravi Tella|on-farm market|onfarmmarket|1000||701569|default-onfarmmarket-4-3.jpg|Naga Gardens|3160 D Road, Loxahatchee, Florida 33470|Loxahatchee|Florida|3160 D Road|-80.272914|26.723246|33470||https://www.facebook.com/NagaGardens/||||https://nagagardens.com/||||Nov 29th, 2020
FL||Maggies Herb Farm LLC|on-farm market|onfarmmarket|1000||701162|default-onfarmmarket-4-3.jpg|Maggies Herb Farm LLC|11400 County Road 13N, Saint Augusrine, Florida 32092|Saint Augusrine|Florida|11400 County Road 13N|-81.592435|29.908869|32092||maggies herb farm||||http://maggiesherbfarm.com||||Nov 3rd, 2014
FL||Bruce Douglas|on-farm market|onfarmmarket|1000||701148|default-onfarmmarket-4-3.jpg|Shepperds Farms|35622 Braddock Road, Callahan, Florida 32011|Callahan|Florida|35622 Braddock Road|-81.864069|30.611727|32011||||||Shepperdsfarms@gmail.com||||Oct 21st, 2014
FL||Alisha Brown|on-farm market|onfarmmarket|1000||701157|default-onfarmmarket-4-3.jpg|Brown's Country Market|13992 North U.S. 301, Oxford, Florida 34484|Oxford|Florida|13992 North U.S. 301|-82.037570|28.9490610|34484||https://www.facebook.com/pages/Browns-Country-Market/162179200496592||||http://www.brownandbrownfarms.com/browns-country-market||||Oct 30th, 2014
FL||Sarah W. Fenton|on-farm market|onfarmmarket|1000||701130|default-onfarmmarket-4-3.jpg|Shadowood Farm, Inc.|6220 SW Martin Highway, Palm City, Florida 34990|Palm City|Florida|6220 SW Martin Highway|-80.337821|27.161413|34990||||||http://www.shadowoodfarm.com/||||Oct 8th, 2014
FL||Mark McCaffrey|on-farm market|onfarmmarket|1000||700671|default-onfarmmarket-4-3.jpg|Marks Upick Blueberries|18900 County Road  561, Clermont, Florida 34715|Clermont|Florida|18900 County Road  561|-81.757577|28.6212576|34715||||||www.marksblueberries.com||||Sep 16th, 2014
FL||Richard Glover|on-farm market|onfarmmarket|1000||700476|default-onfarmmarket-4-3.jpg|Glovers Blueberries|4612 S. Calhoun Road, Plant City, Florida 33567|Plant City|Florida|4612 S. Calhoun Road|-82.165974|27.9509030|33567||||||stanair@aol.com||||Sep 17th, 2014
FL||Frans Kox|on-farm market|onfarmmarket|1000||701557|default-onfarmmarket-4-3.jpg|East Fork Creek, Inc.|6901 Hendry Creek Drive, Fort Myers, Florida 33908|Fort Myers|Florida|6901 Hendry Creek Drive|-81.868391|26.516756|33908||https://facebook.com/eastforkcreekfarm||||https://eastforkcreek.com/||||Sep 18th, 2020
FL||Susan Hembree|on-farm market|onfarmmarket|1000||700585|default-onfarmmarket-4-3.jpg|Tom West Blueberries|324 E. Orlando Avenue, Ocoee, Florida 34761|Ocoee|Florida|324 E. Orlando Avenue|-81.539775|28.563578|34761||facebook.com/tomwestblueberries.||||www.tomwestblueberries.com||||Sep 19th, 2014
FL||John Richardson|on-farm market|onfarmmarket|1000||700865|default-onfarmmarket-4-3.jpg|Baker U-Pick Blueberries|5949 Dairy Road, baker, Florida|baker|Florida|5949 Dairy Road|-86.673081|30.8061770|||||||||||Sep 23rd, 2014
FL||Ellen Annis|on-farm market|onfarmmarket|1000||700536|default-onfarmmarket-4-3.jpg|Brook Hollow Farm|8505 Silver Star Road, Orlando, Florida 32818|Orlando|Florida|8505 Silver Star Road|-81.501306|28.577967|32818||www.facebook.com/thebrookhollowfarm||||www.thebrookhollowfarm.com||||Sep 30th, 2014
FL||Tracey Estok|on-farm market|onfarmmarket|1000||701296|default-onfarmmarket-4-3.jpg|Valley View Vineyards|22310 County Road 455, Howey in the Hills, Florida 34737|Howey in the Hills|Florida|22310 County Road 455|-81.766621|28.667251|34737||Valley View Vineyards||||||||Sep 4th, 2015
FL||Alexander Salazar|on-farm market|onfarmmarket|1000||701029|default-onfarmmarket-4-3.jpg|Tropical Acres Farms Inc|1010 Camellia road, West Palm Beach , Florida 33405|West Palm Beach|Florida|1010 Camellia road|-80.066421|26.6720180|33405||Facebook.com/TropicalAcresFarms||||||||Sep 6th, 2014
FL||Steve Crump|on-farm market|onfarmmarket|1000||701033|default-onfarmmarket-4-3.jpg|Vo-LaSalle Farms, Inc|601 Johnson Lake Rd, DeLeon Springs, Florida 32130|DeLeon Springs|Florida|601 Johnson Lake Rd|-81.348352|29.154785|32130||Vo-LaSalle Farms||||Www.giftfruitfromflorida.com||||Sep 7th, 2014
GA||Michele Ingram|on-farm market|onfarmmarket|1000||701597|default-onfarmmarket-4-3.jpg|HorsePower Farm|105 Needle Pointe Drive, Guyton, Georgia 31312|Guyton|Georgia|105 Needle Pointe Drive|-81.390385|32.33227|31312||@IngramHorsePowerFarm||||||||Apr 22nd, 2021
GA||Sonia Lopez|on-farm market|onfarmmarket|1000||700842|default-onfarmmarket-4-3.jpg|Two By Two Farms|5720 MacLand Rd , Powder Springs , Georgia 30127|Powder Springs|Georgia|5720 MacLand Rd|-84.720153|33.9047020|30127||Www.facebook.com/TwoByTwoFarms||||www.twobytwofarmsga.com||||Aug 14th, 2014
GA|||on-farm market|onfarmmarket|1000||700766|default-onfarmmarket-4-3.jpg|Harrietts Bluff Farm|762 Pine Drive (use 1 Pine Dr. for GPS or Mapquest-farm at end of Pine Dr.), Woodbine (Exit 7, Georgia|Woodbine (Exit 7|Georgia|762 Pine Drive (use 1 Pine Dr. for GPS or Mapquest-farm at end of Pine Dr.)|-81.637915|30.862189|||||||||||Aug 15th, 2014
GA||Beth Rowland|on-farm market|onfarmmarket|1000||701423|default-onfarmmarket-4-3.jpg|Sweet Morning Acres|478 Blasingame Road, Fort Valley, Georgia 31030|Fort Valley|Georgia|478 Blasingame Road|-83.879188|32.6472124|31030||facebook.com/sweetest.life.ever||||||||Aug 15th, 2017
GA||Steve and Kay Smith|on-farm market|onfarmmarket|1000||700895|default-onfarmmarket-4-3.jpg|Whippoorwill Blueberries|1571 Whippoorwill Road, Watkinsville , Georgia 30677|Watkinsville|Georgia|1571 Whippoorwill Road|-83.465681|33.8484539|30677||https://www.facebook.com/whippoorwillblueberries||||||||Aug 23rd, 2014
GA||Clark|on-farm market|onfarmmarket|1000||700924|default-onfarmmarket-4-3.jpg|Findley Farms|260 Patterson Rd, Box Springs, Georgia 31801|Box Springs|Georgia|260 Patterson Rd|-84.672588|32.590716|31801||||||Findleyfarm.com||||Aug 25th, 2014
GA||Tracy Sargent|on-farm market|onfarmmarket|1000||700206|default-onfarmmarket-4-3.jpg|Jumping Frog Farm, LLC|368 Wiley Road, Cedartown, Georgia 30125|Cedartown|Georgia|368 Wiley Road|-85.301960|33.9223640|30125||Jumping Frog Farm LLC||||www.jumpingfrogfarm.com||||Aug 26th, 2014
GA||CEDAR HILL FARM|on-farm market|onfarmmarket|1000||700942|default-onfarmmarket-4-3.jpg|CEDAR HILL FARM|274 CEDAR HILL DR SW, CALHOUN, Georgia 30701|CALHOUN|Georgia|274 CEDAR HILL DR SW|-84.972123|34.5035160|30701||||||||||Aug 26th, 2014
GA||Hank Connelly|on-farm market|onfarmmarket|1000||701215|default-onfarmmarket-4-3.jpg|Five Cedars Farm|835 Cherokee Rd, Cedartown, Georgia 30125|Cedartown|Georgia|835 Cherokee Rd|-85.259578|34.0480305|30125||https://www.facebook.com/FiveCedarsFarm||||||||Feb 20th, 2015
GA||Margo Candelario|on-farm market|onfarmmarket|1000||701580|default-onfarmmarket-4-3.jpg|Young Female Farmers|365 Anthony Ln, Bishop, Georgia 30621|Bishop|Georgia|365 Anthony Ln|-83.506749|33.821887|30621||https://www.facebook.com/Young-Female-Farmers-141753575840502/|||https://twitter.com/youngfemalefarm|https://www.youngfemalefarmers.com||||Feb 4th, 2021
GA||Marvin Pritchett|on-farm market|onfarmmarket|1000||701310|default-onfarmmarket-4-3.jpg|Red Apple Barn|3379 Tails Creek Road, Ellijay, Georgia 30540|Ellijay|Georgia|3379 Tails Creek Road|-84.534786|34.6996795|30540||https://www.facebook.com/Red-Apple-Barn-103093659747208/?ref=hl|||@RedAppleBarn|www.redapplebarn.com||||Jan 11th, 2016
GA||Christie Albertin|on-farm market|onfarmmarket|1000||701312|default-onfarmmarket-4-3.jpg|Menagerie Acres|400 Bold Springs Rd, Royston, Georgia 30662|Royston|Georgia|400 Bold Springs Rd|-83.278965|34.2706388|30662||https://www.facebook.com/menagerie.acres/?ref=aymt_homepage_panel||||||||Jan 24th, 2016
GA||Jenny Jackson|on-farm market|onfarmmarket|1000||701359|default-onfarmmarket-4-3.jpg|Jenny Jack Sun Farm|603 White Cemetery Road, Pine Mountain , Georgia 31822|Pine Mountain|Georgia|603 White Cemetery Road|-84.964898|32.852859|31822||||||www.jennyjackfarm.com||||Jul 13th, 2016
GA||Danny Sims|on-farm market|onfarmmarket|1000||701456|default-onfarmmarket-4-3.jpg|Sims Pond Farms|10 Bailey RD, LaGrange, Georgia 30240|LaGrange|Georgia|10 Bailey RD|-85.126182|33.034831|30240||https://www.facebook.com/danny.ods/||||||||Jul 24th, 2018
GA||Bob Welker|on-farm market|onfarmmarket|1000||700399|default-onfarmmarket-4-3.jpg|Berry Good Farms LLC|930 William Gibbs Rd, Tifton, Georgia 31793|Tifton|Georgia|930 William Gibbs Rd|-83.636509|31.428846|31793||www.facebook.com/berrygoodfarms|||https://www.twitter.com/berrygoodfarms|www.berrygoodfaems.com||||Jul 27th, 2014
GA||Ray Crosby|on-farm market|onfarmmarket|1000||700009|default-onfarmmarket-4-3.jpg|Weeks Honey Farm|900 Crosland-Scooterville Road, Omega, Georgia 31775|Omega|Georgia|900 Crosland-Scooterville Road|-83.651250|31.323395|31775||https://www.facebook.com/WeeksHoneyFarm||||http://www.weekshoneyfarm.com/||||Jul 30th, 2014
GA||Jim Free|on-farm market|onfarmmarket|1000||700290|default-onfarmmarket-4-3.jpg|Freedom Farms, Open by Appointment Only - Call 770-419-0067|Ballground Road, Chatsworth, Georgia 30705|Chatsworth|Georgia|Ballground Road|-84.752794|34.668558|30705||||||www.freedomfruit.net||||Jul 30th, 2014
GA||Ben and Kellie Deen|on-farm market|onfarmmarket|1000||700371|default-onfarmmarket-4-3.jpg|Savannah River Farms, INC.|194 Boykin Rd., Sylvania, Georgia 30467|Sylvania|Georgia|194 Boykin Rd.|-81.554434|32.6004114|30467||https://www.facebook.com/SavannahRiverFarms||||www.savannahriverfarms.com||||Jul 30th, 2014
GA||Tim Griffeth|on-farm market|onfarmmarket|1000||701345|default-onfarmmarket-4-3.jpg|Oconee Fresh Farms|3753 Greensboro HWY, Watkinsville, Georgia 30677|Watkinsville|Georgia|3753 Greensboro HWY|-83.346284|33.8064063|30677||https://www.facebook.com/Oconeefreshfarms||||||||Jun 29th, 2016
GA||Dick Mills|on-farm market|onfarmmarket|1000||701398|default-onfarmmarket-4-3.jpg|7M Family Farms LLC|596 Crump Creek Rd, Blairsville , Georgia 30512|Blairsville|Georgia|596 Crump Creek Rd|-83.913113|34.854805|30512||7M Family Farms||||www.7mfamilyfarms.com||||Mar 19th, 2017
GA||Shallow Creek Farm|on-farm market|onfarmmarket|1000||701618|default-onfarmmarket-4-3.jpg|Shallow Creek Farm LLC|758 Hwy 411, Ranger, Georgia 30734|Ranger|Georgia|758 Hwy 411|-84.710058|34.517395|30734||Shallow Creek Farm||||||||Oct 14th, 2021
GA||EliYahu Ysrael|on-farm market|onfarmmarket|1000||701462|default-onfarmmarket-4-3.jpg|Atlanta Harvest|2024 Walt Stephens Road, Jonesboro, Georgia 30236|Jonesboro|Georgia|2024 Walt Stephens Road|-84.325062|33.522852|30236||https://www.facebook.com/atlantaharvest/||||www.AtlantaHarvest.com||||Oct 9th, 2018
GA||Howard Berk|on-farm market|onfarmmarket|1000||701461|default-onfarmmarket-4-3.jpg|Ellijay Mushrooms|1971 Old Flat Branch Rd, Ellijay, Georgia 30540|Ellijay|Georgia|1971 Old Flat Branch Rd|-84.475636|34.756881|30540||www.facebook.com/EllijayMushrooms|||https://twitter.com/EllijayMushroom|ellijaymushrooms.com||||Sep 24th, 2018
GA||Sharon Robst|on-farm market|onfarmmarket|1000||701011|default-onfarmmarket-4-3.jpg|Homestead Basket|497 Blackwater rd, saint george, Georgia 31562|saint george|Georgia|497 Blackwater rd|-82.057765|30.552726|31562||www.facebook.com/homesteadbasket||||Homesteadbasket.com||||Sep 2nd, 2014
HI||Jeanette Baysa|on-farm market|onfarmmarket|1000||700127|default-onfarmmarket-4-3.jpg|Hilo Coffee Mill Market @ The Mill|17-995 Volcano Rd, Mountain View, Hawaii 96771|Mountain View|Hawaii|17-995 Volcano Rd|-155.08852|19.564663|96771||https://www.facebook.com/hcmcoffee|||www.twitter.com/hilocoffeemill|www.hilocoffeemill.com||||Apr 18th, 2022
HI||Saleh Azizi|on-farm market|onfarmmarket|1000||701578|default-onfarmmarket-4-3.jpg|Kahumana Farms & Caf Market|86-660 lualualei homestead road, Wai\'anae, Hawaii 96792|Wai\'anae|Hawaii|86-660 lualualei homestead road|-158.15596|21.440047|96792||facebook.com/kahumanafarms/|||www.kahumana.org|www.kahumana.org||||Jan 27th, 2021
HI||Ken and Margy Love|on-farm market|onfarmmarket|1000||700278|default-onfarmmarket-4-3.jpg|Love Family Farms|81-639994 lilikalani, Captain Cook, Hawaii 96704|Captain Cook|Hawaii|81-639994 lilikalani|-155.92097|19.499856|96704||||||http://www.hawaiifruit.net||||Jul 30th, 2014
HI||Dr. Kurt Weigelt|on-farm market|onfarmmarket|1000||700204|default-onfarmmarket-4-3.jpg|Edge of the World|82-5889 Old Government Rd., Captain Cook, Hawaii 96704|Captain Cook|Hawaii|82-5889 Old Government Rd.|-155.89835|19.477671|96704||||||www.konaedge.com||||Sep 30th, 2014
IL||Jeanne Radke|on-farm market|onfarmmarket|1000||701476|default-onfarmmarket-4-3.jpg|Boru Farms|8225 Rte 26 N, Freeport, Illinois 61032|Freeport|Illinois|8225 Rte 26 N|-89.634796|42.420707|61032||||||naimhe8.wix.com/borufarm||||Apr 13th, 2019
IL||Jim Brown|on-farm market|onfarmmarket|1000||701518|default-onfarmmarket-4-3.jpg|AMERICAN INDIAN Jone's Applebee's Farming Conglomerate|5555 Main Street , Chicago , Illinois 60448|Chicago|Illinois|5555 Main Street|-87.681844|41.837551|60448||||||||||Apr 22nd, 2020
IL||CurtDugosh|on-farm market|onfarmmarket|1000||701636|onfarmmarket_701636_12482_20220424021341.png|Dugosh Farms|1149 1950 East Street, Tiskilwa, Illinois 61368|Tiskilwa|Illinois|1149 1950 East Street|-89.478628|41.313412|61368||https://www.facebook.com/DugoshFarms1966||||||||Apr 23rd, 2022
IL||Gail Apel-Sasse|on-farm market|onfarmmarket|1000||701332|default-onfarmmarket-4-3.jpg|Gail's Pumpkin Patch|1709 2000th Avenue, Beason, Illinois 62512|Beason|Illinois|1709 2000th Avenue|-89.222534|40.1649484|62512||Gail\'s Pumpkin Patch||||www.gailspumpkinpatch.com||||Apr 28th, 2016
IL||Wil Pilipauskas|on-farm market|onfarmmarket|1000||701401|default-onfarmmarket-4-3.jpg|Willies Honey Company|, Mchenry, Illinois 60050|Mchenry|Illinois||-88.266753|42.3333550|60050||www.facebook.com/willieshoneycompany||||www.willieshoneyco.com||||Apr 5th, 2017
IL||Jane Biddle|on-farm market|onfarmmarket|1000||700221|default-onfarmmarket-4-3.jpg|Stone Home Farm|1125 Inlet Road, Lee Center, Illinois 61331|Lee Center|Illinois|1125 Inlet Road|-89.276791|41.749031|61331||||||www.stonehomefarm.com||||Aug 13th, 2014
IL||Helen Aardsma|on-farm market|onfarmmarket|1000||700339|default-onfarmmarket-4-3.jpg|Mulberry Lane Farm|414 N. Mulberry, Loda, Illinois 60948|Loda|Illinois|414 N. Mulberry|-88.074761|40.524431|60948|http://www.mulberrylanefarm.com/journal/index.php|||||www.MulberryLaneFarm.com||||Aug 13th, 2014
IL||Brian Lau|on-farm market|onfarmmarket|1000||701368|default-onfarmmarket-4-3.jpg|L&A Family Farms|21661 Staley Rd, Paris, Illinois 61944|Paris|Illinois|21661 Staley Rd|-87.561520|39.512282|61944||https://www.facebook.com/LAFamilyFarms|||https://twitter.com/LAFamilyFarms|www.lafamilyfarms.com||||Aug 17th, 2016
IL||Andy Anderson|on-farm market|onfarmmarket|1000||700782|default-onfarmmarket-4-3.jpg|Country Pond Gardens|2190 North 45th Road, Leland, Illinois 60531|Leland|Illinois|2190 North 45th Road|-88.752615|41.587240|60531||https://www.facebook.com/CountryPondGardens||||||||Aug 1st, 2014
IL||Marianne Jackson|on-farm market|onfarmmarket|1000||700869|default-onfarmmarket-4-3.jpg|Lazy J Ranch|9000 Cascade Road, Rochester, Illinois 62563|Rochester|Illinois|9000 Cascade Road|-89.491729|39.6698487|62563||https://www.facebook.com/pages/Lazy-J-Ranch-Rochester-IL/170348153012473||||||||Aug 21st, 2014
IL||RONALD WOLFE|on-farm market|onfarmmarket|1000||700882|default-onfarmmarket-4-3.jpg|WOLFE ORCHARD|1657N 1125E ROAD, MONTICELLO, Illinois 61856|MONTICELLO|Illinois|1657N 1125E ROAD|-88.533594|40.033451|61856||https://www.facebook.com/pages/Wolfe-orchard/199022633503818||||||||Aug 22nd, 2014
IL||Kristin Edwards|on-farm market|onfarmmarket|1000||700915|default-onfarmmarket-4-3.jpg|Edwards Apple Orchard West|8218 Cemetery Rd., Winnebago, Illinois 61088|Winnebago|Illinois|8218 Cemetery Rd.|-89.198967|42.3611260|61088||https://www.facebook.com/EdwardsOrchardWest||||http://www.edwardsorchardwest.com/||||Aug 24th, 2014
IL||Christine Mize|on-farm market|onfarmmarket|1000||700920|default-onfarmmarket-4-3.jpg|Valley of Beruch|456 S. Jungle Rd. , Murphysboro, Illinois 62966|Murphysboro|Illinois|456 S. Jungle Rd.|-89.358362|37.7079127|62966||||||||||Aug 25th, 2014
IL||Phillip Raines|on-farm market|onfarmmarket|1000||700234|default-onfarmmarket-4-3.jpg|Raines Honey Farm|16566 BEST ROAD, DAVIS, Illinois 61019|DAVIS|Illinois|16566 BEST ROAD|-89.385226|42.4921300|61019||||||www.raineshoneyfarm.com||||Aug 26th, 2014
IL||SueEllen Arndt|on-farm market|onfarmmarket|1000||700945|default-onfarmmarket-4-3.jpg|Prairie Sky Orchard|4914 N. Union Rd., Union, Illinois 60180|Union|Illinois|4914 N. Union Rd.|-88.539540|42.2576023|60180||https://www.facebook.com/prairieskyorchard||||www.prairieskyorchard.com||||Aug 26th, 2014
IL||Bruce Curry / Owner|on-farm market|onfarmmarket|1000||700568|default-onfarmmarket-4-3.jpg|Country Corner Farm Market & Pumpkin Patch|5333 U. S. highway 150, Alpha, Illinois 61413|Alpha|Illinois|5333 U. S. highway 150|-90.379105|41.229078|61413||http://wwwfacebook.com/country.corner.pumpkins||||http://www.country-corner.com||||Aug 29th, 2014
IL||Therese Ortloff|on-farm market|onfarmmarket|1000||700209|default-onfarmmarket-4-3.jpg|Thornpaw Lea Farm|Menge Rd, Marengo, Illinois 60152|Marengo|Illinois|Menge Rd|-88.588697|42.335052|60152||||||thornpawleafarm.com||||Aug 3rd, 2014
IL||Danielle Jeter|on-farm market|onfarmmarket|1000||701366|default-onfarmmarket-4-3.jpg|UR Foods Farm|2844 US Hwy 24, Sheldon, Illinois 60966|Sheldon|Illinois|2844 US Hwy 24|-87.585997|40.776353|60966||@urfoodsfarm||||||||Aug 3rd, 2016
IL||Richard Kanak|on-farm market|onfarmmarket|1000||700817|default-onfarmmarket-4-3.jpg|Four Sisters Organic Farm|719 East State Street, Cherry Valley, Illinois 61016|Cherry Valley|Illinois|719 East State Street|-88.946474|42.234871|61016||https://www.facebook.com/FourSistersOrganicFarm||||||||Aug 6th, 2014
IL||Roger Schuttek|on-farm market|onfarmmarket|1000||701466|default-onfarmmarket-4-3.jpg|Big Muddy Hogs|300 Adams street , Hurst , Illinois 62949|Hurst|Illinois|300 Adams street|-89.141034|37.842598|62949||facebook.com/bigmuddyhogs||||bigmuddyhogs.com||||Dec 28th, 2018
IL||Lorena Isais|on-farm market|onfarmmarket|1000||701633|default-onfarmmarket-4-3.jpg|Rancho Los Nunez|13218 E 2260 S Rd Pembroke Township, IL, Pembroke Township, Illinois 60958|Pembroke Township|Illinois|13218 E 2260 S Rd Pembroke Township, IL|-87.615118|41.093034|60958||https://www.facebook.com/ElRanchoLosNunez/||||13218 E 2260 S Rd Pembroke Township, IL||||Feb 12th, 2022
IL||Damion Navarro|on-farm market|onfarmmarket|1000||701639|default-onfarmmarket-4-3.jpg|Navarro Farm|22155 S.104th Ave., Frankfort, Illinois 60423|Frankfort|Illinois|22155 S.104th Ave.|-87.867562|41.487597|60423||https://www.facebook.com/navarrofarm.org/||||https://www.navarrofarm.org/||||Feb 23rd, 2022
IL||Brenda Larson|on-farm market|onfarmmarket|1000||701206|default-onfarmmarket-4-3.jpg|Larson's Country Market, Inc.|1968 E. U.S. Route 34, Leland, Illinois 60531|Leland|Illinois|1968 E. U.S. Route 34|-88.794440|41.5901247|60531||||||www.larsonscountrymarket.com||||Feb 6th, 2015
IL||Nicoele Arseneau and Bill Belluso|on-farm market|onfarmmarket|1000||701498|default-onfarmmarket-4-3.jpg|3 Winds Farm|10769 N 1500W Rd, Manteno, Illinois 60950|Manteno|Illinois|10769 N 1500W Rd|-87.906847|41.276258|60950||http://facebook.com/3windsfarm/||||www.3windsfarm.com||||Jan 16th, 2020
IL||Alex Needham|on-farm market|onfarmmarket|1000||701198|default-onfarmmarket-4-3.jpg|Radical Root Organic Farm|31330 N IL RT 21, Libertyville, Illinois 60048|Libertyville|Illinois|31330 N IL RT 21|-87.963093|42.317570|60048||||||radicalrootfarm@gmail.com||||Jan 25th, 2015
IL||Phil Crandall|on-farm market|onfarmmarket|1000||700250|default-onfarmmarket-4-3.jpg|Crandall Farms|10905 104th Street, Coal Valley, Illinois 61240|Coal Valley|Illinois|10905 104th Street|-90.467718|41.4102820|61240||www.facebook.com/crandallfarms|||www.twitter.com/crandallfarms|www.crandallfarms.com||||Jul 23rd, 2014
IL||Mike Owney|on-farm market|onfarmmarket|1000||700254|default-onfarmmarket-4-3.jpg|Grace Farm Studios|2719 Franklinville Rd., Woodstock, Illinois 60098|Woodstock|Illinois|2719 Franklinville Rd.|-88.511932|42.2887090|60098||||||http://gracefarmstudios.com||||Jul 26th, 2014
IL|||on-farm market|onfarmmarket|1000||700427|default-onfarmmarket-4-3.jpg|Wishful Acres Farm|4679 N Flansburg Rd, Lena, Illinois 61032|Lena|Illinois|4679 N Flansburg Rd|-89.729949|42.3677057|61032||||||||||Jul 26th, 2014
IL||Dennis Norton|on-farm market|onfarmmarket|1000||700555|default-onfarmmarket-4-3.jpg|Royal Oak Farm Orchard|15908 Hebron Road, Harvard, Illinois 60033|Harvard|Illinois|15908 Hebron Road|-88.507943|42.4795576|60033|http://www.royaloakfarmorchard.blogspot.com/|https://www.facebook.com/royaloakfarmorchard|||https://twitter.com/RoyalOakFarmIL|http://www.royaloakfarmorchard.com/||||Jul 26th, 2014
IL|||on-farm market|onfarmmarket|1000||700739|default-onfarmmarket-4-3.jpg|Curtis Orchard & Pumpkin Patch|3902 S Duncan Rd, Champaign, Illinois 61822|Champaign|Illinois|3902 S Duncan Rd|-88.294979|40.0639050|61822||www.facebook.com/curtisorchard|||www.twitter.com/curtisorchard|www.curtisorchard.com||||Jul 26th, 2014
IL||Andy McNitt|on-farm market|onfarmmarket|1000||700666|default-onfarmmarket-4-3.jpg|McNitt Growers|78 Oak Ridge Lane, Carbondale, Illinois 62903|Carbondale|Illinois|78 Oak Ridge Lane|-89.312474|37.683242|62903||https://www.facebook.com/pages/McNitt-Growers/142603839118969|||https://twitter.com/AndyMcNitt|www.mcnittgrowers.com||||Jul 30th, 2014
IL||Sarah Berkowski|on-farm market|onfarmmarket|1000||701535|default-onfarmmarket-4-3.jpg|Berkowski Family Farm LLC|9432 E Scott Rd, Stillman Valley, Illinois 61084|Stillman Valley|Illinois|9432 E Scott Rd|-89.159240|42.137549|61084||facebook.com/bffpoultry|||twitter.com/bffpoultry|www.bffpoultry.com||||Jul 6th, 2020
IL||Lisa Hilton|on-farm market|onfarmmarket|1000||701525|default-onfarmmarket-4-3.jpg|Hilton Farms Rooted|2620 s spielman rd, Pecatonica, Illinois 61063|Pecatonica|Illinois|2620 s spielman rd|-89.357212|42.309059|61063||Www.facebook.com/HiltonFarms5||||https://hiltonrooted.com/||||Jun 10th, 2020
IL||Jan Thornton|on-farm market|onfarmmarket|1000||701164|default-onfarmmarket-4-3.jpg|Sunrise Market Farm, Inc.|2820 Yale Bridge Road, South Beloit, Illinois 61080|South Beloit|Illinois|2820 Yale Bridge Road|-89.095039|42.4763920|61080||https://www.facebook.com/pages/Sunrise-Market-Farm/240248702703552||||http://sunrisemarketfarm.com/index.html||||Mar 19th, 2015
IL||Bruce Tammen|on-farm market|onfarmmarket|1000||700531|default-onfarmmarket-4-3.jpg|Tammen Treeberry Farm|37131 Essex Road, Wilmington, Illinois 60481|Wilmington|Illinois|37131 Essex Road|-88.199733|41.207105|60481||www.facebook.com/tammentreeberryfarm||||www.tammentreeberryfarm.net||||Mar 23rd, 2015
IL||Esther hong|on-farm market|onfarmmarket|1000||700749|default-onfarmmarket-4-3.jpg|All Seasons Orchard|14510 Il Route 176, Woodstock, Illinois 60098|Woodstock|Illinois|14510 Il Route 176|-88.478504|42.255422|60098||||||www.allseasonsorchard.com||||Mar 23rd, 2015
IL||Voss Pecans|on-farm market|onfarmmarket|1000||700860|default-onfarmmarket-4-3.jpg|Voss Pecans|10101 Slant Road, Carlyle, Illinois 62231|Carlyle|Illinois|10101 Slant Road|-89.418563|38.564629|62231||||||www.vosspecans||||Mar 23rd, 2015
IL||Molly Gorman|on-farm market|onfarmmarket|1000||701227|default-onfarmmarket-4-3.jpg|Gorman Farm Fresh Produce|6607 West Bruns Road, Monee, Illinois 60449|Monee|Illinois|6607 West Bruns Road|-87.771681|41.412203|60449||Gorman Farm Fresh Produce||||www.gormanfarmfreshproduce.com||||Mar 23rd, 2015
IL||Barbara Didier|on-farm market|onfarmmarket|1000||700493|default-onfarmmarket-4-3.jpg|Didier Farms|16678 West Aptakisic Road, Prairie View-Lincolnshire, Illinois 60069|Prairie View-Lincolnshire|Illinois|16678 West Aptakisic Road|-87.961392|42.182538|60069||https://www.facebook.com/pages/Didier-Farms/120890817921408||||www.didierfarms.com||||Mar 24th, 2015
IL||Stephen L. Miller|on-farm market|onfarmmarket|1000||700716|default-onfarmmarket-4-3.jpg|Liberty Apple Orchard|8308 Kuhn Station Road, Edwardsville, Illinois 62025|Edwardsville|Illinois|8308 Kuhn Station Road|-89.878831|38.781031|62025||libertyappleorchard||||www.libertyappleorchard.com||||Mar 25th, 2015
IL||Lucia Flores|on-farm market|onfarmmarket|1000||701400|default-onfarmmarket-4-3.jpg|PCC Austin Farm|330 N. Lotus, Chicago, Illinois 60644|Chicago|Illinois|330 N. Lotus|-87.762193|41.8867310|60644||||||http://www.pccwellness.org/produce-market||||Mar 28th, 2017
IL||Keith Roth|on-farm market|onfarmmarket|1000||701319|default-onfarmmarket-4-3.jpg|Madoli Farms|2109 S. Country Club Rd, Woodstock, Illinois 60098|Woodstock|Illinois|2109 S. Country Club Rd|-88.374208|42.2981305|60098||https://www.facebook.com/Madoli-Farms-1627836294122004/||||http://www.madolifarms.com/||||Mar 5th, 2016
IL||Growing Home|on-farm market|onfarmmarket|1000||701453|default-onfarmmarket-4-3.jpg|Growing Home Inc|5814 S Wood St, Chicago, Illinois 60636|Chicago|Illinois|5814 S Wood St|-87.669498|41.7880123|60636||https://www.facebook.com/growinghomeinc|||https://twitter.com/growinghome|http://growinghomeinc.org/||||May 31st, 2018
IL||Robert Boyce|on-farm market|onfarmmarket|1000||701335|default-onfarmmarket-4-3.jpg|Natural Environments Greenhouses and Nursery|23520 Old McHenry Road, Lake Zurich, Illinois 60047|Lake Zurich|Illinois|23520 Old McHenry Road|-88.027481|42.204813|60047||https://www.facebook.com/naturalenvironments/||||www.robertcboyce.com||||May 4th, 2016
IL||Michael Howard|on-farm market|onfarmmarket|1000||701452|default-onfarmmarket-4-3.jpg|Eden Place Farms|4911 S Shields Ave, Chicago, Illinois 60609|Chicago|Illinois|4911 S Shields Ave|-87.634211|41.804878|60609||||||www.edenplacefarms.org||||May 5th, 2018
IL||Sherry Chase|on-farm market|onfarmmarket|1000||701432|default-onfarmmarket-4-3.jpg|Mills Apple Farm|11477 Pocahontas Road, Marine, Illinois 62061|Marine|Illinois|11477 Pocahontas Road|-89.732850|38.816176|62061||https://www.facebook.com/millsapplefarm||||www.millsapplefarm.com||||Nov 10th, 2017
IL||Jay Book|on-farm market|onfarmmarket|1000||701463|default-onfarmmarket-4-3.jpg|Northland Farms|31095 Penrose Rd., Sterling, Illinois 61081|Sterling|Illinois|31095 Penrose Rd.|-89.645912|41.887211|61081||https://www.facebook.com/Northland-Farms-285324654864419/|||https://twitter.com/NorthlandFarms|https://www.northlandfarms.net/||||Nov 21st, 2018
IL||Joseph Wieseman|on-farm market|onfarmmarket|1000||701465|default-onfarmmarket-4-3.jpg|J N' J Cattle Co.|8354 DUSTMAN RD, WORDEN, Illinois 62097|WORDEN|Illinois|8354 DUSTMAN RD|-89.881669|38.960479|62097||www.facebook.com/jnjcattle||||||||Nov 23rd, 2018
IL||Stacy McCaskill|on-farm market|onfarmmarket|1000||701623|default-onfarmmarket-4-3.jpg|Hempstock Pharms|14023 West South Street Rd., Woodstock , Illinois 60098|Woodstock|Illinois|14023 West South Street Rd.|-88.471650|42.302592|60098||||||www.hempstockpharms.com||||Nov 28th, 2021
IL||Rita Glazik|on-farm market|onfarmmarket|1000||701115|default-onfarmmarket-4-3.jpg|Cow Creek Farm|2112 E 100 N Rd, Paxton, Illinois 60957|Paxton|Illinois|2112 E 100 N Rd|-88.057094|40.414803|60957||https://www.facebook.com/cowcreekorganics||||http://www.cowcreekorganicfarm.com/||||Oct 1st, 2014
IL||Vonda Miller|on-farm market|onfarmmarket|1000||700441|default-onfarmmarket-4-3.jpg|Hazel Creek Vineyard|23060 Hazel Road, Sterling, Illinois 61081|Sterling|Illinois|23060 Hazel Road|-89.815149|41.816303|61081||Hazel Creek Vineyard||||||||Oct 21st, 2014
IL||F. W. Lutz|on-farm market|onfarmmarket|1000||701051|default-onfarmmarket-4-3.jpg|Fox River Farm, LLC|6091 Pope Road, Sandoval, Illinois 62882|Sandoval|Illinois|6091 Pope Road|-89.123443|38.6931883|62882||facebook.com/foxriverfarm|||https://www.twitter.com/foxriverfarm|www.foxriverfarm.net||||Sep 10th, 2014
IL||Eric Marshall|on-farm market|onfarmmarket|1000||701106|default-onfarmmarket-4-3.jpg|Homestead Harvests LLC|14861 Enterprise Road, Heyworth, Illinois 61745|Heyworth|Illinois|14861 Enterprise Road|-88.901989|40.265904|61745||https://www.facebook.com/HomesteadHarvests||||||||Sep 29th, 2014
IL|||on-farm market|onfarmmarket|1000||700443|default-onfarmmarket-4-3.jpg|Bronkberry Farms|18061 S. Bronk Road, Plainfield, Illinois 60586|Plainfield|Illinois|18061 S. Bronk Road|-88.189393|41.554524|60586||Bronkberry Farms||||www.bronkberryfarms.com||||Sep 3rd, 2014
IL||Betty Sirles|on-farm market|onfarmmarket|1000||700726|default-onfarmmarket-4-3.jpg|Rendleman Orchards Farm Market|9680 State Route 127 North P. O. Box 159, Alto Pass, Illinois 62905|Alto Pass|Illinois|9680 State Route 127 North P. O. Box 159|-89.321599|37.5963693|62905||RendlemanOrchards||||www.rendlemanorchards.com||||Sep 5th, 2014
KS||Teresa Penning|on-farm market|onfarmmarket|1000||701247|default-onfarmmarket-4-3.jpg|4K Ranch|1692 18th Road, Washington, Kansas 66968|Washington|Kansas|1692 18th Road|-97.068195|39.828054|66968||||||||||Apr 21st, 2015
KS||Kent Reinhardt|on-farm market|onfarmmarket|1000||701609|default-onfarmmarket-4-3.jpg|Brannan & Reinhardt Polled Herefords|418 W DIEL ST, Otis, Kansas 67565|Otis|Kansas|418 W DIEL ST|-99.195495|38.532400|67565||||||http://www.kansaspolledherefords.org/bandr/||||Aug 18th, 2021
KS||Jeff Hamons|on-farm market|onfarmmarket|1000||700898|default-onfarmmarket-4-3.jpg|Synergistic Acres Pasture Raised Meats|21733 Iliff Rd, Parker , Kansas 66072|Parker|Kansas|21733 Iliff Rd|-94.917233|38.341665|66072|http://www.synergisticacres.com/blog/|www.facebook.com/synergisticacres||||www.synergisticares.com||||Aug 23rd, 2014
KS||Mark Angermayer|on-farm market|onfarmmarket|1000||700918|default-onfarmmarket-4-3.jpg|Tubby Fruits Orchard|6800 W 201st Terr, Bucyrus, Kansas 66013|Bucyrus|Kansas|6800 W 201st Terr|-94.664151|38.7631410|66013||||||www.tubbyfruits.com||||Aug 24th, 2014
KS||lenny meier jr|on-farm market|onfarmmarket|1000||700990|default-onfarmmarket-4-3.jpg|Meier's Market|2300 lower silver lake rd., topeka, Kansas 66618|topeka|Kansas|2300 lower silver lake rd.|-95.692525|39.076619|66618||||||||||Aug 29th, 2014
KS||Sonja Wood|on-farm market|onfarmmarket|1000||701444|default-onfarmmarket-4-3.jpg|WVFarm, LLC|774 Stafford Road, Pomona, Kansas 66076|Pomona|Kansas|774 Stafford Road|-95.439204|38.709147|66076||Woodlandvalleyfarm-Kansas|||Twitter.com/wvfarm|Woodlandvalleyfarm.info||||Feb 28th, 2018
KS||Billy Fanska|on-farm market|onfarmmarket|1000||701441|default-onfarmmarket-4-3.jpg|Fanska Farms|3873 NE 4th, El Dorado, Kansas 67042|El Dorado|Kansas|3873 NE 4th|-96.769746|37.8297640|67042||https://www.facebook.com/FanskaFarms/||||www.FanskaFarms.com||||Jan 28th, 2018
KS||Betty Augustine|on-farm market|onfarmmarket|1000||700318|default-onfarmmarket-4-3.jpg|Kalaya Emu Estates|8 Bentgrass Dr., Hesston, Kansas 67062|Hesston|Kansas|8 Bentgrass Dr.|-97.410670|38.1314260|67062||||||www.KalayaEmuEstate.com||||Jul 26th, 2014
KS||Lynn Kaufman|on-farm market|onfarmmarket|1000||700274|default-onfarmmarket-4-3.jpg|Underhill Farms|187 21st Ave, Moundridge, Kansas 67107|Moundridge|Kansas|187 21st Ave|-97.538240|38.2014760|67107||||||||||Jul 27th, 2014
KS||Steve Finley|on-farm market|onfarmmarket|1000||700080|default-onfarmmarket-4-3.jpg|Boondocker Farms|4772 SW 60th Street, El Dorado, Kansas 67042|El Dorado|Kansas|4772 SW 60th Street|-96.932121|37.738005|67042||https://www.facebook.com/pages/Boondocker-Farms/213960995309803||||www.boondockerfarms.com||||Jul 28th, 2014
KS||Christy O\'Neal|on-farm market|onfarmmarket|1000||700161|default-onfarmmarket-4-3.jpg|Christy's Farm|3230 McDowell Creek Road, Manhattan, Kansas 66502|Manhattan|Kansas|3230 McDowell Creek Road|-96.582717|39.123231|66502|http://christysfarm.org/christysfarmblog/|https://www.facebook.com/Christy\'sFarm||||http://www.christysfarm.org/||||Jul 28th, 2014
KS||Pantaleon Florez III|on-farm market|onfarmmarket|1000||701604|default-onfarmmarket-4-3.jpg|Maseualkualli Farms|916 Pennsylvania St, Lawrence , Kansas 66044|Lawrence|Kansas|916 Pennsylvania St|-95.229148|39.000706|66044||||||www.masefarm.org||||Jul 2nd, 2021
KS||Darrell Parks|on-farm market|onfarmmarket|1000||701003|default-onfarmmarket-4-3.jpg|Parks Farm|1001 East 26th Ave., Manhattan, Kansas 66502|Manhattan|Kansas|1001 East 26th Ave.|-96.492305|39.153204|66502||||||||||Mar 24th, 2015
KS||Suzanne Frisse|on-farm market|onfarmmarket|1000||701173|default-onfarmmarket-4-3.jpg|Meadowlark Acres|5830 West 167th Street, Stilwell, Kansas 66085|Stilwell|Kansas|5830 West 167th Street|-94.653190|38.826238|66085||https://www.facebook.com/pages/Meadowlark-Acres/298419166130?ref=hl||||www.meadowlarkacres.com||||Nov 21st, 2014
KS||Billy Y. Smart|on-farm market|onfarmmarket|1000||701135|default-onfarmmarket-4-3.jpg|B Smart Apiaries|3762 51st Rd., Udall, Kansas 67146|Udall|Kansas|3762 51st Rd.|-97.060063|37.437208|67146||||||||||Oct 12th, 2014
KS||Tom Brown|on-farm market|onfarmmarket|1000||700101|default-onfarmmarket-4-3.jpg|Meadowlark Farm, LLC|11249 SW 160th St, Rose Hill, Kansas 67133|Rose Hill|Kansas|11249 SW 160th St|-97.044939|37.591739|67133||https://www.facebook.com/meadowlarkfarm||||www.themeadowlarkfarm.com||||Sep 16th, 2014
KS||Rick Newson|on-farm market|onfarmmarket|1000||701078|default-onfarmmarket-4-3.jpg|Camp Creek Farms|29050 W 127th Street, Olathe , Kansas 66061|Olathe|Kansas|29050 W 127th Street|-94.922090|38.9001530|66061||www.facebook.com/campcreekfarms||||||||Sep 16th, 2014
KS||Sheri Noffke|on-farm market|onfarmmarket|1000||701094|default-onfarmmarket-4-3.jpg|Skyview Farm and Creamery|22722 E 800 Rd, Pleasanton, Kansas 66075|Pleasanton|Kansas|22722 E 800 Rd|-94.681721|38.140017|66075||Skyview Farm||||skyviewfarm.net||||Sep 24th, 2014
KY||Linda Stone|on-farm market|onfarmmarket|1000||700975|default-onfarmmarket-4-3.jpg|Brook-Lin Jerseys|445 Eagle Creek Trail, Sadieville , Kentucky 40370|Sadieville|Kentucky|445 Eagle Creek Trail|-84.603351|38.430411|40370|www.brook-linjerseys.blogspot.com|||||||||Aug 28th, 2014
KY||Jenny Owens|on-farm market|onfarmmarket|1000||700291|default-onfarmmarket-4-3.jpg|Brookview Beef|7700 Colby Road, Winchester, Kentucky 40391|Winchester|Kentucky|7700 Colby Road|-84.315719|38.002120|40391||https://www.facebook.com/kygrassfedbeef||||www.brookviewbeef.com||||Aug 3rd, 2014
KY||Coffey Farms|on-farm market|onfarmmarket|1000||700800|default-onfarmmarket-4-3.jpg|Coffey Farms|1175 Highway 1619, Monticello, Kentucky 42633|Monticello|Kentucky|1175 Highway 1619|-84.719738|36.9259869|42633||www.facebook.com/coffeyfarms||||||||Aug 4th, 2014
KY||Jim Farber|on-farm market|onfarmmarket|1000||701388|default-onfarmmarket-4-3.jpg|Second Season Produce|2806 KY1547, Liberty, Kentucky 42539|Liberty|Kentucky|2806 KY1547|-84.980021|37.307649|42539||||||||||Feb 4th, 2017
KY||Madison Pierce|on-farm market|onfarmmarket|1000||701632|default-onfarmmarket-4-3.jpg|Pierce Family Farms|132 Pinetop Road, Russell Springs, Kentucky 42642|Russell Springs|Kentucky|132 Pinetop Road|-84.913999|37.103273|42642||https://www.facebook.com/Pierce-Family-Farms-104038342196714/||||||||Feb 8th, 2022
KY||Geo Forton|on-farm market|onfarmmarket|1000||701574|default-onfarmmarket-4-3.jpg|Echo Valley Farms LLC|, Yosemite , Kentucky 42566|Yosemite|Kentucky||-84.785455|37.259988|42566||Echovalleyfarms.ky||||Www.evfky.com||||Jan 12th, 2021
KY||Deborah Messenger|on-farm market|onfarmmarket|1000||701414|default-onfarmmarket-4-3.jpg|Halcomb's Knob LLC|430 Wallacetown Road, Paint Lick, Kentucky 40461|Paint Lick|Kentucky|430 Wallacetown Road|-84.387953|37.5475873|40461||https://www.facebook.com/HalcombsKnob/||||http://www.halcombsknob.com||||Jun 20th, 2017
KY||Glen Abney|on-farm market|onfarmmarket|1000||701339|default-onfarmmarket-4-3.jpg|Cow-U-Met Farm|670 Townsend Valley RD, paris, Kentucky 40361|paris|Kentucky|670 Townsend Valley RD|-84.326002|38.285907|40361||||||||||May 25th, 2016
KY||Gilbert Ruegemer|on-farm market|onfarmmarket|1000||701598|default-onfarmmarket-4-3.jpg|Triple R Pastures|15317 LEBANON CRITTENDEN RD, VERONA, Kentucky 41092|VERONA|Kentucky|15317 LEBANON CRITTENDEN RD|-84.654261|38.811783|41092|https://triplerpastures.com/blog|||||Triplerpastures.com||||May 5th, 2021
KY||Erik Holbrook|on-farm market|onfarmmarket|1000||701617|default-onfarmmarket-4-3.jpg|Roaring Shoals Farm|12205 HWY 30 East, Jackson, Kentucky 41339|Jackson|Kentucky|12205 HWY 30 East|-83.252581|37.581595|41339||https://www.facebook.com/rsfbeef||||https://www.roaringshoals.farm/||||Oct 1st, 2021
KY||Lynn Rushing|on-farm market|onfarmmarket|1000||701620|default-onfarmmarket-4-3.jpg|Bizzell Bluff Farm|774 Bizzell Bluff Road , Burna , Kentucky 42028|Burna|Kentucky|774 Bizzell Bluff Road|-88.357927|37.244895|42028||Bizzell Bluff Farm||||||||Oct 20th, 2021
KY||Mary Benton|on-farm market|onfarmmarket|1000||700172|default-onfarmmarket-4-3.jpg|Benton Family Farm|11896 Old lexington Pike, Walton, Kentucky 41094|Walton|Kentucky|11896 Old lexington Pike|-84.602742|38.896500|41094||https://www.facebook.com/bentonfamilyfarm|||https://www.twitter.com/bentonfarms|Bentonfamilyfarm@aol.com||||Sep 16th, 2014
KY||Kristopher Kelley|on-farm market|onfarmmarket|1000||700298|default-onfarmmarket-4-3.jpg|Woodland Farm|4716 , Goshen, Kentucky 40026|Goshen|Kentucky|4716|-85.469026|38.460039|40026||||||woodlandfarm.com||||Sep 16th, 2014
KY||Ellen Cole|on-farm market|onfarmmarket|1000||701098|default-onfarmmarket-4-3.jpg|High Spruce Farm|1897 Rankin Mill Rd, Falmouth , Kentucky 41040|Falmouth|Kentucky|1897 Rankin Mill Rd|-84.325867|38.568334|41040||||||||||Sep 25th, 2014
KY||Toby & Debby Dulworth|on-farm market|onfarmmarket|1000||701555|default-onfarmmarket-4-3.jpg|Dogwood Farm Natural Beef|2492 S. Kirkman, La Center, Kentucky 42056|La Center|Kentucky|2492 S. Kirkman|-88.975230|37.143082|42056||https://www.facebook.com/dogwoodfarmky||||https://dogwoodherefords.com/grassfed-beef||||Sep 6th, 2020
ME||Georgianna E. MacNeil|on-farm market|onfarmmarket|1000||701242|default-onfarmmarket-4-3.jpg|Fleur de Lis Farm|538 Whittier Road, Farmington, Maine 04938|Farmington|Maine|538 Whittier Road|-70.114737|44.634314|04938||||||www.cotswoldsofmaine.com||||Apr 10th, 2015
ME||Allison Lakin|on-farm market|onfarmmarket|1000||701516|default-onfarmmarket-4-3.jpg|East Forty Farm and Dairy|2361 Friendship Road, Waldoboro, Maine 04572|Waldoboro|Maine|2361 Friendship Road|-69.332312|44.047112|04572||www.facebook.com/eastfortyfarm||||www.eastfortyfarm.com||||Apr 19th, 2020
ME||barbara scully|on-farm market|onfarmmarket|1000||701519|default-onfarmmarket-4-3.jpg|Barbara Scully's Oyster & Lobster Market|707 RIVER RD, EDGECOMB, Maine 04556|EDGECOMB|Maine|707 RIVER RD|-69.575254|43.978885|04556||https://www.facebook.com/scullymarket/||||https://www.scullyseaproducts.com/visit-us||||Apr 23rd, 2020
ME||Darrel Bostow|on-farm market|onfarmmarket|1000||700228|default-onfarmmarket-4-3.jpg|Smith Ridge Farm|387 Smith Ridge Farm, Dennysville, Maine 04628|Dennysville|Maine|387 Smith Ridge Farm|-67.231575|44.921117|04628||||||smithridgefarm.com||||Apr 4th, 2015
ME||Gloria Varney|on-farm market|onfarmmarket|1000||701447|default-onfarmmarket-4-3.jpg|Nezinscot Farm Store|284 Turner Center Road, Turner, Maine 04282|Turner|Maine|284 Turner Center Road|-70.239038|44.267812|04282|www.nezinscotfarm.com/blog/|https://www.facebook.com/NezinscotFarm/|||https://twitter.com/|www.nezinscotfarm.com||||Apr 4th, 2018
ME||Marilyn Stanley|on-farm market|onfarmmarket|1000||700163|default-onfarmmarket-4-3.jpg|Chick Farm|19 Waldo Way, Wells, Maine 04090|Wells|Maine|19 Waldo Way|-70.626626|43.3778844|04090||https://www.facebook.com/ChickFamilyFarm||||http://www.chickfarm.com||||Aug 10th, 2014
ME||Robin & Corry Fowler Pratt|on-farm market|onfarmmarket|1000||700259|default-onfarmmarket-4-3.jpg|Northern Solstice Alpaca Farm|141 Crosby Brook Rd, Unity, Maine 4988|Unity|Maine|141 Crosby Brook Rd|-69.295265|44.593633|4988||https://www.facebook.com/pages/Northern-Solstice-Alpaca-Farm/171755526185731?ref=br_tf||||www.northernsolsticealpaca.com||||Aug 13th, 2014
ME||jane shain|on-farm market|onfarmmarket|1000||700678|default-onfarmmarket-4-3.jpg|The Maine Accent Field Grown Perennial and Cut Flower Farm|60 Shady Lane, Hallowell, Maine 4347|Hallowell|Maine|60 Shady Lane|-69.825454|44.287386|4347||https://www.facebook.com/pages/The-Maine-Accent/107071032654298||||www.themaineaccent.com||||Aug 13th, 2014
ME||Cindy Green|on-farm market|onfarmmarket|1000||700859|default-onfarmmarket-4-3.jpg|Green Anchor Farm|2000 US Hwy 1, Cary Plantation, Maine 04471|Cary Plantation|Maine|2000 US Hwy 1|-67.850248|46.070086|04471||https://www.facebook.com/GreenAnchorFarm||||||||Aug 21st, 2014
ME||Gary Lewis|on-farm market|onfarmmarket|1000||700894|default-onfarmmarket-4-3.jpg|Murramarang Farm|37 Quaker Ridge Road, Casco, Maine 04015|Casco|Maine|37 Quaker Ridge Road|-70.529045|43.977657|04015|www.almostafarmer.com|https://www.facebook.com/pages/Almost-a-Farmer/511766258923231?ref=bookmarks|||https://www.twitter.com/almostafarmer2|www.almostafarmer.com||||Aug 23rd, 2014
ME||Heide Purinton-Brown|on-farm market|onfarmmarket|1000||700016|default-onfarmmarket-4-3.jpg|Toddy Pond Farm|174 Carver Rd, Monroe, Maine 4951|Monroe|Maine|174 Carver Rd|-69.052304|44.55061|4951||https://www.facebook.com/ToddyPondFarm||||||||Aug 26th, 2014
ME||Caitlin Jordan|on-farm market|onfarmmarket|1000||700794|default-onfarmmarket-4-3.jpg|Alewive's Brook Farm|83 Old Ocean House Rd, Cape Elizabeth, Maine 4107|Cape Elizabeth|Maine|83 Old Ocean House Rd|-70.218065|43.584075|4107||||||www.alewivesbrookfarm.com||||Aug 28th, 2014
ME||Jo Ann Myers|on-farm market|onfarmmarket|1000||700421|default-onfarmmarket-4-3.jpg|Beau Chemin Preservation Farm|1749 FinntownRoad, Waldoboro, Maine 04572|Waldoboro|Maine|1749 FinntownRoad|-69.294017|44.073350|04572||||||www.beaucheminpreservationfarm.com||||Aug 2nd, 2014
ME||Everett T Albee|on-farm market|onfarmmarket|1000||700823|default-onfarmmarket-4-3.jpg|Albee Farming|1628 Alna Road, Alna, Maine 04535|Alna|Maine|1628 Alna Road|-69.615267|44.1032357|04535||||||||||Aug 7th, 2014
ME||Annette Marin|on-farm market|onfarmmarket|1000||701190|default-onfarmmarket-4-3.jpg|Gone Loco! @ No View Farm|855 S Rumford Rd, Rumford, Maine 04276|Rumford|Maine|855 S Rumford Rd|-70.637958|44.4820470|04276||https://www.facebook.com/NoViewFarmCOOP||||www.noviewfarm.com||||Jan 5th, 2015
ME||Luke Sites|on-farm market|onfarmmarket|1000||701192|default-onfarmmarket-4-3.jpg|Sites Farm|98 Joaquin rd, Athens, Maine 04912|Athens|Maine|98 Joaquin rd|-69.597973|44.920872|04912||Sites Farm||||||||Jan 8th, 2015
ME||William Winslow|on-farm market|onfarmmarket|1000||701363|default-onfarmmarket-4-3.jpg|High View Farm Dairy|48 Leander Harmon Rd, Harrison, Maine 04040|Harrison|Maine|48 Leander Harmon Rd|-70.654938|44.096314|04040||https://www.facebook.com/HighViewFarmSleighrides/||||http://www.high-view-farm.com/||||Jul 20th, 2016
ME||Aaron Libby|on-farm market|onfarmmarket|1000||700276|default-onfarmmarket-4-3.jpg|Libby & Son U-Picks|86 Sawyer Mt. Road, Limerick, Maine 4048|Limerick|Maine|86 Sawyer Mt. Road|-70.760577|43.722072|4048||||||www.libbysonupicks.com||||Jul 26th, 2014
ME|||on-farm market|onfarmmarket|1000||700483|default-onfarmmarket-4-3.jpg|Sheepscot General at Uncas Farm|98 Townhouse, Whitefield, Maine 04353|Whitefield|Maine|98 Townhouse|-69.610080|44.2196226|04353||||||||||Jul 27th, 2014
ME|||on-farm market|onfarmmarket|1000||700002|default-onfarmmarket-4-3.jpg|Wolfe's Neck Farm|184 Burnett Rd., Freeport, Maine 04032|Freeport|Maine|184 Burnett Rd.|-70.072353|43.830637|04032|http://wolfesneckfarm.org/blog/|https://www.facebook.com/wolfesneckfarm|||https://twitter.com/wolfesneckfarm|www.wolfesneckfarm.org||||Jul 28th, 2014
ME||Rob Boothby|on-farm market|onfarmmarket|1000||700241|default-onfarmmarket-4-3.jpg|Boothby's Orchard and Farm|366 Boothby Road,  Route 108 East, Livermore, Maine 4253|Livermore|Maine|366 Boothby Road,  Route 108 East|-70.205271|44.375926|4253||https://www.facebook.com/BoothbysOrchard||||www.mainehoneycrisp.com||||Jul 28th, 2014
ME||Ramona Snell|on-farm market|onfarmmarket|1000||700724|default-onfarmmarket-4-3.jpg|Snell Family Farm|1000 River Road, Buxton, Maine 04093|Buxton|Maine|1000 River Road|-70.542567|43.619659|04093||||||www.snellfamilyfarm.com||||Jul 28th, 2014
ME||Kathy Shaw|on-farm market|onfarmmarket|1000||701417|default-onfarmmarket-4-3.jpg|Valley View Farm|#9 Third Street, Auburn , Maine 04210|Auburn|Maine|#9 Third Street|-70.224720|44.087681|04210||4 Season Farm Market||||||||Jun 21st, 2017
ME||Kim Finnerty|on-farm market|onfarmmarket|1000||701419|default-onfarmmarket-4-3.jpg|Whiting Farm|876 Summer Street, Auburn, Maine 04210|Auburn|Maine|876 Summer Street|-70.253660|44.121527|04210||https://www.facebook.com/WhitingFarm1930/||||www.whitingfarm.org||||Jun 29th, 2017
ME||Ellen McAdam|on-farm market|onfarmmarket|1000||700102|default-onfarmmarket-4-3.jpg|McDougal Orchards LLC|201 Hanson Ridge Road, Springvale, Maine 04083|Springvale|Maine|201 Hanson Ridge Road|-70.798639|43.447129|04083||https://www.facebook.com/mcdougalorchards|||https://twitter.com/McDougalOrchard|http://www.mcdougalorchards.com||||Mar 23rd, 2015
ME||William Seleno|on-farm market|onfarmmarket|1000||701523|default-onfarmmarket-4-3.jpg|B and T Provisions|3381 Main street, fayette, Maine 04349|fayette|Maine|3381 Main street|-70.116146|44.462783|04349||B and T Provisions||||bantprovisions.com||||May 25th, 2020
ME||Lou Sidell|on-farm market|onfarmmarket|1000||700596|default-onfarmmarket-4-3.jpg|Perseverance Wild Blueberry Farm|Campbell And Prebble Lane, Kingsbury Plantation, Maine 4443|Kingsbury Plantation|Maine|Campbell And Prebble Lane|-69.610695|45.115331|4443||||||www.perseverancefarm.com||||Nov 26th, 2014
ME||John Tibbetts|on-farm market|onfarmmarket|1000||700300|default-onfarmmarket-4-3.jpg|Tibbetts Family Farm|920 Clarks Woods Rd, Lyman, Maine 4002|Lyman|Maine|920 Clarks Woods Rd|-70.637968|43.5050963|4002||https://www.facebook.com/pages/Tibbetts-Family-Farm/328792836854||||http://www.tibbettsfamilyfarm.com/||||Oct 1st, 2014
ME||Sam Blackstone|on-farm market|onfarmmarket|1000||700517|default-onfarmmarket-4-3.jpg|Circle B Farms|287 E Presque Isle Rd, Caribou, Maine 04736|Caribou|Maine|287 E Presque Isle Rd|-67.989111|46.834200|04736||Sam Blackstone / Circle B Farms||||www.circlebfarmsinc.com||||Oct 28th, 2014
ME||Brien Davis|on-farm market|onfarmmarket|1000||700639|default-onfarmmarket-4-3.jpg|Hope Orchards|434 Camden Road, Hope, Maine 4847|Hope|Maine|434 Camden Road|-69.156738|44.2636548|4847||www.facebook.com/HopeOrchards||||www.hopeorchards.com||||Sep 16th, 2014
MD||South Mountain Creamery/Emily Moore|on-farm market|onfarmmarket|1000||701246|default-onfarmmarket-4-3.jpg|Karen's Kountry Store|8305 Bolivar Road, Middletown, Maryland 21769|Middletown|Maryland|8305 Bolivar Road|-77.602960|39.4585804|21769||www.facebook.com/smcdairy|||www.twitter.com/southmtcreamery|www.southmountaincreamery.com||||Apr 20th, 2015
MD||Mary Fendrick|on-farm market|onfarmmarket|1000||701325|default-onfarmmarket-4-3.jpg|Rock Hill Orchard|28600 Ridge Rd, Mount Airy, Maryland 21771|Mount Airy|Maryland|28600 Ridge Rd|-77.194802|39.327127|21771||https://www.facebook.com/rockhillorchard/?fref=ts|||@rockhillorchard|http://www.rockhillorchard.com||||Apr 9th, 2016
MD||Ginger Myers|on-farm market|onfarmmarket|1000||700835|default-onfarmmarket-4-3.jpg|Evermore Farm|150 Rockland Road, Westminster, Maryland 21158|Westminster|Maryland|150 Rockland Road|-77.048689|39.579598|21158||www.facebook/evermorefarm|||https://www.twitter.com/evermorefarm|www.evermorefarm.com||||Aug 13th, 2014
MD||Nick Maravell|on-farm market|onfarmmarket|1000||700840|default-onfarmmarket-4-3.jpg|Nick's Organic Farm-Potomac|8565 Horseshoe Lane, Potomac, Maryland 20854|Potomac|Maryland|8565 Horseshoe Lane|-77.217849|38.9966381|20854||||||www.nicksorganicfarm.com||||Aug 14th, 2014
MD||Nick Maravell|on-farm market|onfarmmarket|1000||700841|default-onfarmmarket-4-3.jpg|Nick's Organic Farm-Buckeystown|2733 Buckeystown Pike, Adamstown, Maryland 21710|Adamstown|Maryland|2733 Buckeystown Pike|-77.442373|39.310287|21710||||||www.nicksorganicfarm.com||||Aug 14th, 2014
MD||Mandy Legg|on-farm market|onfarmmarket|1000||701553|default-onfarmmarket-4-3.jpg|Ana-Gail Farms LLC|1217 Perrys Corner Rd, Grasonville, Maryland 21638|Grasonville|Maryland|1217 Perrys Corner Rd|-76.193302|38.935374|21638||@anagailfarms||||www.anagailfarms.com||||Aug 25th, 2020
MD||Brad Humbert|on-farm market|onfarmmarket|1000||700153|default-onfarmmarket-4-3.jpg|Cultivale Farm|717 MULLER RD, WESTMINSTER, Maryland 21157|WESTMINSTER|Maryland|717 MULLER RD|-77.022237|39.475424|21157||https://www.facebook.com/cultivale||||www.cultivale.com||||Aug 8th, 2014
MD||Myron Horst|on-farm market|onfarmmarket|1000||701203|default-onfarmmarket-4-3.jpg|Jehovah Jireh Farm|7033 Ed Sears Rd, Dickerson, Maryland 20842|Dickerson|Maryland|7033 Ed Sears Rd|-77.418607|39.260721|20842||||||www.Jehovahjirehfarm.com||||Feb 2nd, 2015
MD||Gary Pilchard|on-farm market|onfarmmarket|1000||701467|default-onfarmmarket-4-3.jpg|Shimar Farms|3017 Klej Grange Rd, Pocomoke City, Maryland 21851|Pocomoke City|Maryland|3017 Klej Grange Rd|-75.456314|38.097410|21851||Shi-Mar Farms||||||||Jan 14th, 2019
MD||Brian Schiner|on-farm market|onfarmmarket|1000||700393|default-onfarmmarket-4-3.jpg|Wagon Wheel Ranch|661 west watersville rd, mount airy, Maryland 21771|mount airy|Maryland|661 west watersville rd|-77.113815|39.3590151|21771||||||www.wagonwheelranch.org||||Jul 25th, 2014
MD||Tracy Abram|on-farm market|onfarmmarket|1000||700026|default-onfarmmarket-4-3.jpg|Tag Along Alpacas, LLC|8139 Broadneck Road, Chestertown, Maryland 21620|Chestertown|Maryland|8139 Broadneck Road|-76.125663|39.200861|21620||https://www.facebook.com/tag.alpacas||||www.tagalongalpacas.com||||Jul 26th, 2014
MD||Barron Shaw|on-farm market|onfarmmarket|1000||700038|default-onfarmmarket-4-3.jpg|Shaw Orchards|5594 Norrisville Rd, White Hall, Maryland 21161|White Hall|Maryland|5594 Norrisville Rd|-76.547311|39.721081|21161|www.shaworchards.com/blog|https://www.facebook.com/shaworchards||||www.shaworchards.com||||Jul 27th, 2014
MD||Heather Carr|on-farm market|onfarmmarket|1000||700068|default-onfarmmarket-4-3.jpg|Willow Oak Flower & Herb Farm|8109 Telegraph Rd, Severn, Maryland 21144|Severn|Maryland|8109 Telegraph Rd|-76.691217|39.112864|21144||https://www.facebook.com/pages/Willow-Oak-flower-and-Herb-Farm/240128883193?v=info||||www.willowoakherbs.com||||Jul 28th, 2014
MD||Chris Himmel|on-farm market|onfarmmarket|1000||700132|default-onfarmmarket-4-3.jpg|Habanera Farm, LLC|2916 Whitehaven Road, Tyaskin, Maryland 21865|Tyaskin|Maryland|2916 Whitehaven Road|-75.795105|38.2744420|21865||https://www.facebook.com/habanerafarm||||http://www.habanerafarm.com/||||Jul 30th, 2014
MD||Michael Jensen|on-farm market|onfarmmarket|1000||701396|default-onfarmmarket-4-3.jpg|Unity Church Hill|3621 Church Hill Road, Church Hill, MD 21623, Church Hill, Maryland 21623|Church Hill|Maryland|3621 Church Hill Road, Church Hill, MD 21623|-76.007155|39.1262217|21623|http://www.unitychurchhillnursery.com/blog/|https://www.facebook.com/unitychurchhill.nursery||||http://unitynursery.com/||||Jul 6th, 2017
MD||Margaret Chase|on-farm market|onfarmmarket|1000||701271|default-onfarmmarket-4-3.jpg|Chase's Produce|2857  Davidsonville Rd, Davidsonville, Maryland 21035|Davidsonville|Maryland|2857  Davidsonville Rd|0.437050|0.289763|21035||||||||||Jun 14th, 2015
MD||Michael Sheehan|on-farm market|onfarmmarket|1000||701320|default-onfarmmarket-4-3.jpg|Citizens of Earth|12600 Piedmont Road , Clarksburg, Maryland 20871|Clarksburg|Maryland|12600 Piedmont Road|-77.260997|39.2434310|20871||https://www.facebook.com/Citizens-of-Earth-466859626793595/||||thecitizensofearth.org||||Mar 17th, 2016
MD||Amanda Hill Kauffmann|on-farm market|onfarmmarket|1000||701127|default-onfarmmarket-4-3.jpg|Cabin Creek Heritage Farm|18235 Clagett Landing Road, Upper Marlboro, Maryland 20774|Upper Marlboro|Maryland|18235 Clagett Landing Road|-76.687062|38.873444|20774||www.facebook.com/cabincreekheritagefarm|||twitter.com   @PasturedFarmer|www.cabincreekheritagefarm.com||||Mar 19th, 2015
MD||Fran Kisser|on-farm market|onfarmmarket|1000||701165|default-onfarmmarket-4-3.jpg|A. H. Herb'n Craft Farm|13433 Ocean Gateway (US Route 50), Wye Mills, Maryland 21679|Wye Mills|Maryland|13433 Ocean Gateway (US Route 50)|-76.062360|38.936137|21679||||||||||Mar 19th, 2015
MD||Columbine Manor|on-farm market|onfarmmarket|1000||700980|default-onfarmmarket-4-3.jpg|Columbine Manor|16290 Spielman Road, Williamsport , Maryland 21795|Williamsport|Maryland|16290 Spielman Road|-77.808900|39.5638270|21795||||||cm-longhornbeef.com||||Mar 20th, 2015
MD||Will Morrow|on-farm market|onfarmmarket|1000||700299|default-onfarmmarket-4-3.jpg|Whitmore Farm|10720 Dern Road, Emmitsburg, Maryland 21727|Emmitsburg|Maryland|10720 Dern Road|-77.291925|39.6551050|21727||||||www.whitmorefarm.com||||Mar 23rd, 2015
MD||Lisa Gaver|on-farm market|onfarmmarket|1000||700349|default-onfarmmarket-4-3.jpg|Gaver Farm, LLC|5501 Detrick Road, Mt. Airy, Maryland 21771|Mt. Airy|Maryland|5501 Detrick Road|-77.240356|39.382212|21771||www.facebook.com/gaverfarm||||www.gaverfarm.com||||Mar 24th, 2015
MD||Robert & Tarra Hilton|on-farm market|onfarmmarket|1000||701232|default-onfarmmarket-4-3.jpg|Hilton's Farm & Garden|24801 Burnt Hill Road, Clarksburg, Maryland 20871|Clarksburg|Maryland|24801 Burnt Hill Road|-77.257396|39.264681|20871||www.facebook.com/HiltonsFarmandGarden||||||||Mar 24th, 2015
MD||Nora Crist|on-farm market|onfarmmarket|1000||701147|default-onfarmmarket-4-3.jpg|Clark's Elioak Farm|10500 Clarksville Pike, Ellicott CIty, Maryland 21042|Ellicott CIty|Maryland|10500 Clarksville Pike|-76.876279|39.235883|21042||https://www.facebook.com/ClarksProduce||||http://clarklandfarm.com/||||Mar 25th, 2015
MD||Dottie Dunn|on-farm market|onfarmmarket|1000||701049|default-onfarmmarket-4-3.jpg|Baugher's Orchard & Farm|1015 Baugher Road, Westminster, Maryland 21158|Westminster|Maryland|1015 Baugher Road|-77.050202|39.6020820|21158||baughers||||www.baughers.com||||Mar 26th, 2015
MD||Holli Elliott|on-farm market|onfarmmarket|1000||700820|default-onfarmmarket-4-3.jpg|Accokeek Foundation - Ecosystem Farm Market|3400 Bryan Point Road, Accokeek, Maryland 20607|Accokeek|Maryland|3400 Bryan Point Road|-77.060180|38.691496|20607||www.facebook.com/accokeekfoundation|||twitter.com/Accokeek|www.accokeekfoundation.org||||Mar 31st, 2015
MD||Tyler Butler|on-farm market|onfarmmarket|1000||701333|default-onfarmmarket-4-3.jpg|Butler's Orchard|22222 Davis Mill Road, Germantown, Maryland 20876|Germantown|Maryland|22222 Davis Mill Road|-77.223226|39.221380|20876||https://www.facebook.com/ButlersOrchard1|||https://twitter.com/ButlersOrchard|http://www.butlersorchard.com/||||May 4th, 2016
MD||Greg Thorne|on-farm market|onfarmmarket|1000||700018|default-onfarmmarket-4-3.jpg|Thorne Farm|1130 Martin Drive, Westminster, Maryland 21157|Westminster|Maryland|1130 Martin Drive|-76.956602|39.598136|21157||https://www.facebook.com/thornefarm||||http://www.thornefarm.com||||May 9th, 2015
MD||Darlene Goehringer|on-farm market|onfarmmarket|1000||700245|default-onfarmmarket-4-3.jpg|Pop's Old Place|4657 Skinners Run Road, Hurlock, Maryland 21643|Hurlock|Maryland|4657 Skinners Run Road|-75.857703|38.6853330|21643||Pop\'s Old Place||||www.PopsOldPlace.com||||Sep 16th, 2014
MD||Alison Worman|on-farm market|onfarmmarket|1000||701091|default-onfarmmarket-4-3.jpg|Whitelock Community Farm|930 Whitelock Street, Baltimore, Maryland 21217|Baltimore|Maryland|930 Whitelock Street|-76.634006|39.314492|21217||||||www.whitelockfarm.org||||Sep 22nd, 2014
MD||Andrea Davis-Cetina|on-farm market|onfarmmarket|1000||701613|default-onfarmmarket-4-3.jpg|Quarter Acre Farm|100 North Harrison Street, Easton, Maryland 21601|Easton|Maryland|100 North Harrison Street|-76.075492|38.776542|21601||https://www.facebook.com/quarterAfarm||||https://quarteracrefarmsonoma.com/||||Sep 4th, 2021
MI||DOUGLAS BEDELL|on-farm market|onfarmmarket|1000||701244|default-onfarmmarket-4-3.jpg|Raven's Roost Farm|2398 Vandermark Rd, Bellaire, Michigan 49615|Bellaire|Michigan|2398 Vandermark Rd|-85.241874|44.9987500|49615||https://www.facebook.com/pages/Ravens-Roost-Farm/244514162293833||||||||Apr 11th, 2015
MI||Layne Hagerman|on-farm market|onfarmmarket|1000||700926|default-onfarmmarket-4-3.jpg|Hickory Corners Homestead|12751 E Baseline Rd, Hickory Corners , Michigan 49060|Hickory Corners|Michigan|12751 E Baseline Rd|-85.382163|42.419918|49060||www.facebook.com/HickoryCornersHomestead||||www.hickorycornershomestead.com||||Apr 1st, 2015
MI||Delbert Garrett|on-farm market|onfarmmarket|1000|A real down to earth experience. We practice truth in food as we don\'t spin what we do.|700137|onfarmmarket_700137_13898_20220422133913.png|GCC Organics|431 S Littlefield Rd, Mount Pleasant, Michigan 48858|Mount Pleasant|Michigan|431 S Littlefield Rd|-84.948278|43.633948|48858||https://www.facebook.com/vraefoods||||https://vraefoods.com||A real down to earth experience. We practice truth in food as we don\'t spin ...||Apr 22nd, 2022
MI||Joanne Galloway|on-farm market|onfarmmarket|1000||701288|default-onfarmmarket-4-3.jpg|Galloway's Red Clay Ranch|5696 W Townline Rd, Pickford, Michigan 49774|Pickford|Michigan|5696 W Townline Rd|-84.481615|46.1582650|49774||Galloway\'s Red Clay Ranch||||||||Apr 27th, 2016
MI||Amy Ball|on-farm market|onfarmmarket|1000||701334|default-onfarmmarket-4-3.jpg|Peaceful Produce|3565 Elder Rd., Carp Lake, Michigan 49718|Carp Lake|Michigan|3565 Elder Rd.|-84.843103|45.709447|49718||Peaceful Produce||||||||Apr 29th, 2016
MI||william miller jr.|on-farm market|onfarmmarket|1000||700603|default-onfarmmarket-4-3.jpg|Papaxe2x80x99s Pumpkin Patch|3909 S Summerton Road, Mt. Pleasant, Michigan 48858|Mt. Pleasant|Michigan|3909 S Summerton Road|-84.719181|43.571437|48858||||||papaspumpkinpatch@yahoo.com||||Aug 12th, 2014
MI||George McManus IV|on-farm market|onfarmmarket|1000||700062|default-onfarmmarket-4-3.jpg|Piggott's Farm Market & Bakery|3824 E. Napier Ave., Benton Harbor, Michigan 49022|Benton Harbor|Michigan|3824 E. Napier Ave.|-86.365637|42.0906298|49022||https://www.facebook.com/piggottsfarmmarketbakery|||https://twitter.com/piggottsproduce|www.piggottsfarmmarket.com||||Aug 13th, 2014
MI||Catalaya\'s Rabbitry|on-farm market|onfarmmarket|1000||700164|default-onfarmmarket-4-3.jpg|Fresh Whole Rabbit|Friesian Lane, Lakeview, Michigan 48850|Lakeview|Michigan|Friesian Lane|-85.253005|43.349196|48850||https://www.facebook.com/catalayasrabbitry||||www.catalayarabbitry.weebly.com||||Aug 13th, 2014
MI||Angela Thompson|on-farm market|onfarmmarket|1000||700646|default-onfarmmarket-4-3.jpg|Nye's Apple Barn and Farms|3151 Niles Avenue (M63), Saint Joseph, Michigan 49085|Saint Joseph|Michigan|3151 Niles Avenue (M63)|-86.459915|42.060280|49085||www.facebook.com/NyesAppleBarn||||www.nyesapplebarn.com||||Aug 15th, 2014
MI||Mark Mortenson|on-farm market|onfarmmarket|1000||700783|default-onfarmmarket-4-3.jpg|Friends Farm|3728 S. Morey Road, Lake City, Michigan 49651|Lake City|Michigan|3728 S. Morey Road|-85.215038|44.2847493|49651||https://www.facebook.com/FriendsMinistryLC||||friendsministry.net||||Aug 15th, 2014
MI||Pennie Tomac|on-farm market|onfarmmarket|1000||700843|default-onfarmmarket-4-3.jpg|Tomac Pumpkins and Farm Market|19758 S Corunna Road, Chesaning, Michigan 48616|Chesaning|Michigan|19758 S Corunna Road|-84.114169|43.1322360|48616||||||||||Aug 15th, 2014
MI||Barb Raak|on-farm market|onfarmmarket|1000||700541|default-onfarmmarket-4-3.jpg|Dutch Farm Market|6967 109th Avenue, South Haven, Michigan 49090|South Haven|Michigan|6967 109th Avenue|-86.224747|42.4838629|49090||https://www.facebook.com/pages/Dutch-Farm-Market/270598596340448||||||||Aug 18th, 2014
MI|||on-farm market|onfarmmarket|1000||700424|default-onfarmmarket-4-3.jpg|Woodland Enterprises Inc.|10821 Pierce Street, Zeeland, Michigan 49464|Zeeland|Michigan|10821 Pierce Street|-86.048985|42.957257|49464||||||www.woodlandberries.com||||Aug 19th, 2014
MI||Glen Mitchell|on-farm market|onfarmmarket|1000||700751|default-onfarmmarket-4-3.jpg|Mitchell Farm|3404 Mitchell Road, Holly, Michigan 48442|Holly|Michigan|3404 Mitchell Road|-83.630219|42.849441|48442||||||www.mitchellfarm.biz||||Aug 21st, 2014
MI||Jeanne Weaver|on-farm market|onfarmmarket|1000||700904|default-onfarmmarket-4-3.jpg|Windswept Farm|3649 E Sherwood Rd, Williamston, Michigan 48895|Williamston|Michigan|3649 E Sherwood Rd|-84.226917|42.7171210|48895||||||||||Aug 23rd, 2014
MI||Kimberly Pearson|on-farm market|onfarmmarket|1000||700916|default-onfarmmarket-4-3.jpg|Brandywine Farm Nursery|5885 Lake George Rd, Dryden, Michigan 48428|Dryden|Michigan|5885 Lake George Rd|-83.181137|42.890544|48428|http://www.brandywinefarmnursery.blogspot.com/|https://www.facebook.com/BrandywineFarmNursery||||brandywinefarmnursery.com||||Aug 24th, 2014
MI||john reuter|on-farm market|onfarmmarket|1000||700929|default-onfarmmarket-4-3.jpg|tanstaafl farmstead|39227 fisk lake road, paw apw, Michigan 49079|paw apw|Michigan|39227 fisk lake road|-86.018937|42.2512872|49079||||||||||Aug 25th, 2014
MI||Bryan Whitfield|on-farm market|onfarmmarket|1000||700933|default-onfarmmarket-4-3.jpg|Whitfield's Raw Honey|9235 Windemere Court, Clarkston, Michigan 48348|Clarkston|Michigan|9235 Windemere Court|-83.472444|42.7733080|48348||||||wwww.simplyrawhoney.com||||Aug 25th, 2014
MI|||on-farm market|onfarmmarket|1000||700560|default-onfarmmarket-4-3.jpg|Shangrila Too|12602 Center Road, Traverse City, Michigan 49686|Traverse City|Michigan|12602 Center Road|-85.515246|44.8701943|49686||||||||||Aug 26th, 2014
MI||Larry Kline|on-farm market|onfarmmarket|1000||700692|default-onfarmmarket-4-3.jpg|KlineKrest Certified Organic Produce|1067 Somer Road, Lyons, Michigan 48851|Lyons|Michigan|1067 Somer Road|-84.980334|42.972623|48851||||||http://www.klinekrestcertifiedorganicproduce.com/||||Aug 26th, 2014
MI||Tony Clor|on-farm market|onfarmmarket|1000||700953|default-onfarmmarket-4-3.jpg|Clor's Greenhouse|3000 Brown Lane, Highland, Michigan 48357|Highland|Michigan|3000 Brown Lane|-83.662443|42.661046|48357||||||||||Aug 26th, 2014
MI||Genuine Roots Farm|on-farm market|onfarmmarket|1000||701611|default-onfarmmarket-4-3.jpg|Genuine Roots Farm|10371 Parshall Rd., Fenton, Michigan 48430|Fenton|Michigan|10371 Parshall Rd.|-83.746991|42.693661|48430||https://www.facebook.com/genuinerootsfarm||||www.GenuineRootsFarm.com||||Aug 26th, 2021
MI||Joe|on-farm market|onfarmmarket|1000||700964|default-onfarmmarket-4-3.jpg|Homestead Honey Farm|175 Olsen Rd, Gwinn , Michigan 49841|Gwinn|Michigan|175 Olsen Rd|-87.398745|46.405359|49841||https://www.facebook.com/HomesteadHoneyFarm||||||||Aug 27th, 2014
MI||Brian Tennis|on-farm market|onfarmmarket|1000||700098|default-onfarmmarket-4-3.jpg|New Mission Organics|5790 N. Omena Rise, Omena, Michigan 49674|Omena|Michigan|5790 N. Omena Rise|-85.600037|45.069524|49674||https://www.facebook.com/MI.Hop.Alliance|||https://www.twitter.com/michiganhops|http://www.newmissionorganics.com/||||Aug 28th, 2014
MI||Charles McCallum|on-farm market|onfarmmarket|1000||700463|default-onfarmmarket-4-3.jpg|The Extraordinary Berry|3091 Riverside Road, Benton Harbor, Michigan 49022|Benton Harbor|Michigan|3091 Riverside Road|-86.397710|42.167229|49022||https://www.facebook.com/pages/The-Extraordinary-Berry/228277483856012||||Theextraordinaryberry.com||||Aug 28th, 2014
MI||Sue Stuever Battel|on-farm market|onfarmmarket|1000||700175|default-onfarmmarket-4-3.jpg|Battel's Sugar Bush and Heritage Farm|7964 Daus Rd., Cass City, Michigan 48726|Cass City|Michigan|7964 Daus Rd.|-83.118298|43.645862|48726||https://www.facebook.com/battelsyrup||||www.battelsyrup.weebly.com||||Aug 29th, 2014
MI||Char|on-farm market|onfarmmarket|1000||700733|default-onfarmmarket-4-3.jpg|Lewis Farm Market & Petting Farm|4180 W. M-20 (stony Lake Road), New Era, Michigan 49446|New Era|Michigan|4180 W. M-20 (stony Lake Road)|-86.388669|43.558496|49446|http://lewisfarmmarket.com/category/blog/|https://www.facebook.com/LewisFarmMarket||||http://lewisfarmmarket.com/||||Aug 29th, 2014
MI||Dan Maslach|on-farm market|onfarmmarket|1000||700583|default-onfarmmarket-4-3.jpg|Vertical Paradise Farms|7344 Hammond Ave., Caledonia, Michigan 49316|Caledonia|Michigan|7344 Hammond Ave.|-85.575253|42.8309000|49316||www.facebook.com/vpfarms||||www.vpfarms.com||||Aug 2nd, 2014
MI||Joan Donaldson|on-farm market|onfarmmarket|1000||700994|default-onfarmmarket-4-3.jpg|Pleasant Hill Farm|5859 124th Ave., Fennville, Michigan 49408|Fennville|Michigan|5859 124th Ave.|-86.119885|42.5942229|49408|http://www.joandonaldson.com/blog/|https://www.facebook.com/pages/Pleasant-Hill-Farm/82478554686?ref=hl||||http://www.pleasanthillblueberryfarm.com/||||Aug 30th, 2014
MI||Charles Bristol|on-farm market|onfarmmarket|1000||700433|default-onfarmmarket-4-3.jpg|Brookwood Fruit Farm|7845 Bordman Road, Almont, Michigan 48003|Almont|Michigan|7845 Bordman Road|-83.029178|42.890456|48003||http://www.facebook.com/pages/Brookwood-Fruit-Farm/109942475759366||||www.brookwoodfruitfarm.com||||Aug 4th, 2014
MI||Marlene Ann Epley|on-farm market|onfarmmarket|1000||700804|default-onfarmmarket-4-3.jpg|FlowerEssence of Blue Barn Farm|4295 Moyer Road, Williamston, Michigan 48895|Williamston|Michigan|4295 Moyer Road|-84.200089|42.7082229|48895||https://www.facebook.com/FlowerEssenceLlcAndBlueBarnFarmMarket?ref=hl||||||||Aug 5th, 2014
MI||Dave Van Farowe|on-farm market|onfarmmarket|1000||700810|default-onfarmmarket-4-3.jpg|deBerry Shack|14475 Quincy Street, Holland, Michigan 49424|Holland|Michigan|14475 Quincy Street|-86.139603|42.8411303|49424||www.facebook.com/deBerryShack||||||||Aug 5th, 2014
MI||Ryan Morgan|on-farm market|onfarmmarket|1000||700574|default-onfarmmarket-4-3.jpg|Riverbend Farms|44 72nd Street, South Haven, Michigan 49090|South Haven|Michigan|44 72nd Street|-86.246094|42.4254424|49090||||||greatberries.net||||Aug 6th, 2014
MI||Natalie Klackle|on-farm market|onfarmmarket|1000||701181|default-onfarmmarket-4-3.jpg|Klackle Orchards|11466 W Carson City Rd., Greenville, Michigan 48838|Greenville|Michigan|11466 W Carson City Rd.|-85.297866|43.177077|48838|www.klackleorchards.com/blog/|www.facebook.com/klackleorchards|||www.twitter.com/klackleorchards|www.klackleorchards.com||||Dec 16th, 2014
MI||Joe Crawford|on-farm market|onfarmmarket|1000||701209|default-onfarmmarket-4-3.jpg|Honor Box Produce by Crawford Farms|, Clare, Michigan 48617|Clare|Michigan||-84.768971|43.851510|48617||https://www.facebook.com/MichiganFarmMarket||||http://www.MichiganFarmFreshProduce.com||||Feb 12th, 2015
MI||Bruce Upston|on-farm market|onfarmmarket|1000||701317|default-onfarmmarket-4-3.jpg|Wasem Fruit Farm, LLC|6580 Judd Rd, Milan, Michigan 48160|Milan|Michigan|6580 Judd Rd|-83.626685|42.140496|48160||www.facebook.com/pages/Wasem-Fruit-Farm/255034514021||||www.wasemfruitfarm.com||||Feb 14th, 2016
MI||Heidi Keister|on-farm market|onfarmmarket|1000||701637|default-onfarmmarket-4-3.jpg|Berry Brothers Retail|37146 30th Street, Paw Paw, Michigan 49079|Paw Paw|Michigan|37146 30th Street|-85.892177|42.214235|49079||https://www.facebook.com/Berry-Brothers-Retail-105317065091600||||https://www.berrybrothersretail.com/||||Feb 19th, 2022
MI|||on-farm market|onfarmmarket|1000||701217|default-onfarmmarket-4-3.jpg|Wells Orchards|O-8993 Kenowa Ave SW, Grand Rapids, Michigan 49534|Grand Rapids|Michigan|O-8993 Kenowa Ave SW|-85.783388|42.932177|49534||https://www.facebook.com/pages/Wells-Orchards/122028811170560?ref=ts||||www.wellsorchards.com||||Feb 25th, 2015
MI||Phyllis Shilling|on-farm market|onfarmmarket|1000||701205|default-onfarmmarket-4-3.jpg|Maia Organics|, sidney, Michigan|sidney|Michigan||-85.193087|43.257295|||||||||||Feb 5th, 2015
MI||Eric Andrews|on-farm market|onfarmmarket|1000||701581|default-onfarmmarket-4-3.jpg|Peace Tree Parks|3409 E Vernor, Detroit, Michigan 48207|Detroit|Michigan|3409 E Vernor|-83.102237|42.383037|48207||https://www.facebook.com/peacetreeparks/||||www.PeaceTreeParks.org||||Feb 8th, 2021
MI||R. Darlene Drwal|on-farm market|onfarmmarket|1000||701185|default-onfarmmarket-4-3.jpg|Goodrich Acres|8416 Gale Rd, Goodrich, Michigan 48438|Goodrich|Michigan|8416 Gale Rd|-83.534492|42.906654|48438||||||||||Jan 1st, 2015
MI||Andrea & Nathan Creswick|on-farm market|onfarmmarket|1000||701199|default-onfarmmarket-4-3.jpg|Creswick Farms|6500 Rollenhagen Rd, Ravenna, Michigan 49451|Ravenna|Michigan|6500 Rollenhagen Rd|-85.994367|43.134669|49451||https://www.facebook.com/CreswickFarms||||www.CreswickFarms.com||||Jan 28th, 2015
MI||Jamess English|on-farm market|onfarmmarket|1000||701385|default-onfarmmarket-4-3.jpg|English Orchards & Family Farm|302 Thumb Lake Rd, Vanderbilt, Michigan 49795|Vanderbilt|Michigan|302 Thumb Lake Rd|-84.680748|45.186933|49795||||||||||Jan 30th, 2017
MI||Mark Schoonover|on-farm market|onfarmmarket|1000||701387|default-onfarmmarket-4-3.jpg|Salad Central|4763 Baldwin St, Hudsonville, Michigan 49426|Hudsonville|Michigan|4763 Baldwin St|-85.900775|42.907060|49426||Salad Central||||||||Jan 31st, 2017
MI||Laurie Hunter|on-farm market|onfarmmarket|1000||701497|default-onfarmmarket-4-3.jpg|Frontier Farms|2073 S M 65, Whittemore, Michigan 48770|Whittemore|Michigan|2073 S M 65|-83.802520|44.216309|48770||||||michiganfrontierfarms.com||||Jan 8th, 2020
MI||Maynard Beery|on-farm market|onfarmmarket|1000||701283|default-onfarmmarket-4-3.jpg|Beery Farms of Michigan LLC|849 N. Aurelius Road, Mason, Michigan 48854|Mason|Michigan|849 N. Aurelius Road|-84.526718|42.6017140|48854||||||||||Jul 12th, 2015
MI||Tom|on-farm market|onfarmmarket|1000||700334|default-onfarmmarket-4-3.jpg|K's Acres - A North Sand Lake Fruit and Berry Farm|4680 Fitzpatrick Rd, Hillsdale, Michigan 49242|Hillsdale|Michigan|4680 Fitzpatrick Rd|-84.701342|41.944006|49242||https://www.facebook.com/pages/Ks-Acres-Orchard-A-North-Sand-lake-Fruit-and-Berry-farm/147653817831||||K\'s Acres@facebook.com||||Jul 26th, 2014
MI||David Coveyou|on-farm market|onfarmmarket|1000||700378|default-onfarmmarket-4-3.jpg|Coveyou Scenic Farm Market|4160 US131 South, Petoskey, Michigan 49770|Petoskey|Michigan|4160 US131 South|-84.966729|45.317777|49770||https://www.facebook.com/pages/Coveyou-Scenic-Farm-Market/362874771540||||coveyouscenicfarm.com||||Jul 26th, 2014
MI||Donald Coe|on-farm market|onfarmmarket|1000||700498|default-onfarmmarket-4-3.jpg|Black Star Farms|10844 E Revold Road, Suttons Bay, Michigan 49682|Suttons Bay|Michigan|10844 E Revold Road|-85.637741|44.940501|49682||||||www.blackstarfarms.com||||Jul 26th, 2014
MI||Mike Bronkema|on-farm market|onfarmmarket|1000||700039|default-onfarmmarket-4-3.jpg|Shady Side Farm|13275 Blair Street, Holland, Michigan 49424|Holland|Michigan|13275 Blair Street|-86.111787|42.892902|49424|http://www.shadysidefarm.blogspot.com|https://www.facebook.com/shadysidefarm||||http://www.shadysidefarm.com||||Jul 27th, 2014
MI||Brian Phillips|on-farm market|onfarmmarket|1000||700064|default-onfarmmarket-4-3.jpg|Phillips Orchards & Cider Mill|1174 W Gratiot County Line Rd, Saint Johns, Michigan 48879|Saint Johns|Michigan|1174 W Gratiot County Line Rd|-84.622316|43.117405|48879||https://www.facebook.com/PhillipsOrchards|||https://twitter.com/phillipsorchard|www.phillipsorchards.com||||Jul 27th, 2014
MI||Kathleen Nestell|on-farm market|onfarmmarket|1000||700088|default-onfarmmarket-4-3.jpg|Origins Hobby Farm|6110 Robertson Rd, Middleville, Michigan 49333|Middleville|Michigan|6110 Robertson Rd|-85.427445|42.7417363|49333|www.originshobbyfarm.com/blog.html|https://www.facebook.com/originshobbyfarm|||https://www.twitter.com/originshf|Www.orriginshobbyfarm.com||||Jul 27th, 2014
MI||Gail Rivera|on-farm market|onfarmmarket|1000||700136|default-onfarmmarket-4-3.jpg|Good Land Growers|11901 South Greenville Rd, Greenville, Michigan 48838|Greenville|Michigan|11901 South Greenville Rd|-85.263034|43.1209267|48838||https://www.facebook.com/GoodLandGrowers||||Http://www.goodlandgrowers.com||||Jul 27th, 2014
MI||Maria Huff|on-farm market|onfarmmarket|1000||700362|default-onfarmmarket-4-3.jpg|Maria & David Huff Farm Products|1460 W Wardlow Rd, Highland, Michigan 48357|Highland|Michigan|1460 W Wardlow Rd|-83.635653|42.6555660|48357||https://m.facebook.com/profile.php?id=222802057812310&ref=bookmark||||||||Jul 27th, 2014
MI||Catherine Halinski|on-farm market|onfarmmarket|1000||700364|default-onfarmmarket-4-3.jpg|Evergreen Lane Farm & Creamery|1824 66th St., Fennville, Michigan 49408|Fennville|Michigan|1824 66th St.|-86.189254|42.5511441|49408||www.Facebook.com/EvergreenLaneArtisanCheese||||www.evergreenlanefarm.com||||Jul 27th, 2014
MI||Bill Adams|on-farm market|onfarmmarket|1000||700455|default-onfarmmarket-4-3.jpg|Adams Farms|69676 Cr376 (40th Ave), Hartford, Michigan 49057|Hartford|Michigan|69676 Cr376 (40th Ave)|-86.220746|42.257492|49057||https://www.facebook.com/Adams.Blueberry.Farms||||www.facebook.com/Adams.Blueberry.Farms||||Jul 27th, 2014
MI||Ed and Diana Carpenter|on-farm market|onfarmmarket|1000||700599|default-onfarmmarket-4-3.jpg|Peacock Road Family Farm|11854 Peacock Road, Laingsburg, Michigan 48848|Laingsburg|Michigan|11854 Peacock Road|-84.369377|42.844666|48848||www.facebook.com/peacockroadtreefarm||||www.peacockrff.com||||Jul 27th, 2014
MI||Corey Ives|on-farm market|onfarmmarket|1000||700718|default-onfarmmarket-4-3.jpg|Ives Organics|2060 Bladwin Road, Lapeer, Michigan 48446|Lapeer|Michigan|2060 Bladwin Road|-83.340607|42.997927|48446||www.Facebook.com/IvesOrganics||||||||Jul 27th, 2014
MI||Xania Payne|on-farm market|onfarmmarket|1000||700003|default-onfarmmarket-4-3.jpg|Witamy Farm|3230 Portage Rd N, Grass Lake, Michigan 49240|Grass Lake|Michigan|3230 Portage Rd N|-84.275871|42.282429|49240||https://www.facebook.com/witamy.farm||||www.witamyfarm.com||||Jul 28th, 2014
MI||Justin Kolarik|on-farm market|onfarmmarket|1000||700072|default-onfarmmarket-4-3.jpg|Schwalliers Country Basket|1185 9 Mile Rd. NW, Sparta, Michigan 49345|Sparta|Michigan|1185 9 Mile Rd. NW|-85.697411|43.101815|49345||https://www.facebook.com/pages/Schwalliers-Country-Basket/57481257124||||||||Jul 28th, 2014
MI||Anne Rauscher|on-farm market|onfarmmarket|1000||700218|default-onfarmmarket-4-3.jpg|Swallowtail Farm|1633 Hagadorn Rd, Mason, Michigan 48854|Mason|Michigan|1633 Hagadorn Rd|-84.458512|42.6305369|48854|http://swallowtailfarm.blogspot.com/|https://www.facebook.com/pages/Swallowtail-Farm/299185864935?ref_type=bookmark||||http://www.swallowtailfarm.net/||||Jul 28th, 2014
MI||David Satterlee|on-farm market|onfarmmarket|1000||700611|default-onfarmmarket-4-3.jpg|Satterlee Small Fruits|3056 West Buchanan, Shelby, Michigan 49455|Shelby|Michigan|3056 West Buchanan|-86.354240|43.6310020|49455||||||||||Jul 28th, 2014
MI||artur losse|on-farm market|onfarmmarket|1000||700701|default-onfarmmarket-4-3.jpg|Kastanu Farm|4781 Powell Road, Kewadin, Michigan 49648|Kewadin|Michigan|4781 Powell Road|-85.332570|44.961640|49648||||||kastanufarm@aol.com||||Jul 28th, 2014
MI||Daniel Zatkovich|on-farm market|onfarmmarket|1000||700000|default-onfarmmarket-4-3.jpg|Zatkovich Pastures, LLC|17050 Kane Rd, Stockbridge, Michigan 49285|Stockbridge|Michigan|17050 Kane Rd|-84.143136|42.4932460|49285||https://www.facebook.com/ZatkovichPasturesLLC||||http://www.zatkovichpastures.com||||Jul 30th, 2014
MI||David Parks|on-farm market|onfarmmarket|1000||700067|default-onfarmmarket-4-3.jpg|BRASS RING BEEF|2883 Wilder Road, Metamora, Michigan 48083|Metamora|Michigan|2883 Wilder Road|-83.241356|42.9761288|48083||https://www.facebook.com/brassringbeef||||www.parksshowcattle.com||||Jul 30th, 2014
MI||Linda Kaminski|on-farm market|onfarmmarket|1000||700118|default-onfarmmarket-4-3.jpg|Kaminski Farms Meats|16682 Schwark Rd, Three Oaks, Michigan 49128|Three Oaks|Michigan|16682 Schwark Rd|-86.629591|41.8138326|49128||https://www.facebook.com/KaminskiFarmsMeatsKaminski||||www.kaminskifarmsmeats.com||||Jul 30th, 2014
MI||Christine Miller|on-farm market|onfarmmarket|1000||700226|default-onfarmmarket-4-3.jpg|Spartan Country Meats|4039 Dennis Rd., Webberville, Michigan 48892|Webberville|Michigan|4039 Dennis Rd.|-84.201761|42.616054|48892||https://www.facebook.com/pages/Spartan-Country-Meats/213932578620907?sk=timeline&ref=page_internal|||https://www.twitter.com/spartancntrymts|www.spartancountrymeats.com||||Jul 30th, 2014
MI||James Graham|on-farm market|onfarmmarket|1000||700345|default-onfarmmarket-4-3.jpg|Graham's Organics|3654 E. Weidman Rd., Rosebush, Michigan 48878|Rosebush|Michigan|3654 E. Weidman Rd.|-84.773415|43.683767|48878||||||grahamsorganics.com||||Jul 30th, 2014
MI||Renee\' Walter|on-farm market|onfarmmarket|1000||700556|default-onfarmmarket-4-3.jpg|Michigan Flower Farm|22460 Garfield Road, Northville, Michigan 48167|Northville|Michigan|22460 Garfield Road|-83.531816|42.4511380|48167||||||http://michiganflowerfarm.com/flowers/index.php?main_page=||||Jul 30th, 2014
MI||Renae Goralski|on-farm market|onfarmmarket|1000||700577|default-onfarmmarket-4-3.jpg|Oceana Winery & Vineyard|4980 South 52nd Avenue, New Era, Michigan 49446|New Era|Michigan|4980 South 52nd Avenue|-86.427501|43.5553953|49446||https://www.facebook.com/pages/Oceana-Winery-Vineyard/180943698619727||||www.oceanawinery.com||||Jul 30th, 2014
MI|||on-farm market|onfarmmarket|1000||700669|default-onfarmmarket-4-3.jpg|Brenskes Blueberries|17505 Roosevelt Rd, Hemlock, Michigan 48626|Hemlock|Michigan|17505 Roosevelt Rd|-84.259970|43.361975|48626||https://www.facebook.com/pages/Brenskes-Blueberry-Farm/386802954774918?sk=timeline||||||||Jul 30th, 2014
MI|||on-farm market|onfarmmarket|1000||700767|default-onfarmmarket-4-3.jpg|Westview Farm|60636 County Road 652, Mattawan, Michigan 49071|Mattawan|Michigan|60636 County Road 652|-85.784927|42.198224|49071||||||||||Jul 30th, 2014
MI||Martha Wilczynski|on-farm market|onfarmmarket|1000||700020|default-onfarmmarket-4-3.jpg|Lavender Hill Farm of Niles, MI LLC|1219 Morris Dr. (lower level, rear), Niles, Michigan 49120|Niles|Michigan|1219 Morris Dr. (lower level, rear)|-86.301255|41.839746|49120||https://www.facebook.com/thelavenderhill||||www.thelavenderhill.com||||Jul 31st, 2014
MI||Joy Moore|on-farm market|onfarmmarket|1000||700785|default-onfarmmarket-4-3.jpg|Frank Farms|8249 Deans Hill Road, Berrien Center, Michigan 49102|Berrien Center|Michigan|8249 Deans Hill Road|-86.258689|41.957279|49102||https://www.facebook.com/pages/Frank-Farms/321419985624||||www.frankfarms.com||||Jul 31st, 2014
MI||Les & Donna Abel|on-farm market|onfarmmarket|1000||701224|default-onfarmmarket-4-3.jpg|Michigan Garlic Farm|1048 Sarah Dr., Pinckney, Michigan 48169|Pinckney|Michigan|1048 Sarah Dr.|-83.920852|42.4257150|48169||michigan garlic||||www.michigangarlicfarm.com||||Jul 5th, 2016
MI||Annette Bjorge|on-farm market|onfarmmarket|1000||701410|default-onfarmmarket-4-3.jpg|Fruit Acres Farm Market & U-Pick|3452 Friday Rd., Coloma, Michigan 49038|Coloma|Michigan|3452 Friday Rd.|-86.306406|42.1744010|49038||https://www.facebook.com/fruitacres/||||fruitacresfarms.com||||Jun 15th, 2017
MI||Nicole Goetz|on-farm market|onfarmmarket|1000||701603|default-onfarmmarket-4-3.jpg|Frontiere Farm House|11211 22 Mile Rd, Marshall, Michigan 49068|Marshall|Michigan|11211 22 Mile Rd|-84.869149|42.234523|49068|frontierefarm.house|facebook.com/frontierefarmhouse||||frontierefarm.house||||Jun 22nd, 2021
MI||Nancy Briggs|on-farm market|onfarmmarket|1000||700354|default-onfarmmarket-4-3.jpg|Fruit Ridge Hayrides LLC|11966 Fruit Ridge Ave., Kent City, Michigan 49330|Kent City|Michigan|11966 Fruit Ridge Ave.|-85.769231|43.183267|49330||https://www.facebook.com/fruitridge.hayrides||||www.fruitridgehayrides.com||||Mar 13th, 2015
MI||Joni Lickey|on-farm market|onfarmmarket|1000||700268|default-onfarmmarket-4-3.jpg|Destiny Farm- FarmStand|13078 Windy Hollow, Brighton Township, Michigan 48380|Brighton Township|Michigan|13078 Windy Hollow|-83.691015|42.533793|48380||||||||||Mar 19th, 2015
MI||Daniel and Whitney Belprez|on-farm market|onfarmmarket|1000||700015|default-onfarmmarket-4-3.jpg|Two Sparrows Farm LLC|9436 Peck Lake Rd., Lowell, Michigan 49331|Lowell|Michigan|9436 Peck Lake Rd.|-85.261964|42.900684|49331||https://www.facebook.com/TwoSparrowsFarm||||https://twosparrowsfarm.wordpress.com/||||Mar 23rd, 2015
MI||Alicia Cummings|on-farm market|onfarmmarket|1000||700549|default-onfarmmarket-4-3.jpg|Blueberry Lane Farms|13240 Blueberry Lane, Otter Lake, Michigan 48464|Otter Lake|Michigan|13240 Blueberry Lane|-83.470335|43.1983610|48464||Blueberry Lane Farms||||www.blueberrylanefarms.com||||Mar 23rd, 2015
MI||David Eagleton|on-farm market|onfarmmarket|1000||700825|default-onfarmmarket-4-3.jpg|Immerfrost Farm|N8536 Pelkey Rd K 3, Stephenson, Michigan 49887|Stephenson|Michigan|N8536 Pelkey Rd K 3|-87.547894|45.421889|49887||http://goo.gl/qlvwg|||https://www.twitter.com/ImmerfrostFarm|ImmerfrostFarm.com||||Mar 23rd, 2015
MI||Joe Otis|on-farm market|onfarmmarket|1000||700774|default-onfarmmarket-4-3.jpg|Green Oak Farmers and Community Market|11299 Grand River Avenue, Brighton, Michigan 48116|Brighton|Michigan|11299 Grand River Avenue|-83.727164|42.5159990|48116||www.facebook.com/GreenOakMarket||||www.facebook.com/GreenOakMarket||||Mar 28th, 2015
MI||Robert Versluis|on-farm market|onfarmmarket|1000||701395|default-onfarmmarket-4-3.jpg|Grange Fruit Farm|10724 Grange Ave NE, Rockford, Michigan 49341|Rockford|Michigan|10724 Grange Ave NE|-85.625363|43.159966|49341||Grange Fruit Farm||||grangefruit.com||||Mar 8th, 2017
MI||David Allen|on-farm market|onfarmmarket|1000||701260|default-onfarmmarket-4-3.jpg|Peckham Farms|5408 W. Grand River Rd., Lansing, Michigan 48906|Lansing|Michigan|5408 W. Grand River Rd.|-84.628209|42.777257|48906||https://www.facebook.com/Peckham.Farms||||http://www.peckham.org/Business-Operations/Peckham-Farms.aspx/||||May 18th, 2015
MI||Erin Swystun Kitipi|on-farm market|onfarmmarket|1000||701338|default-onfarmmarket-4-3.jpg|Kitipi Farm, llc|130 Hastings Ct, Bangor , Michigan 49013|Bangor|Michigan|130 Hastings Ct|-86.106671|42.321930|49013||Kitipi Farm, llc||||||||May 24th, 2016
MI||Darlene Dambacher|on-farm market|onfarmmarket|1000||701406|default-onfarmmarket-4-3.jpg|Speaker Lone Oak Orchard|7353 Brockway Rd., Melvin, Michigan 48454|Melvin|Michigan|7353 Brockway Rd.|-82.801607|43.207260|48454||Speaker orchard||||speakerorchard.com||||May 2nd, 2017
MI||L&L Bull-  Lynn Bull|on-farm market|onfarmmarket|1000||701170|default-onfarmmarket-4-3.jpg|L& L Bull|16530 Hall Rd, Casnovia, Michigan 49318|Casnovia|Michigan|16530 Hall Rd|-85.836698|43.2494138|49318||L&LBull||||llbull||||Nov 14th, 2014
MI||Carol Hanulcik|on-farm market|onfarmmarket|1000||701172|default-onfarmmarket-4-3.jpg|Hanulcik Farm Market|1425 N. State Rd. (M-66) at the corner of Dildine, Ionia, Michigan 48846|Ionia|Michigan|1425 N. State Rd. (M-66) at the corner of Dildine|-85.075274|43.008938|48846||||||www.farm-grown.com||||Nov 19th, 2014
MI||Happy Buddha Farm|on-farm market|onfarmmarket|1000||701142|default-onfarmmarket-4-3.jpg|Happy Buddha Farm, LLC|10423 Vergennes St, Lowell, Michigan 49331|Lowell|Michigan|10423 Vergennes St|-85.410060|42.958307|49331||facebook.com/happybuddhafarm||||www.happybuddhafarm.com||||Oct 16th, 2014
MI||Jerry and Yulia Coon|on-farm market|onfarmmarket|1000||701145|default-onfarmmarket-4-3.jpg|Coon's Berry Farm|2724 N Lewis Rd, Coleman, Michigan 48618|Coleman|Michigan|2724 N Lewis Rd|-84.566845|43.690128|48618||||||www.coonsberryfarm.com||||Oct 18th, 2014
MI||carole christofferson|on-farm market|onfarmmarket|1000||700760|default-onfarmmarket-4-3.jpg|Christofferson Farms|3441 South Morton Road, Ludington, Michigan 49431|Ludington|Michigan|3441 South Morton Road|-86.358937|43.891499|49431||||||||||Oct 1st, 2014
MI||Dan Marsh|on-farm market|onfarmmarket|1000||700376|default-onfarmmarket-4-3.jpg|Greener Grass Farms|9800 Youngs Rd., Quincy, Michigan 49082|Quincy|Michigan|9800 Youngs Rd.|-84.804553|41.9123800|49082||||||www.greenergrassfarms.com||||Sep 10th, 2014
MI||Andrew Smith|on-farm market|onfarmmarket|1000||701055|default-onfarmmarket-4-3.jpg|The Blue Barn|16147 US HWY 27 N, Marshall, Michigan 49068|Marshall|Michigan|16147 US HWY 27 N|-84.964657|42.307229|49068||||||http://www.thebluebarninmarshall.com/||||Sep 11th, 2014
MI||Steve or Caton Nelson|on-farm market|onfarmmarket|1000||701058|default-onfarmmarket-4-3.jpg|S&C Nelson Farm|301 Nelson Road, Iron River, Michigan 49935|Iron River|Michigan|301 Nelson Road|-88.533402|46.0944389|49935||||||||||Sep 12th, 2014
MI||Allan Overhiser|on-farm market|onfarmmarket|1000||700635|default-onfarmmarket-4-3.jpg|A.W. Overhiser Orchards|6405 109th Avenue, South Haven, Michigan 49090|South Haven|Michigan|6405 109th Avenue|-86.169217|42.483804|49090||www.facebook.com/OverhiserOrchards||||www.overhiserorchards.com||||Sep 16th, 2014
MI||Philip Muir|on-farm market|onfarmmarket|1000||700609|default-onfarmmarket-4-3.jpg|Orchard Beach Farm|130 Orchard Trail, Quincy, Michigan 49082|Quincy|Michigan|130 Orchard Trail|-84.912234|41.890472|49082||||||www.farmermaps.com||||Sep 18th, 2014
MI||Bill Picken|on-farm market|onfarmmarket|1000||701014|default-onfarmmarket-4-3.jpg|BP Farms|6300 Rea Rd, Dundee, Michigan 48131|Dundee|Michigan|6300 Rea Rd|-83.722228|41.986419|48131||http://www.facebook.com/BPFarmsLLC/||||||||Sep 3rd, 2014
MI||Gary Swoish|on-farm market|onfarmmarket|1000||701428|default-onfarmmarket-4-3.jpg|Swoish Farms|4867 Swoish Road, North Branch, Michigan 48461|North Branch|Michigan|4867 Swoish Road|-83.160217|43.1868314|48461||https://www.facebook.com/swoishfarms/||||||||Sep 6th, 2017
MI||Norm Allen|on-farm market|onfarmmarket|1000||701369|default-onfarmmarket-4-3.jpg|Borderline Farm|71269 Bauman Rd, Sturgis , Michigan 49091|Sturgis|Michigan|71269 Bauman Rd|-85.337939|41.7610830|49091||https://www.facebook.com/BorderlineFarm.MI||||http://borderline.farm||||Sep 9th, 2016
MN||Keegan Knobloch|on-farm market|onfarmmarket|1000||701589|onfarmmarket_701589_12525_20220414154311.png|Woven Meat Co|21714 10th St, Winthrop, Minnesota 55396|Winthrop|Minnesota|21714 10th St|-94.431189|44.630844|55396||https://www.facebook.com/wovenmeatco/|https://www.instagram.com/wovenmeatco/|||https://wovenmeats.com/||||Apr 14th, 2022
MN||Todd Harvey|on-farm market|onfarmmarket|1000||700640|default-onfarmmarket-4-3.jpg|Fireside Orchard and Gardens, Inc.|2225 Lonsdale Blvd E., Northfield, Minnesota 55057|Northfield|Minnesota|2225 Lonsdale Blvd E.|-93.262322|44.471100|55057||https://www.facebook.com/pages/Fireside-Orchard/142630532262||||http://www.firesideorchard.com||||Aug 12th, 2014
MN||Renee Arcand|on-farm market|onfarmmarket|1000||700636|default-onfarmmarket-4-3.jpg|Live Flowers LLC|15677 May Avenue, Marine On St. Croix, Minnesota 55047|Marine On St. Croix|Minnesota|15677 May Avenue|-92.853277|45.1770790|55047||https://www.facebook.com/LiveFlowersLLC||||www.minnesotaliveflowers.com||||Aug 13th, 2014
MN||Jerry and Jackie Januschka|on-farm market|onfarmmarket|1000||700295|default-onfarmmarket-4-3.jpg|Januschka's Farm Fresh Meat|16539 183rd Street, Little Falls, Minnesota 56345|Little Falls|Minnesota|16539 183rd Street|-94.311759|46.0265527|56345||||||||||Aug 14th, 2014
MN||Ron & Shirley Johnson|on-farm market|onfarmmarket|1000||700864|default-onfarmmarket-4-3.jpg|Living Food Farm|41587 Co. Rd. 19, Deer River, Minnesota 56636|Deer River|Minnesota|41587 Co. Rd. 19|-93.744139|47.3912040|56636||https://www.facebook.com/livingfoodfarm/timeline?ref=page_internal||||www.livingfoodfarm.com||||Aug 21st, 2014
MN||John Leadholm|on-farm market|onfarmmarket|1000||700696|default-onfarmmarket-4-3.jpg|Fischers Croix Farm Orchard|12971 St. Croix Trail  S., Hastings, Minnesota 55033|Hastings|Minnesota|12971 St. Croix Trail  S.|-92.816233|44.761736|55033||||||fischerscroixfarmorchard.com||||Aug 24th, 2014
MN||James Byrne|on-farm market|onfarmmarket|1000||700391|default-onfarmmarket-4-3.jpg|Byrne Farm|11026 CoRd 113 NW, Pine Island, Minnesota 55963|Pine Island|Minnesota|11026 CoRd 113 NW|-92.658230|44.175289|55963||||||Byrnefarm.com||||Aug 26th, 2014
MN|||on-farm market|onfarmmarket|1000||700428|default-onfarmmarket-4-3.jpg|Pine Winder Blueberry Farm|1824 36th Avenue South West, Pine River, Minnesota 56474|Pine River|Minnesota|1824 36th Avenue South West|-94.472502|46.739855|56474||||||www.pinewinder.com||||Aug 26th, 2014
MN||carl|on-farm market|onfarmmarket|1000||700505|default-onfarmmarket-4-3.jpg|Wegners Tree Farm|19600 Cardinal Drive, Grand Rapids, Minnesota 55744|Grand Rapids|Minnesota|19600 Cardinal Drive|-93.399751|47.156081|55744||||||||||Aug 4th, 2014
MN||Scott Haase|on-farm market|onfarmmarket|1000||701635|default-onfarmmarket-4-3.jpg|Blue Dirt Farm|8574 377th Avenue, Blue Earth, Minnesota 56013|Blue Earth|Minnesota|8574 377th Avenue|-94.112340|43.610897|56013||https://www.facebook.com/bluedirtfarm||||https://bluedirtfarm.com/||||Feb 17th, 2022
MN||Jason Helstrom|on-farm market|onfarmmarket|1000||701506|default-onfarmmarket-4-3.jpg|Helstrom Farms|10955 South Townline Road, Hibbing, Minnesota 55746|Hibbing|Minnesota|10955 South Townline Road|-92.831859|47.297397|55746||"Helstrom Farms - Home | Facebookwww.facebook.com  Places  Hibbing, Minnesota  Farm"||||www.helstromfarms.com||||Feb 28th, 2020
MN||William Patrick Ward|on-farm market|onfarmmarket|1000||701207|default-onfarmmarket-4-3.jpg|Ward Hilltop Farm|26541 County 40, Chatfield , Minnesota 55923|Chatfield|Minnesota|26541 County 40|-92.120479|43.840284|55923||https://www.facebook.com/pages/Ward-Hilltop-Farm/701227939907497?ref=settings||||https://wardhilltopfarm.shutterfly.com/||||Feb 8th, 2015
MN||Bill Carpenter|on-farm market|onfarmmarket|1000||701384|default-onfarmmarket-4-3.jpg|Peaceful Pines Farm|13650 Government Rd, Pine City, Minnesota 55063|Pine City|Minnesota|13650 Government Rd|-92.934008|45.831203|55063||facebook.com/PeacefulPinesFarm||||peacefulpinesfarm.com||||Jan 19th, 2017
MN||Nicole Peterson|on-farm market|onfarmmarket|1000||701355|default-onfarmmarket-4-3.jpg|River Falls Ranch|13500 150th Ave. SE, Saint Hilaire, Minnesota 56754|Saint Hilaire|Minnesota|13500 150th Ave. SE|-96.159302|47.969608|56754||www.facebook.com/riverfallsranch||||||||Jul 12th, 2016
MN||Sharon Johnson|on-farm market|onfarmmarket|1000||700552|default-onfarmmarket-4-3.jpg|Minnesota Fresh Farm|20241 Highway 65, East Bethel, Minnesota 55011|East Bethel|Minnesota|20241 Highway 65|-93.235380|45.334493|55011||www.facebook.com/MinnesotaFreshFarm||||www.minnesotafreshfarm.com||||Jul 26th, 2014
MN||Jon Stachour|on-farm market|onfarmmarket|1000||700579|default-onfarmmarket-4-3.jpg|Red Barn Orchard|1365 44th Street South West, Pine River, Minnesota 56474|Pine River|Minnesota|1365 44th Street South West|-94.354116|46.645768|56474||||||www.redbarnorchard.com||||Jul 26th, 2014
MN||Elizabeth O|on-farm market|onfarmmarket|1000||700180|default-onfarmmarket-4-3.jpg|Auntie Annie's Fields, LLC|12456 Bagley Ave., Dundas, Minnesota 55019|Dundas|Minnesota|12456 Bagley Ave.|-93.303168|44.408731|55019||https://www.facebook.com/auntieanniesfields||||||||Jul 27th, 2014
MN||Duane Hayes|on-farm market|onfarmmarket|1000||700330|default-onfarmmarket-4-3.jpg|Paradise Valley Buffalo Ranch|15132  346st, Bagley, Minnesota 56621|Bagley|Minnesota|15132  346st|-95.457726|47.5072118|56621||||||||||Jul 27th, 2014
MN||Paul Saunders|on-farm market|onfarmmarket|1000||700377|default-onfarmmarket-4-3.jpg|Crow River Nursery|1339 County Road 6 Southwest, Howard Lake, Minnesota 55349|Howard Lake|Minnesota|1339 County Road 6 Southwest|-94.073601|45.132957|55349||||||www.crowrivernursery.com||||Jul 27th, 2014
MN||Gretchen nelson|on-farm market|onfarmmarket|1000||700620|default-onfarmmarket-4-3.jpg|Nelson-Shine Produce|2911 145th Avenue, Brainerd, Minnesota 56401|Brainerd|Minnesota|2911 145th Avenue|-94.096183|46.1977690|56401||www.facebook.com/pages/Nelson-Shine-Produce||||www.nelsonshineproduce.com||||Jul 27th, 2014
MN|||on-farm market|onfarmmarket|1000||700626|default-onfarmmarket-4-3.jpg|Blueberry Fields Of Stillwater|9450 Mendel Road North, Stillwater, Minnesota 55082|Stillwater|Minnesota|9450 Mendel Road North|-92.852251|45.085194|55082||||||||||Jul 27th, 2014
MN||Paul Sutherland|on-farm market|onfarmmarket|1000||700251|default-onfarmmarket-4-3.jpg|Minnesota Syrup Co.|5669 west park hill rd, Finland, Minnesota 55603|Finland|Minnesota|5669 west park hill rd|-91.196107|47.415494|55603||||||www.mnsyrup.com||||Jul 28th, 2014
MN||Justin and Kathleen Smith|on-farm market|onfarmmarket|1000||700090|default-onfarmmarket-4-3.jpg|Omega Maiden Oils|37574 County Road 11, Lamberton, Minnesota 56152|Lamberton|Minnesota|37574 County Road 11|-95.327905|44.154267|56152|www.OmegaMaidenOils.com/blog|www.facebook.com/OmegaMaidenOils||||www.omegamaidenoils.com||||Jul 30th, 2014
MN||Mike and Gretchen Perbix|on-farm market|onfarmmarket|1000||700216|default-onfarmmarket-4-3.jpg|Sweetland Orchard|26205 Fairlawn Ave, Webster, Minnesota 55088|Webster|Minnesota|26205 Fairlawn Ave|-93.460514|44.569636|55088|http://sweetlandorchard.com|https://www.facebook.com/sweetlandorchard|||https://twitter.com/sweetlandorchrd|http://sweetlandorchard.com||||Jul 30th, 2014
MN||Molly McGovern|on-farm market|onfarmmarket|1000||700076|default-onfarmmarket-4-3.jpg|Little Hill Berry Farm|4339 320th St W, Northfield, Minnesota 55057|Northfield|Minnesota|4339 320th St W|-93.153468|44.485908|55057|www.littlehillberryfarm.com|https://www.facebook.com/pages/Little-Hill-Berry-Farm/114731131926590||||www.littlehillberryfarm.com||||Jul 31st, 2014
MN||Lise Herren|on-farm market|onfarmmarket|1000||700686|default-onfarmmarket-4-3.jpg|Jake and Scout's Berry Farm|1822 County Road 29, Lake Shore, Minnesota 56468|Lake Shore|Minnesota|1822 County Road 29|-94.378346|46.5291316|56468||www.facebook.com/jakeandscoutsberryfarm||||www.jakeandscoutsberryfarm.com||||Jun 20th, 2015
MN||Pete Larsen|on-farm market|onfarmmarket|1000||700379|default-onfarmmarket-4-3.jpg|Covered Bridge Farm|18655 Forest Blvd. N., Forest Lake, Minnesota 55025|Forest Lake|Minnesota|18655 Forest Blvd. N.|-92.981095|45.219599|55025||||||www.coveredbridgefarm.net||||Mar 29th, 2015
MN||Kathy Zeman|on-farm market|onfarmmarket|1000||700993|default-onfarmmarket-4-3.jpg|Simple Harvest Farm Organics|9800 155th Street East, Nerstrand, Minnesota 55053|Nerstrand|Minnesota|9800 155th Street East|-93.105069|44.364147|55053||https://www.facebook.com/pages/Simple-Harvest-Farm-Organics/173674052675008||||www.simpleharvestfarm.com||||Mar 29th, 2015
MN||Liz Dwyer|on-farm market|onfarmmarket|1000||701642|default-onfarmmarket-4-3.jpg|Dancing the Land Farm Store|19485 Estes Road, Clearwater, Minnesota 55320|Clearwater|Minnesota|19485 Estes Road|-94.153961|45.405741|55320||https://www.facebook.com/dancingtheland/||||https://www.dancingtheland.com/||||Mar 3rd, 2022
MN||Joe & Laurie Schroeder|on-farm market|onfarmmarket|1000||701261|default-onfarmmarket-4-3.jpg|Woods' Edge Apples|1901 50th St NE, Buffalo, Minnesota 55313|Buffalo|Minnesota|1901 50th St NE|-93.848981|45.222802|55313||https://www.facebook.com/pages/Woods-Edge-Apples/206645359389046||||http://www.localharvest.org/woods-edge-apples-orchard-M6311||||May 18th, 2015
MN||Renie Lauer|on-farm market|onfarmmarket|1000||700400|default-onfarmmarket-4-3.jpg|Blueberry Meadows / 5th Meadow|34625 8 Mile Rd, Grand Rapids, Minnesota 55744|Grand Rapids|Minnesota|34625 8 Mile Rd|-93.591111|47.1183920|55744||http://facebook.com/pages/Blueberry-Meadows/119913568027370|||https://www.twitter.com/bluemeadow5|blueberrymeadows.com||||May 1st, 2015
MN||Brambleberry Farm|on-farm market|onfarmmarket|1000||701117|default-onfarmmarket-4-3.jpg|Brambleberry Farm|4002 Davis Street, Pequot Lakes, Minnesota 56472|Pequot Lakes|Minnesota|4002 Davis Street|-94.320368|46.5937660|56472||||||www.brambleberryfruitfarm.com||||Oct 2nd, 2014
MN||Sam Kedem|on-farm market|onfarmmarket|1000||700564|default-onfarmmarket-4-3.jpg|Sam Kedem Nursery and Gardens|12414 191st Street East, Hastings, Minnesota 50033|Hastings|Minnesota|12414 191st Street East|-92.856364|44.6691760|50033||||||www.kedemgarden.com||||Oct 6th, 2014
MN||Chuck & Kathy Parker|on-farm market|onfarmmarket|1000||700078|default-onfarmmarket-4-3.jpg|Cornerstone Pines|19180 281st Ave, Grey Eagle, Minnesota 56336|Grey Eagle|Minnesota|19180 281st Ave|-94.784708|45.907281|56336|http://www.cornerstonepineschristmastrees.com/pages/BLOG/|https://www.facebook.com/pages/Cornerstone-Pines/203194103124691||||http://www.cornerstonepineschristmastrees.com/||||Sep 17th, 2014
MN||Bill Hein|on-farm market|onfarmmarket|1000||700030|default-onfarmmarket-4-3.jpg|Straight River Farm|3733 220th St E, Faribault, Minnesota 55021|Faribault|Minnesota|3733 220th St E|-93.228507|44.268815|55021||https://www.facebook.com/StraightRiverFarm||||www.straightriverfarm.com||||Sep 25th, 2014
MN||Gary Goreham|on-farm market|onfarmmarket|1000||700106|default-onfarmmarket-4-3.jpg|Maple Hills Orchard, LLC|29355 130 St, Frazee, Minnesota 56544|Frazee|Minnesota|29355 130 St|-95.791331|46.759858|56544||https://www.facebook.com/MapleHillsOrchard||||http://www.maplehillsorchard.com/||||Sep 30th, 2014
MN||David Nelson|on-farm market|onfarmmarket|1000||700375|default-onfarmmarket-4-3.jpg|Sunrise Sheep & Wool|38286 Kost Trail, Sunrise, Minnesota 55056|Sunrise|Minnesota|38286 Kost Trail|-92.868231|45.502828|55056||https://www.facebook.com/sunrisesheep||||www.sunrisesheep.com||||Sep 30th, 2014
MS||JamieEdwards|on-farm market|onfarmmarket|1000||701449|default-onfarmmarket-4-3.jpg|Apple Valley Produce|132 Apple Valley Drive, Mendenhall , Mississippi 39114|Mendenhall|Mississippi|132 Apple Valley Drive|-89.840811|32.035084|39114||||||||||Apr 25th, 2018
MS||CHARLES H. WILSON|on-farm market|onfarmmarket|1000||700871|default-onfarmmarket-4-3.jpg|LEAF RIVER HONEY|270 MONROE RD., Hattiesburg , Mississippi 39401|Hattiesburg|Mississippi|270 MONROE RD.|-89.291007|31.377864|39401||https://www.facebook.com/#!/LeafRiverHoney||||||||Aug 21st, 2014
MS||Swords Pecans, LLC|on-farm market|onfarmmarket|1000||700805|default-onfarmmarket-4-3.jpg|Swords Pecans LLC|10392 Highway 45 Alt North, West Point , Mississippi 39773|West Point|Mississippi|10392 Highway 45 Alt North|-88.662089|33.5903942|39773||||||||||Aug 5th, 2014
MS||Kelsey Eaves|on-farm market|onfarmmarket|1000||701493|default-onfarmmarket-4-3.jpg|Remington-Lott Farms|1300 Sharon Road, Canton, Mississippi 39046|Canton|Mississippi|1300 Sharon Road|-89.919910|32.643040|39046|http://www.remingtonlottfarms.com/store|https://facebook.com/remingtonlottfarms||||https://www.remingtonlottfarms.com||||Dec 18th, 2019
MS|Open: Year-round<br>Available Products: Coffee/tea;Nuts;Red/other non-poultry meat and products;|CRAIG SCHMIDT|on-farm market|onfarmmarket|1000|Visit Shaded Grove Farm Market and see firsthand how the food you are feeding your family is being raised. We offer an on-farm store where you can shop our grass-fed beef, lamb, pasture-raised pork, chicken and eggs as well as pecans, coffee, and more.|701488|default-onfarmmarket-4-3.jpg|New Grass Farms|2817 Douglass Rd, Macon, Mississippi 39341|Macon|Mississippi|2817 Douglass Rd|-88.460969|33.130152|39341||||||www.shadedgrovefarmmarket.com||Visit Shaded Grove Farm Market and see firsthand how the food you are feeding your ...||Feb 17th, 2023
MS||William McCardle|on-farm market|onfarmmarket|1000||701213|default-onfarmmarket-4-3.jpg|Tallahala Creek Farms, LLC|4952 HWY 29, Petal, Mississippi 39465|Petal|Mississippi|4952 HWY 29|-89.111163|31.363646|39465||https://www.facebook.com/TallahalaCreekFarm||||||||Feb 19th, 2015
MS||Robert Hays|on-farm market|onfarmmarket|1000||701275|default-onfarmmarket-4-3.jpg|Hays Berry Farms|1041 C.R. 182 , Dumas, Mississippi 38625|Dumas|Mississippi|1041 C.R. 182|-88.835417|34.5481221|38625||HAYS Berry FARM||||www.haysberryfarms.com||||Jun 18th, 2015
MS||Rob Dowdle|on-farm market|onfarmmarket|1000||701563|default-onfarmmarket-4-3.jpg|Dowdle Family Farms|1412 Seed Tick Rd, Caledonia, Mississippi 39740|Caledonia|Mississippi|1412 Seed Tick Rd|-88.307479|33.657881|39740||https://www.facebook.com/dowdlefamilyfarms||||dowdlefamilyfarms.com||||Oct 7th, 2020
MS||Jody reyer|on-farm market|onfarmmarket|1000||700052|default-onfarmmarket-4-3.jpg|Reyer Farms|1098 County Line Rd, Lena, Mississippi 39094|Lena|Mississippi|1098 County Line Rd|-89.558339|32.5705997|39094||https://www.facebook.com/ReyerFarms||||www.reyerfarms.com||||Sep 16th, 2014
MO||Melinda Bastian|on-farm market|onfarmmarket|1000||701606|onfarmmarket_701606_12510_20220412030613.png|Mexico Premium Meats|26189 Audrain Rd 408, Mexico, Missouri 65265|Mexico|Missouri|26189 Audrain Rd 408|-91.815349|39.176942|65265||https://www.facebook.com/MexicoPremiumMeats||||http://mexicopremiummeats.com||||Apr 11th, 2022
MO||Douglas W. Palme|on-farm market|onfarmmarket|1000||701402|default-onfarmmarket-4-3.jpg|Palme Acres Farms|12650 State Highway M, Wright City, Missouri 63390|Wright City|Missouri|12650 State Highway M|-91.012318|38.785607|63390||||||http://www.palmeacres.com||||Apr 18th, 2017
MO||Gerald and Connie Miller|on-farm market|onfarmmarket|1000||700518|default-onfarmmarket-4-3.jpg|Millers Berry Farm|11425 Street Highway KK, Marshfield, Missouri 65706|Marshfield|Missouri|11425 Street Highway KK|-92.927052|37.294758|65706||Millers Berry Farm||||||||Apr 20th, 2015
MO||Bruce Denslow|on-farm market|onfarmmarket|1000||700301|default-onfarmmarket-4-3.jpg|Thistle Hill Plantation|21505 Hwy OO, Eolia, Missouri 63344|Eolia|Missouri|21505 Hwy OO|-96.690674|36.544949|63344||||||thistlehillplantation.com||||Aug 13th, 2014
MO||Karlios Hinkebein / Hinkebein Hills Farm|on-farm market|onfarmmarket|1000||700836|default-onfarmmarket-4-3.jpg|Hinkebein Hills Farm|434 Whispering Wind Lane, Cape Girardeau, Missouri 63701|Cape Girardeau|Missouri|434 Whispering Wind Lane|-89.494019|37.371078|63701||https://www.facebook.com/hinkebeins?rf=110698638992813||||||||Aug 13th, 2014
MO||Davis Farm|on-farm market|onfarmmarket|1000||701489|default-onfarmmarket-4-3.jpg|Davis Farm|13948 Highway 15, Paris, Missouri 65275|Paris|Missouri|13948 Highway 15|-91.997360|39.394888|65275||||||||||Aug 13th, 2019
MO||Robert Knoernschild|on-farm market|onfarmmarket|1000||700852|default-onfarmmarket-4-3.jpg|Centennial Farms and Orchard|199 Jackson St., Augusta , Missouri 63332|Augusta|Missouri|199 Jackson St.|-90.887860|38.5742400|63332||||||CENTENNIAL FARMS.BIZ||||Aug 20th, 2014
MO||Bobbi Walker|on-farm market|onfarmmarket|1000||700061|default-onfarmmarket-4-3.jpg|PlayHaven Farm LLC|3194 Oakwood Dr., Napoleon, Missouri 64074|Napoleon|Missouri|3194 Oakwood Dr.|-94.048516|39.0615522|64074||https://www.facebook.com/PlayHavenFarm||||http://www.playhavenfarm.com/||||Aug 21st, 2014
MO||Meramec Bison Farm, LLC|on-farm market|onfarmmarket|1000||700867|default-onfarmmarket-4-3.jpg|Meramec Bison Farm, LLC|603 South Main Street, Salem, Missouri 65560|Salem|Missouri|603 South Main Street|-91.535215|37.638961|65560||https://www.facebook.com/pages/Meramec-Bison-Farm-LLC/195576180525013||||www.meramecbison.com||||Aug 21st, 2014
MO||Dennis Hatfield|on-farm market|onfarmmarket|1000||700872|default-onfarmmarket-4-3.jpg|Ozark Country Creations|30226 Holly Rd, Pierce City, Missouri 65723|Pierce City|Missouri|30226 Holly Rd|-94.096171|36.9292199|65723||www.facebook.com/hatfieldtomatofarm||||||||Aug 21st, 2014
MO||Steve Hamra|on-farm market|onfarmmarket|1000||700891|default-onfarmmarket-4-3.jpg|Hamra Farms|160 county road 831, Sikeston, Missouri 63801|Sikeston|Missouri|160 county road 831|-89.676996|36.828947|63801||Hamra Farms|||https://www.twitter.com/HamraFarms|||||Aug 23rd, 2014
MO||Mark R. Jollif|on-farm market|onfarmmarket|1000||700927|default-onfarmmarket-4-3.jpg|Jolliff Farm|5550 County Road 1820, West Plains, Missouri 65775|West Plains|Missouri|5550 County Road 1820|-91.861553|36.8335309|65775||||||http://jollifffarm.wordpress.com/||||Aug 25th, 2014
MO||Ken Barber|on-farm market|onfarmmarket|1000||700344|default-onfarmmarket-4-3.jpg|Green Gate Family Farm LLC|RR 71 Box 1168, Wheatland, Missouri 65779|Wheatland|Missouri|RR 71 Box 1168|-93.383060|37.993085|65779||||||||||Aug 26th, 2014
MO||Deb Wellinghoff|on-farm market|onfarmmarket|1000||700373|default-onfarmmarket-4-3.jpg|Northern Prairie Alpacas, LLC|7470 Jakes Prairie Road, Sullivan, Missouri 63080|Sullivan|Missouri|7470 Jakes Prairie Road|-91.297884|38.2798417|63080||https://www.facebook.com/pages/Northern-Prairie-Alpacas-LLC/122810441106955?ref=bookmarks||||http://www.northernprairiealpacas.com/||||Aug 26th, 2014
MO||Jolene Benne|on-farm market|onfarmmarket|1000||700403|default-onfarmmarket-4-3.jpg|Benne's Best Meat|850 South Breeze, St. Charles, Missouri 63304|St. Charles|Missouri|850 South Breeze|-90.658483|38.718752|63304||https://www.facebook.com/bennesbest||||www.bennesbest.com||||Aug 26th, 2014
MO||Leslie Wittmaier|on-farm market|onfarmmarket|1000||700756|default-onfarmmarket-4-3.jpg|Hermans Farm Orchard|3663 N. Highway 94, St. Charles, Missouri 63301|St. Charles|Missouri|3663 N. Highway 94|-90.470826|38.832144|63301||https://www.facebook.com/pages/Hermans-Farm-Orchard/159616344096544||||www.hermansfarmorchard.com||||Aug 26th, 2014
MO||doug haines|on-farm market|onfarmmarket|1000||700955|default-onfarmmarket-4-3.jpg|haines farms|41903 e. 144th, richmond, Missouri 64085|richmond|Missouri|41903 e. 144th|-93.963643|39.350219|64085||www.facebook.com/hainesfarms||||||||Aug 27th, 2014
MO||Michael Dailey|on-farm market|onfarmmarket|1000||700960|default-onfarmmarket-4-3.jpg|Serendipity Farm & Orchard|12780 Jantzen Ln, Platte City, Missouri 64079|Platte City|Missouri|12780 Jantzen Ln|-94.845979|39.321550|64079||http://www.facebook.com/?ref=tn_tnmn#%21/SerendipityFarmOrchard||||||||Aug 27th, 2014
MO||Gregory Brown|on-farm market|onfarmmarket|1000||700346|default-onfarmmarket-4-3.jpg|Lucky Falling Star Ranch LLC|12465 ST RT JJ, West Plains, Missouri 65775|West Plains|Missouri|12465 ST RT JJ|-91.901681|36.591597|65775||||||www.luckyfallingstarranch.com||||Aug 5th, 2014
MO||Brian Atchley|on-farm market|onfarmmarket|1000||700451|default-onfarmmarket-4-3.jpg|Tri-Lakes Orchards|15920 US highway 160, Forsyth, Missouri 65653|Forsyth|Missouri|15920 US highway 160|-93.032275|36.729878|65653||https://www.facebook.com/pages/Tri-Lakes-Orchards-LLC/279365858871273||||www.accounting-taxpros.com||||Aug 6th, 2014
MO||Sherry Lambert|on-farm market|onfarmmarket|1000||701377|default-onfarmmarket-4-3.jpg|Homestead Hill Farm & Nursery|26 NE 80th Street, Spickard, Missouri 64679|Spickard|Missouri|26 NE 80th Street|-93.588959|40.189456|64679||https://www.facebook.com/HomesteadHillFarmandNursery/||||homesteadhillfarming.com||||Dec 13th, 2016
MO||Cheryl Schneider|on-farm market|onfarmmarket|1000||701380|default-onfarmmarket-4-3.jpg|Schneider Farms LLC|1784 Doll Road, Hermann, Missouri 65041|Hermann|Missouri|1784 Doll Road|-91.420524|38.5912056|65041||https://www.facebook.com/Schneider-Farms-162860030399928||||www.schneiderfarmsllc.com||||Dec 26th, 2016
MO||Kassi Glassman|on-farm market|onfarmmarket|1000||701504|default-onfarmmarket-4-3.jpg|Blue Silo Beef|7226 Highway O, Ash Grove, Missouri 65604|Ash Grove|Missouri|7226 Highway O|-93.638307|37.173422|65604|https://bluesilobeef.com/blog|https://www.facebook.com/bluesilobeef||||https://bluesilobeef.com/||||Feb 10th, 2020
MO||Karla Miles|on-farm market|onfarmmarket|1000||701191|default-onfarmmarket-4-3.jpg|Miles Farms|29286 State Highway C, La Grange , Missouri 63448|La Grange|Missouri|29286 State Highway C|-91.591174|40.048545|63448||www.facebook.com/MilesFarmsMarket|||https://twitter.com/Miles_Farms|||||Jan 6th, 2015
MO||Karen Scott|on-farm market|onfarmmarket|1000||701358|default-onfarmmarket-4-3.jpg|OakWoods Farm|1775 Old Hwy E, Granby, Missouri 64844|Granby|Missouri|1775 Old Hwy E|-94.263431|36.9352568|64844||https://www.facebook.com/pages/OakWoods-Farm/260088397378669|||https://twitter.com/oakwoodsfarm|oakwoodsfarm.com||||Jul 13th, 2016
MO||Judy Lambeth|on-farm market|onfarmmarket|1000||701289|default-onfarmmarket-4-3.jpg|Farm Market|30305 Thrush Drive, Richland, Missouri 65556|Richland|Missouri|30305 Thrush Drive|-92.443898|37.7770030|65556||||||||||Jul 20th, 2015
MO||Michael Schafer|on-farm market|onfarmmarket|1000||700171|default-onfarmmarket-4-3.jpg|Beyond Eden|1804 Burmingham Rd, Forsyth, Missouri 65653|Forsyth|Missouri|1804 Burmingham Rd|-93.077738|36.6569689|65653||https://www.facebook.com/beyondeden||||vintagepoultry.com||||Jul 26th, 2014
MO||Troy Hart|on-farm market|onfarmmarket|1000||700630|default-onfarmmarket-4-3.jpg|Hart Apiaries|3738 Highway 47, Lonedell, Missouri 63060|Lonedell|Missouri|3738 Highway 47|-90.868656|38.238180|63060||||||www.hartapiaries.com||||Jul 26th, 2014
MO||Carole Shortt|on-farm market|onfarmmarket|1000||700063|default-onfarmmarket-4-3.jpg|Wind Ridge Farm|3511 Hwy F, New Melle, Missouri 63365|New Melle|Missouri|3511 Hwy F|-90.878906|38.708905|63365||https://www.facebook.com/PickingUpdate?ref=ts|||HTTPS://www.twitter.com/Pickingupdate|Http://www.windridgefarm.net||||Jul 27th, 2014
MO||Kathy Whitman|on-farm market|onfarmmarket|1000||700126|default-onfarmmarket-4-3.jpg|Heritage Farm and Ranch|4738 W. State Hwy 86, Lampe, Missouri 65681|Lampe|Missouri|4738 W. State Hwy 86|-93.495140|36.509845|65681||https://www.facebook.com/HeritageRanchBB||||http://www.heritageranch.co/||||Jul 27th, 2014
MO||Michele and Richard Delanty|on-farm market|onfarmmarket|1000||700390|default-onfarmmarket-4-3.jpg|Canyon Goat Company, Inc.|324 Velvet Antler Road, Camdenton, Missouri 65020|Camdenton|Missouri|324 Velvet Antler Road|-92.855130|38.0903328|65020||https://www.facebook.com/pages/Canyon-Goat-Company/218608414896707?sk=info||||http://www.canyongoat.com/index.html||||Jul 27th, 2014
MO||Megan Fox|on-farm market|onfarmmarket|1000||700081|default-onfarmmarket-4-3.jpg|Blue Fox Farm|120 E Fox Hollow Rd, Ashland, Missouri 65010|Ashland|Missouri|120 E Fox Hollow Rd|-92.345650|38.7866936|65010|http://www.bluefoxfood.com/blog.html|https://www.facebook.com/pages/Blue-Fox-Farm/357267831061749||||http://www.bluefoxfood.com/||||Jul 28th, 2014
MO||wilfarm|on-farm market|onfarmmarket|1000||700434|default-onfarmmarket-4-3.jpg|Wil farm|1002 Highway 19, Hermann, Missouri 65041|Hermann|Missouri|1002 Highway 19|-91.468241|38.773117|65041||||||wilfarm.org||||Jul 28th, 2014
MO||Lori Pflugradt|on-farm market|onfarmmarket|1000||700134|default-onfarmmarket-4-3.jpg|Green Dirt Farm, LLC|P.O. Box 74, Weston, Missouri 64098|Weston|Missouri|P.O. Box 74|-94.901629|39.4111092|64098||https://www.facebook.com/greendirtfarm||||||||Jul 29th, 2014
MO||timothy ortmann|on-farm market|onfarmmarket|1000||700459|default-onfarmmarket-4-3.jpg|Seven Gables Farm|4487 Elder Road Post Office Box 216, Gray Summit, Missouri 63089|Gray Summit|Missouri|4487 Elder Road Post Office Box 216|-90.862958|38.492664|63089||https://www.facebook.com/pages/Seven-Gables-Farm/618425231566963?sk=timeline||||sevengablesfarm.com||||Jul 29th, 2014
MO||Megan & Michael Leady|on-farm market|onfarmmarket|1000||700220|default-onfarmmarket-4-3.jpg|Stone-Leady Farms|8725 N Horseshoe Rd, Dittmer, Missouri 63023|Dittmer|Missouri|8725 N Horseshoe Rd|-90.756135|38.1978360|63023||www.facebook.com/StoneLeadyFarms||||www.stoneleadyfarms.com||||Jul 30th, 2014
MO||Jim and Judy Jo Protiva Family|on-farm market|onfarmmarket|1000||700243|default-onfarmmarket-4-3.jpg|Peace Valley Poultry|8290 CR 1980, West Plains, Missouri 65775|West Plains|Missouri|8290 CR 1980|-91.738379|36.846826|65775||||||www.freshchickenandturkey.com||||Jul 30th, 2014
MO||Ron McNear|on-farm market|onfarmmarket|1000||700267|default-onfarmmarket-4-3.jpg|Missouri's Best Beef Co-Op|Rt. 81, Box 149, Koshkonong, Missouri 65692|Koshkonong|Missouri|Rt. 81, Box 149|-91.645699|36.5958946|65692||||||www.mobest beef.com||||Jul 30th, 2014
MO||JOAN AND ED BARRY|on-farm market|onfarmmarket|1000||700775|default-onfarmmarket-4-3.jpg|Greenhill Vineyard and Farm|4905 highway 5, Hartville, Missouri 65667|Hartville|Missouri|4905 highway 5|-92.555292|37.286090|65667||||||www.greenhillgrapes.com||||Jul 30th, 2014
MO||Angie Evans|on-farm market|onfarmmarket|1000||701420|default-onfarmmarket-4-3.jpg|Serendipity Acres, LLC|1068 S Metzletein Rd, Clever, Missouri 65631|Clever|Missouri|1068 S Metzletein Rd|-93.499684|37.0244265|65631||https://www.facebook.com/Serendipityacresevans/||||||||Jul 6th, 2017
MO||Brenda Story|on-farm market|onfarmmarket|1000||701344|default-onfarmmarket-4-3.jpg|The Blue Hill Company, LLC|19410 State Route O, Rolla, Missouri 65401|Rolla|Missouri|19410 State Route O|-91.743907|37.815275|65401||https://www.facebook.com/TheBlueHillCo/||||www.thebluehillco.com||||Jun 28th, 2016
MO||Peggy Meyer|on-farm market|onfarmmarket|1000||700959|default-onfarmmarket-4-3.jpg|Meyer farm|17819 Hwy UU, Louisiana, Missouri 63353|Louisiana|Missouri|17819 Hwy UU|-91.143758|39.411628|63353||Meyer farm||||||||Mar 24th, 2015
MO||Alan Collins|on-farm market|onfarmmarket|1000||700606|default-onfarmmarket-4-3.jpg|Ozark Berry Farm|552 Lick Creek, Leasburg, Missouri 65535|Leasburg|Missouri|552 Lick Creek|-91.308962|38.090853|65535||https://www.facebook.com/Berries.Bugs.Blooms||||Ozarkberryfarm.com||||Mar 27th, 2015
MO||Lage Farms, LLC  Wilbur Lage|on-farm market|onfarmmarket|1000||701220|default-onfarmmarket-4-3.jpg|Lage Farms LLC|8001 Bode Ferry Rd, Jefferson City, Missouri 65101|Jefferson City|Missouri|8001 Bode Ferry Rd|-92.089989|38.469585|65101||lagefarms.com||||lagefarms.com||||Mar 4th, 2015
MO||Rachel Harris|on-farm market|onfarmmarket|1000||701305|default-onfarmmarket-4-3.jpg|Rachel's Goat & Chicken Farm|624 Stringtown Rd, Seymour, Missouri 65746|Seymour|Missouri|624 Stringtown Rd|-92.788761|37.2556817|65746||||||http://www.rachelsgoatfarm.com/||||Nov 26th, 2015
MO||Thomas Pluth|on-farm market|onfarmmarket|1000||701161|default-onfarmmarket-4-3.jpg|Purple Gate Farm|416 Poplar Drive, Highlandville, Missouri 65669|Highlandville|Missouri|416 Poplar Drive|-93.317071|36.901720|65669||https://www.facebook.com/pages/Purple-Gate-Farm/566680560033305||||||||Nov 2nd, 2014
MO||Robert L Price|on-farm market|onfarmmarket|1000||700587|default-onfarmmarket-4-3.jpg|Lost Branch Blueberry Farm|21507 Lost Branch Way, Brashear, Missouri 63533|Brashear|Missouri|21507 Lost Branch Way|-92.455074|40.1729085|63533||www.facebook.com/lostbranchblueberryfarm|||@pricefamilylbbf|www.lostbranchblueberries.com||||Oct 1st, 2014
MO||Vanessa Thomas|on-farm market|onfarmmarket|1000||701153|default-onfarmmarket-4-3.jpg|Lil' Sprouts Farm|11529 HWY NN, Louisiana, Missouri 63353|Louisiana|Missouri|11529 HWY NN|-91.076797|39.427775|63353||Www.facebook.com/lilsproutsfarm||||www.EarthSprouts.com||||Oct 25th, 2014
MO||George Rausch|on-farm market|onfarmmarket|1000||701158|default-onfarmmarket-4-3.jpg|Rausch's Blueberries|21655 Hwy H, Monett, Missouri 65708|Monett|Missouri|21655 Hwy H|-93.918396|36.960386|65708||||||||||Oct 30th, 2014
MO||David Boatright|on-farm market|onfarmmarket|1000||701430|default-onfarmmarket-4-3.jpg|Fed From The Farm|13906 Osage Valley Rd, Boonville, Missouri 65233|Boonville|Missouri|13906 Osage Valley Rd|-92.757369|38.8851101|65233||https://www.facebook.com/boatrightfarms/||||https://fedfromthefarm.com/||||Oct 3rd, 2017
MO||John White|on-farm market|onfarmmarket|1000||700284|default-onfarmmarket-4-3.jpg|John & Linda Fruit and Berry Farm|2428 Texas Prairie Rd, Bates City, Missouri 64011|Bates City|Missouri|2428 Texas Prairie Rd|-94.066232|39.025235|64011||||||||||Oct 4th, 2014
MO||Mark Graves|on-farm market|onfarmmarket|1000||700770|default-onfarmmarket-4-3.jpg|G's Orchard|2096 Farm Road 1130, Verona, Missouri 65769|Verona|Missouri|2096 Farm Road 1130|-93.827266|36.896851|65769||||||||||Sep 14th, 2014
MO||Ken Prier|on-farm market|onfarmmarket|1000||701018|default-onfarmmarket-4-3.jpg|Prier Farms Grassfed #0389|25717 FR 1168, Eagle Rock , Missouri 65641|Eagle Rock|Missouri|25717 FR 1168|-93.781237|36.5594726|65641||Prier Farms Grassfed #0389||||||||Sep 3rd, 2014
MT||Laura Wheeler|on-farm market|onfarmmarket|1000||701595|default-onfarmmarket-4-3.jpg|Roaming Bison Ranch|60756 Watson Road, Saint Ignatius, Montana 59865|Saint Ignatius|Montana|60756 Watson Road|-114.06981|47.330413|59865||https://www.facebook.com/theroamingbisonranch||||https://roamingbisonranch.com||||Apr 6th, 2021
MT||Dennis L. Duenas|on-farm market|onfarmmarket|1000||700093|default-onfarmmarket-4-3.jpg|Northern Rocky Mountain Alpacas|1406 Bear Canyon Rd, Bozeman, Montana 59715|Bozeman|Montana|1406 Bear Canyon Rd|-110.93765|45.6367630|59715||https://www.facebook.com/NRMAlpacas||||www.NRMAlpacas.com||||Aug 14th, 2014
MT||Mill Crick Farm|on-farm market|onfarmmarket|1000||701214|default-onfarmmarket-4-3.jpg|Mill Crick Farm|153 Dutch Hill RD, Hamilton, Montana 59840|Hamilton|Montana|153 Dutch Hill RD|-114.16000|46.312555|59840||||||||||Feb 19th, 2015
MT||Catherine Kirchner|on-farm market|onfarmmarket|1000||701626|default-onfarmmarket-4-3.jpg|Uncommon Beef LLC|, Big Timber, Montana 59011|Big Timber|Montana||-109.94808|45.834528|59011||https://www.facebook.com/uncommonbeef/||||www.uncommonbeef.com||||Jan 13th, 2022
MT||Gretchen Kidwell|on-farm market|onfarmmarket|1000||700237|default-onfarmmarket-4-3.jpg|Cranky Carl's Farm|443 Canyon Creek Rd, Eureka, Montana 59917|Eureka|Montana|443 Canyon Creek Rd|-114.99831|48.909427|59917||||||Http://wwww.crankycarlsfarm.com||||Jul 30th, 2014
MT||Paula Kyhl|on-farm market|onfarmmarket|1000||701413|default-onfarmmarket-4-3.jpg|Kyhl Farms|65 Haxton Lane, Melstone , Montana 59054|Melstone|Montana|65 Haxton Lane|-107.79400|46.6918687|59054||www.facebook.com/KyhlFarmRanch||||www.kyhlfarms.com||||Jun 2nd, 2017
MT||Diana Blair|on-farm market|onfarmmarket|1000||700265|default-onfarmmarket-4-3.jpg|Going to the Sun Fiber Mill LLC|805 Kienas Rd, Kalispell, Montana 59901|Kalispell|Montana|805 Kienas Rd|-114.44623|48.1933980|59901||https://www.facebook.com/pages/Going-to-the-Sun-Fiber-Mill-LLC/294302997264439||||www.gttsfibermill.com||||Mar 23rd, 2015
MT||Helen Tobiason|on-farm market|onfarmmarket|1000||701253|default-onfarmmarket-4-3.jpg|Cherry Creek Gardens & Farms|116 Treweek Dr, Kalispell , Montana 59901|Kalispell|Montana|116 Treweek Dr|-114.24033|48.114591|59901||||||cherrycreekgardens.com||||May 4th, 2015
MT||Debi Kirschten|on-farm market|onfarmmarket|1000||700372|default-onfarmmarket-4-3.jpg|Starvation Flats Boer Goats|102 Sheep Corner Rd, Baker, Montana 59313|Baker|Montana|102 Sheep Corner Rd|-104.17730|46.3684280|59313||||||www.starvationflatsboergoats.com/||||Sep 16th, 2014
MT||William Barnes|on-farm market|onfarmmarket|1000||700165|default-onfarmmarket-4-3.jpg|Carbonado Farm LLC|, Joliet, Montana 59041|Joliet|Montana||-109.00900|45.464550|59041||https://www.facebook.com/CarbonadoFarm||||httsp://www.mtlamb.com||||Sep 17th, 2014
NV||Ray and Virginia Johnson|on-farm market|onfarmmarket|1000||701240|default-onfarmmarket-4-3.jpg|Silver Springs Custom Gardens On-Farm Green-Market|3701 Elm Street, Silver Springs, Nevada 89429|Silver Springs|Nevada|3701 Elm Street|-119.23122|39.394724|89429||https://www.facebook.com/pages/Custom-Gardens-Organic-Farm/125190910916903||||||||Aug 3rd, 2016
NV||kalvan kaldor|on-farm market|onfarmmarket|1000||701186|default-onfarmmarket-4-3.jpg|k-t ranch|2090 fox st., silver springs, Nevada 89429|silver springs|Nevada|2090 fox st.|-119.21055|39.308329|89429||||||k-tranch@hotmail.com||||Jan 4th, 2015
NV||Mark Ruben|on-farm market|onfarmmarket|1000||700673|default-onfarmmarket-4-3.jpg|Gilcrease Orchard Foundation|7800 N. Tenaya Way, Las Vegas, Nevada 89131|Las Vegas|Nevada|7800 N. Tenaya Way|-115.25052|36.301528|89131||||||www.thegilcreaseorchard.org||||Jul 28th, 2014
NV||Marilyn Yamamoto|on-farm market|onfarmmarket|1000||700608|default-onfarmmarket-4-3.jpg|Cowboy Trail Farm|6550 Cowboy Trail, Las Vegas, Nevada 89131|Las Vegas|Nevada|6550 Cowboy Trail|-115.22238|36.2807076|89131||www.facebook.com/pages/Cowboy-Trail-Farms||||www.cowboytrailfarms.com||||Jul 30th, 2014
NV||Ronald Trunk|on-farm market|onfarmmarket|1000||700940|default-onfarmmarket-4-3.jpg|Iron Mountain Nursery & Farm__On-Farm Farmers Market|7575 Iron Mountain Blvd., Stagecoach, Nevada 89429|Stagecoach|Nevada|7575 Iron Mountain Blvd.|-119.45120|39.3377180|89429||https://www.facebook.com/ironmountainnurseryandfarm||||https://www.imnandf.com||||Mar 24th, 2015
NH||Rickie Bauer|on-farm market|onfarmmarket|1000||700633|default-onfarmmarket-4-3.jpg|Lower 35 Farm Stand|Hunkins Pond Road, Sanbornton, New Hampshire 03269|Sanbornton|New Hampshire|Hunkins Pond Road|-71.546131|43.509974|03269||||||||||Aug 13th, 2014
NH||RoseMartin Farm|on-farm market|onfarmmarket|1000||700513|default-onfarmmarket-4-3.jpg|RoseMartin Farms|960 Whitefield Road (route 142), Dalton, New Hampshire 3598|Dalton|New Hampshire|960 Whitefield Road (route 142)|-71.694809|44.4158924|3598||||||||||Aug 14th, 2014
NH||Robert Diertz|on-farm market|onfarmmarket|1000||700887|default-onfarmmarket-4-3.jpg|Dietz's Farm|1028 Main Rd, Chatham , New Hampshire 03813|Chatham|New Hampshire|1028 Main Rd|-71.006856|44.1648428|03813||||||||||Aug 22nd, 2014
NH||Cheryl Frey|on-farm market|onfarmmarket|1000||700889|default-onfarmmarket-4-3.jpg|Cornucopia Farm|53 Woodview Heights, Bradford, New Hampshire 03221|Bradford|New Hampshire|53 Woodview Heights|-71.977336|43.263441|03221||||||http://www.cornucopiafarmnh.com||||Aug 22nd, 2014
NH||Lyn Jennings|on-farm market|onfarmmarket|1000||700892|default-onfarmmarket-4-3.jpg|Jennings Family Farm|58 Weston Hill Road, Mont Vernon, New Hampshire 03057|Mont Vernon|New Hampshire|58 Weston Hill Road|-71.663603|42.9106738|03057||https://www.facebook.com/pages/Jennings-Family-Farm/207505105929625||||||||Aug 23rd, 2014
NH||Windy Hill Natural Beef|on-farm market|onfarmmarket|1000||700921|default-onfarmmarket-4-3.jpg|Windy Hill Natural Beef|19 Windy Hill Dr, Jackson, New Hampshire|Jackson|New Hampshire|19 Windy Hill Dr|-71.153857|44.172492|||||||www.windyhillbandb.com/beef.php||||Aug 25th, 2014
NH||Sharon McKay|on-farm market|onfarmmarket|1000||700394|default-onfarmmarket-4-3.jpg|Broadview Farm|37 March Road, Sanbornton, New Hampshire 3269|Sanbornton|New Hampshire|37 March Road|-71.593585|43.478446|3269||||||www.broadviewfarm.com||||Aug 26th, 2014
NH||Donna Sprague|on-farm market|onfarmmarket|1000||700809|default-onfarmmarket-4-3.jpg|Huntoon Farm|46 Huntoon Road, Danbury, New Hampshire 03230|Danbury|New Hampshire|46 Huntoon Road|-71.860923|43.512655|03230||https://www.facebook.com/HuntoonFarm||||huntoonfarm.com||||Aug 5th, 2014
NH|Open: April to December<br>Available Products: Fresh fruits;Fresh vegetables;Baked goods;Bedding plants;Canned or preserved fruits/vegetables;Cut flowers;Dairy products.;Eggs;Fresh/dried herbs;Honey;Maple products;Nursery stock;|Amy Hemingway|on-farm market|onfarmmarket|1000||701212|default-onfarmmarket-4-3.jpg|Hemingway Farms|1815 Claremont Road, Charlestown, New Hampshire 03603|Charlestown|New Hampshire|1815 Claremont Road|-72.397229|43.283646|03603||Hemingway Farms||||www.hemingwayfarms.com||||Dec 13th, 2022
NH||Old Orchard farm, LLC|on-farm market|onfarmmarket|1000||701182|default-onfarmmarket-4-3.jpg|Old Orchard farm, LLC|42 Nute Road, Madbury, New Hampshire 03823|Madbury|New Hampshire|42 Nute Road|-70.975992|43.185385|03823||https://www.facebook.com/pages/Old-Orchard-Farm-LLC/1402594990003111||||http://www.oldorchard.farm/||||Dec 23rd, 2014
NH||Elizabeth Kelley|on-farm market|onfarmmarket|1000||700133|default-onfarmmarket-4-3.jpg|Grand View Farm|151 Tasker Hill Road, Conway, New Hampshire 03818|Conway|New Hampshire|151 Tasker Hill Road|-71.117469|43.969910|03818||https://www.facebook.com/gvfarms1||||http://grandviewfarm.blogspot.com/||||Feb 28th, 2015
NH||Holly Philbrick|on-farm market|onfarmmarket|1000||701538|default-onfarmmarket-4-3.jpg|Market & Cafe at Emery Farm|147 Piscataqua Road, Durham, New Hampshire 03824|Durham|New Hampshire|147 Piscataqua Road|-70.875933|43.132150|03824|https://emeryfarm.com/our-blog|https://www.facebook.com/EmeryFarmNH/||||https://emeryfarm.com||||Jul 22nd, 2020
NH||M/M Reid|on-farm market|onfarmmarket|1000||700322|default-onfarmmarket-4-3.jpg|Gap Mountain Goats|875 Jaffrey Road, Marlborough, New Hampshire 3455|Marlborough|New Hampshire|875 Jaffrey Road|-72.156181|42.859482|3455||||||www.GapMountainGoats.com||||Jul 26th, 2014
NH||Peter Russell|on-farm market|onfarmmarket|1000||700592|default-onfarmmarket-4-3.jpg|Russells Blueberries|289 Maple Street, Contoocook, New Hampshire 3229|Contoocook|New Hampshire|289 Maple Street|-71.709969|43.215632|3229||https://www.facebook.com/pages/Russells-Organic-Blueberries/115364307642||||www.russellcertifiedorganic.com||||Jul 26th, 2014
NH|||on-farm market|onfarmmarket|1000||700641|default-onfarmmarket-4-3.jpg|Appleview Orchard|1266 Upper City Road, Pittsfield, New Hampshire 3263|Pittsfield|New Hampshire|1266 Upper City Road|-71.342297|43.325531|3263||||||||||Jul 26th, 2014
NH||Tim Bassett|on-farm market|onfarmmarket|1000||700735|default-onfarmmarket-4-3.jpg|Gould Hill Farm|656 Gould Hill Road, Hopkinton, New Hampshire 3229|Hopkinton|New Hampshire|656 Gould Hill Road|-71.68936|43.22074|3229||https://www.facebook.com/121710497201|||HTTPS://twitter.com/gouldhillfarm|Http://Www.gouldhillfarm.com||||Jul 26th, 2014
NH||Wayne LeClair|on-farm market|onfarmmarket|1000||700047|default-onfarmmarket-4-3.jpg|Rocky Meadow Farm|201 Udall Road, Francestown, New Hampshire 03043|Francestown|New Hampshire|201 Udall Road|-71.844788|42.978013|03043||https://www.facebook.com/RockyMeadowFarm||||www.rockymeadowfarm.com||||Jul 27th, 2014
NH||Denise Renk|on-farm market|onfarmmarket|1000||700145|default-onfarmmarket-4-3.jpg|Elior Acres, LLC|2871 State Route 114, Bradford, New Hampshire 03221|Bradford|New Hampshire|2871 State Route 114|-71.911341|43.235200|03221||https://www.facebook.com/EliorAcres||||www.EliorAcres.com||||Jul 27th, 2014
NH|||on-farm market|onfarmmarket|1000||700567|default-onfarmmarket-4-3.jpg|Running Fox Farm|576 Northwest Road Route 132, Canterbury, New Hampshire 3224|Canterbury|New Hampshire|576 Northwest Road Route 132|-71.565280|43.3372738|3224||https://www.facebook.com/running.f.farm||||www.runningfoxfarmnh.com||||Jul 27th, 2014
NH||Donald Ross|on-farm market|onfarmmarket|1000||700569|default-onfarmmarket-4-3.jpg|Rossview Farm|District #5 Road, Concord, New Hampshire 03303|Concord|New Hampshire|District #5 Road|-71.615361|43.217957|03303||||||www.rossviewfarm.com||||Jul 27th, 2014
NH||Karen Downing|on-farm market|onfarmmarket|1000||700053|default-onfarmmarket-4-3.jpg|Remick Country Doctor Museum and Farm|58 Cleveland Hill Rd, Tamworth, New Hampshire 03886|Tamworth|New Hampshire|58 Cleveland Hill Rd|-71.268301|43.8584337|03886||https://www.facebook.com/remickcountrydoctormuseumandfarm||||www.remickmuseum.org||||Jul 28th, 2014
NH||Linda Sorensen|on-farm market|onfarmmarket|1000||700628|default-onfarmmarket-4-3.jpg|BerryKnoll|67 Old Portland Rd., off Brownfield Road, Eaton, New Hampshire 03832|Eaton|New Hampshire|67 Old Portland Rd., off Brownfield Road|-71.010638|43.916591|03832||||||BerryKnoll.com||||Jul 31st, 2014
NH||Karen West|on-farm market|onfarmmarket|1000||701526|default-onfarmmarket-4-3.jpg|Highland View Farm|26 Sunset Cir, Alstead, New Hampshire 03602|Alstead|New Hampshire|26 Sunset Cir|-72.364887|43.128949|03602||||||https://www.highlandviewfreerange.com/||||Jun 11th, 2020
NH||Jennifer Mayo|on-farm market|onfarmmarket|1000||700292|default-onfarmmarket-4-3.jpg|Arbutus Hill Farm|150 Arbutus Hill Rd, Meredith, New Hampshire 03253|Meredith|New Hampshire|150 Arbutus Hill Rd|-71.577164|43.606107|03253||||||www.ladyfarmer.com||||Mar 22nd, 2015
NH||Patricia Craig|on-farm market|onfarmmarket|1000||701225|default-onfarmmarket-4-3.jpg|Apple Haven Farm|829 Piper Hill Road, Stewartstown, New Hampshire 03576|Stewartstown|New Hampshire|829 Piper Hill Road|-71.491190|44.952681|03576||facebook/applehavenfarm||||www.applehavenfarm.com||||Mar 22nd, 2015
NH||Edward Burnap|on-farm market|onfarmmarket|1000||700781|default-onfarmmarket-4-3.jpg|Butternut Farm LLC|195 Meaderboro Road, Farmington, New Hampshire 03835|Farmington|New Hampshire|195 Meaderboro Road|-71.068903|43.323159|03835||||||www.Butternutfarm.net||||Mar 23rd, 2015
NH||Hidden Acres Farm|on-farm market|onfarmmarket|1000||700875|default-onfarmmarket-4-3.jpg|Hidden Acres Farm|42 Thornell Rd., Newton, New Hampshire 03858|Newton|New Hampshire|42 Thornell Rd.|-71.054062|42.8639228|03858||||||||||Mar 23rd, 2015
NH||Elaine Hatch|on-farm market|onfarmmarket|1000||700908|default-onfarmmarket-4-3.jpg|Hatches Orchard|1440 Brownfield Road, Center Conway, New Hampshire 03813|Center Conway|New Hampshire|1440 Brownfield Road|-71.013385|43.9581759|03813|none|none||||none||||Mar 24th, 2015
NH||Tracie Loock|on-farm market|onfarmmarket|1000||701060|default-onfarmmarket-4-3.jpg|Tracie's Community Farm, LLC|72 Jaffrey Rd., Fitzwilliam, New Hampshire 03447|Fitzwilliam|New Hampshire|72 Jaffrey Rd.|-72.140829|42.782479|03447|http://traciesfarm.com/wordpress/?cat=4|https://www.facebook.com/pages/Tracies-Community-Farm-LLC/172047872823613?ref=hl||||www.traciesfarm.com||||Mar 24th, 2015
NH||Chris Caserta|on-farm market|onfarmmarket|1000||700066|default-onfarmmarket-4-3.jpg|Walpole Valley Farms|663 Wentworth Road, Walpole, New Hampshire 03608|Walpole|New Hampshire|663 Wentworth Road|-72.425371|43.032428|03608||https://www.facebook.com/WalpoleValleyFarms?ref=hl||||www.walpolevalleyfarms.com||||Mar 26th, 2015
NH||Wayne Colsia|on-farm market|onfarmmarket|1000||701300|default-onfarmmarket-4-3.jpg|Paradise Farm LLC|468 Center Rd, Lyndeborough, New Hampshire 03082|Lyndeborough|New Hampshire|468 Center Rd|-71.733994|42.8709851|03082||Paradise Farm NH||||www.ParadiseFarmNH.com||||Oct 19th, 2015
NH||Rick Gagne|on-farm market|onfarmmarket|1000||701068|default-onfarmmarket-4-3.jpg|Six Acre Farm|141 Spruceville Rd, Milan, New Hampshire 03588|Milan|New Hampshire|141 Spruceville Rd|-71.309134|44.590829|03588||||||sixacrefarm.com||||Sep 13th, 2014
NH||Meg Wilson|on-farm market|onfarmmarket|1000||700738|default-onfarmmarket-4-3.jpg|Demeritt Hill Farm|66 Lee Road (route 155), Lee, New Hampshire 3861|Lee|New Hampshire|66 Lee Road (route 155)|-70.967587|43.157470|3861||https://www.facebook.com/pages/DeMeritt-Hill-Farm/166676763359982?ref=bookmarks|||https://twitter.com/NHapples|www.demeritthillfarm.com||||Sep 16th, 2014
NH||John Sandri|on-farm market|onfarmmarket|1000||701095|default-onfarmmarket-4-3.jpg|Farmer John's Plot|26 Chesham Road, Dublin, New Hampshire 03444|Dublin|New Hampshire|26 Chesham Road|-72.150907|42.918938|03444||https://www.facebook.com/farmerjohnsplot?ref=br_tf||||http://farmerjohnsplot.org/||||Sep 24th, 2014
NH||Amy MacDonald|on-farm market|onfarmmarket|1000||700430|default-onfarmmarket-4-3.jpg|Windcrest Tree Farm|35 North Road, East Kingston, New Hampshire 03827|East Kingston|New Hampshire|35 North Road|-70.991808|42.927052|03827||||||www.windcrestfarm.info||||Sep 4th, 2015
NJ||Jacob Hunt|on-farm market|onfarmmarket|1000||701326|default-onfarmmarket-4-3.jpg|Windy Brow Farms|359 Rt 519, Newton, New Jersey 07860|Newton|New Jersey|359 Rt 519|-74.781489|41.038576|07860||https://www.facebook.com/windybrowfarms|||https://twitter.com/windybrowfarms|www.windybrowfarms.com||||Apr 11th, 2016
NJ||Jonathan White|on-farm market|onfarmmarket|1000||700283|default-onfarmmarket-4-3.jpg|Bobolink (llc) Dairy|369 Stamets Rd, Milford, New Jersey 08848|Milford|New Jersey|369 Stamets Rd|-75.062493|40.5671520|08848||https://www.facebook.com/pages/Bobolink-Dairy-Bakehouse/203077189739087||||Www cowsoutside.com||||Apr 11th, 2022
NJ||Donna Bouchelle|on-farm market|onfarmmarket|1000||701328|default-onfarmmarket-4-3.jpg|The Original Columbus Farm & Market|22975 columbus rd, columbus, New Jersey 08022|columbus|New Jersey|22975 columbus rd|-74.748740|40.074548|08022||https://www.facebook.com/The-Original-Columbus-Farm-and-Market-616834061703107/||||||||Apr 21st, 2016
NJ||KATHY HAYNICZ|on-farm market|onfarmmarket|1000||700699|default-onfarmmarket-4-3.jpg|Hayniczs Orchardview Farm Market and Greenhouse|1091 Elk Road - Corner Of Buck And Elk Roads, Monroeville, New Jersey 8343|Monroeville|New Jersey|1091 Elk Road - Corner Of Buck And Elk Roads|-75.123725|39.6445383|8343||https://www.facebook.com/pages/Hayniczs-Orchardview-Farm-Market-and-Greenhouse/197438020269238?ref=br_tf||||www.hayniczorchardviewfarm.com||||Aug 13th, 2014
NJ||Oasis Family Farm|on-farm market|onfarmmarket|1000||700092|default-onfarmmarket-4-3.jpg|Oasis Family Farm|3 Circle Dr, Robbinsville, New Jersey 08691|Robbinsville|New Jersey|3 Circle Dr|-74.634241|40.201936|08691||https://www.facebook.com/oasisfarm||||www.oasisfamilyfarm.com||||Aug 14th, 2014
NJ||William Muzychko|on-farm market|onfarmmarket|1000||700425|default-onfarmmarket-4-3.jpg|Bills Figs|329 Old York Road, Flemington, New Jersey 08822|Flemington|New Jersey|329 Old York Road|-74.809680|40.5057570|08822||||||wmuzy@comcast.net||||Aug 14th, 2014
NJ||Natalie Rockwell|on-farm market|onfarmmarket|1000||700616|default-onfarmmarket-4-3.jpg|Blue Moon Acres: Certified Organic Farm and Market|11 Willow Creek Dr., Pennington, New Jersey 08534|Pennington|New Jersey|11 Willow Creek Dr.|-74.787865|40.3470090|08534|http://bluemoonacres.com/category/news/|https://www.facebook.com/BlueMoonAcresFarm|||https://twitter.com/bmacres|www.bluemoonacres.com||||Aug 14th, 2014
NJ||Kevin Halpin|on-farm market|onfarmmarket|1000||700310|default-onfarmmarket-4-3.jpg|My Poppy's Alpacas, LLC|59 Hopkins Rd., Plumsted, New Jersey 08533|Plumsted|New Jersey|59 Hopkins Rd.|-74.473712|40.090669|08533||https://www.facebook.com/pages/My-Poppys-Alpacas/147695915737|||https://twitter.com/MyPoppysAlpacas|http://www.mypoppysalpacas.com/||||Aug 15th, 2014
NJ||Constance Katzenbach|on-farm market|onfarmmarket|1000||700935|default-onfarmmarket-4-3.jpg|Sweet Sourland Farms|90 Lambertville-Hopewell Rd., Hopewell, New Jersey 08525|Hopewell|New Jersey|90 Lambertville-Hopewell Rd.|-74.788613|40.388164|08525|||||90 Lambertville-Hopewell Rd.|90 Lambertville-Hopewell Rd.||||Aug 25th, 2014
NJ||Elmer Platz|on-farm market|onfarmmarket|1000||700593|default-onfarmmarket-4-3.jpg|Mount Vernon Farms|418 Route 515, Vernon, New Jersey 07462|Vernon|New Jersey|418 Route 515|-74.489736|41.175661|07462||https://www.facebook.com/MountVernonFarms||||www.njtreefarmer.com||||Aug 26th, 2014
NJ||Charlene Carlisle|on-farm market|onfarmmarket|1000||700991|default-onfarmmarket-4-3.jpg|Little Hooves Romneys|510 Centerton Rd, MOORESTOWN, New Jersey 08057|MOORESTOWN|New Jersey|510 Centerton Rd|-74.895029|39.986156|08057||https://www.facebook.com/pages/Little-Hooves-Romneys/176597835758599||||www.LittleHoovesRomneys.com||||Aug 30th, 2014
NJ|||on-farm market|onfarmmarket|1000||700657|default-onfarmmarket-4-3.jpg|Stiles Farm and Nursery|172 South Delsea Drive Route 47, Cape May Court House, New Jersey 8210|Cape May Court House|New Jersey|172 South Delsea Drive Route 47|-75.04272|39.489142|8210||||||||||Aug 3rd, 2014
NJ||Steven C Sockwell|on-farm market|onfarmmarket|1000||701180|default-onfarmmarket-4-3.jpg|Tidewater Natural Farms|70 High Street, LEESBURG, New Jersey 08327|LEESBURG|New Jersey|70 High Street|-74.976953|39.251340|08327||||||||||Dec 9th, 2014
NJ||DiMeo Farms & Blueberry Plants Nursery Mgr.|on-farm market|onfarmmarket|1000||700492|default-onfarmmarket-4-3.jpg|DiMeo Farms & Blueberry Plants Nursery|3101 Nesco Road, Hammonton, New Jersey 08037|Hammonton|New Jersey|3101 Nesco Road|-74.726500|39.640696|08037|http://www.dimeofruitfarms.com|https://www.facebook.com/dimeofarms|||http://twitter.com/dimeofarms|http://www.DiMeoFarms.com||||Feb 12th, 2018
NJ||Jeff Wallace|on-farm market|onfarmmarket|1000||701503|default-onfarmmarket-4-3.jpg|GrowingDirt.com, a farm at Agrestic Acres|51 Lenape lane, Allamuchy, New Jersey 07838|Allamuchy|New Jersey|51 Lenape lane|-74.81256|40.922363|07838||@GrowingDirt||||Www.growingdirt.com||||Feb 9th, 2020
NJ||Cynthia & John|on-farm market|onfarmmarket|1000||700507|default-onfarmmarket-4-3.jpg|Perfect Christmas Tree Farm|999 H\'way 22, Phillipsburg, New Jersey 08865|Phillipsburg|New Jersey|999 H\'way 22|-75.161847|40.6967860|08865||https://www.facebook.com/farmerandwife||||www.perfectchristmastree.com||||Jul 14th, 2015
NJ||Christopher Adams|on-farm market|onfarmmarket|1000||700174|default-onfarmmarket-4-3.jpg|Beach View Farms|178 Beachview Avenue, Manahawkin, New Jersey 08050|Manahawkin|New Jersey|178 Beachview Avenue|-74.250913|39.7301044|08050||https://www.facebook.com/beachviewfarms||||http://www.beachviewfarms.com||||Jul 26th, 2014
NJ|||on-farm market|onfarmmarket|1000||700614|default-onfarmmarket-4-3.jpg|Oasis Garden Center|87 Federal City Rd, Lawrenceville, New Jersey 8648|Lawrenceville|New Jersey|87 Federal City Rd|-74.76173|40.286432|8648||||||||||Jul 26th, 2014
NJ||Anita McCann|on-farm market|onfarmmarket|1000||700461|default-onfarmmarket-4-3.jpg|The McCanns Farm|1065 Aura Rd, Elk Township, New Jersey 08343|Elk Township|New Jersey|1065 Aura Rd|-75.136814|39.690294|08343|http://themccannsfarm.blogspot.com/|https://www.facebook.com/pages/McCanns-Farm/62790046533?ref=hl||||www.themccannsfarm.com||||Jul 27th, 2014
NJ||Phil Brodhecker|on-farm market|onfarmmarket|1000||700537|default-onfarmmarket-4-3.jpg|Brodhecker Farm LLC|2 Branchville-Lawson Road, Newton, New Jersey 07860|Newton|New Jersey|2 Branchville-Lawson Road|-74.775249|41.108451|07860||||||www.brodheckerfarms.com||||Jul 28th, 2014
NJ||Michelle Grochowicz|on-farm market|onfarmmarket|1000||700771|default-onfarmmarket-4-3.jpg|Grochowicz Farm Market and Deli|2401 Route 31, Glen Gardner, New Jersey 08826|Glen Gardner|New Jersey|2401 Route 31|-74.948627|40.7046301|08826||||||www.grofarms.com||||Jul 29th, 2014
NJ||tim stockel|on-farm market|onfarmmarket|1000||700764|default-onfarmmarket-4-3.jpg|Happy Day Farm|97 Daum Road, Manalapan, New Jersey 7726|Manalapan|New Jersey|97 Daum Road|-74.379158|40.2681312|7726||https://www.facebook.com/happydayfarmnj?ref=br_tf||||happydayfarmnj.com||||Jul 30th, 2014
NJ||Robert Taylor & Charlene Foltzer|on-farm market|onfarmmarket|1000||700597|default-onfarmmarket-4-3.jpg|C & R Perfect Pick Farm|71 Beaver Run Road, Lafayette, New Jersey 07848|Lafayette|New Jersey|71 Beaver Run Road|-74.686316|41.115124|07848||||||www.perfectpickfarm.com||||Jul 31st, 2014
NJ||Merlin Weaver|on-farm market|onfarmmarket|1000||701272|default-onfarmmarket-4-3.jpg|Weaver's Farm Market|759 Garden Rd, Pittsgrove, New Jersey 08318|Pittsgrove|New Jersey|759 Garden Rd|-75.099947|39.528862|08318||www.facebook.com/pages/Weavers-Farm-Market||||||||Jun 16th, 2015
NJ||Rena Bast|on-farm market|onfarmmarket|1000||700589|default-onfarmmarket-4-3.jpg|Beemerville Orchard|73 Lusscroft Road, Sussex, New Jersey 07461|Sussex|New Jersey|73 Lusscroft Road|-74.684056|41.221728|07461||https://www.facebook.com/pages/Beemerville-Orchard/213134775374677||||||||Mar 23rd, 2015
NJ|||on-farm market|onfarmmarket|1000||700734|default-onfarmmarket-4-3.jpg|Hill Creek Farms|1631 State Highway #45, Mullica Hill, New Jersey 08062|Mullica Hill|New Jersey|1631 State Highway #45|-75.263129|39.707374|08062||Hillcreekfarms.com||||Hillcreekfarms.com||||Mar 23rd, 2015
NJ||Kathryn Simon|on-farm market|onfarmmarket|1000||700961|default-onfarmmarket-4-3.jpg|Cherry Grove Farm|3200 Lawrenceville Road (Route 206), Lawrenceville , New Jersey 08648|Lawrenceville|New Jersey|3200 Lawrenceville Road (Route 206)|-74.712497|40.308723|08648||https://www.facebook.com/pages/Cherry-Grove-Farm|||https://www.twitter.com/cherrygrovefarm|www.cherrygrovefarm.com||||Mar 23rd, 2015
NJ||Hannah Caswell|on-farm market|onfarmmarket|1000||701254|default-onfarmmarket-4-3.jpg|Greater Newark Conservancy|138 Court St. , Newark, New Jersey 07103|Newark|New Jersey|138 Court St.|-74.182151|40.732757|07103||facebook.com/greaternewarkconservancy||||www.citybloom.org||||May 11th, 2015
NJ||Shaun Ananko|on-farm market|onfarmmarket|1000||701600|default-onfarmmarket-4-3.jpg|Grow It Green Urban Farm Stand|31 Hazel Street, Morristown, New Jersey 07960|Morristown|New Jersey|31 Hazel Street|-74.476846|40.806772|07960||Grow It Green Morristown||||https://www.growitgreenmorristown.org/local-food-access||||May 13th, 2021
NJ||Andrea Holladay|on-farm market|onfarmmarket|1000||701405|default-onfarmmarket-4-3.jpg|Dancing Waters Farm|304 Hackett Rd., Hampton, New Jersey 08827|Hampton|New Jersey|304 Hackett Rd.|-74.978229|40.664299|08827|https://www.mohair-fiber.com/blog/category/topics/|https://www.facebook.com/DancingWatersFarm|||https://twitter.com/dancingwaters|https://www.mohair-fiber.com/||||May 1st, 2017
NJ||Cindy VonThun|on-farm market|onfarmmarket|1000||700520|default-onfarmmarket-4-3.jpg|Von Thuns Country Farm Market|519 Ridge Road (Route 522), Monmouth Junction, New Jersey 08852|Monmouth Junction|New Jersey|519 Ridge Road (Route 522)|-74.529965|40.379488|08852||https://www.facebook.com/VonThunFarms|||VonThunFarms|www.vonthunfarms.com||||Nov 13th, 2014
NJ||Angela Martin|on-farm market|onfarmmarket|1000||700645|default-onfarmmarket-4-3.jpg|ARGOS FARM|1250 Lacey Road, Forked River, New Jersey 8731|Forked River|New Jersey|1250 Lacey Road|-74.235929|39.868775|8731||ARGOSFARM||||www.argosfarm.com||||Sep 16th, 2014
NJ||Joyce Burjan|on-farm market|onfarmmarket|1000||700528|default-onfarmmarket-4-3.jpg|Burjans Pumpkin Festival|524 Old York Rd, Flemington, New Jersey 8822|Flemington|New Jersey|524 Old York Rd|-74.789310|40.5259905|8822||https://www.facebook.com/pages/Burjans-Pumpkin-Festival/145110945523495||||www.burjansfarm.com||||Sep 4th, 2014
NM||Rob Shepler|on-farm market|onfarmmarket|1000||700906|default-onfarmmarket-4-3.jpg|Potter's Ranch|3757 US Hwy 82 , Mayhill, New Mexico 88339|Mayhill|New Mexico|3757 US Hwy 82|-105.44965|32.916604|88339|http://pottersranch.wordpress.com/|https://www.facebook.com/pages/Potters-Ranch/241999489144780?ref=bookmarks||||||||Aug 23rd, 2014
NM||Roxanne Wagner|on-farm market|onfarmmarket|1000||700012|default-onfarmmarket-4-3.jpg|Wagner Farms|5000 Corrales rd., Corrales, New Mexico 83646|Corrales|New Mexico|5000 Corrales rd.|-106.61141|35.2317680|83646||https://www.facebook.com/Wagnerfarms?ref=hl||||www.wagnerfarmscorrales.com||||Aug 27th, 2014
NM||Eddie Velarde|on-farm market|onfarmmarket|1000||701440|default-onfarmmarket-4-3.jpg|The Fruit Basket|Highway 68, 1413, box 4, VELARDE, New Mexico 87582|VELARDE|New Mexico|Highway 68, 1413, box 4|-105.96974|36.165529|87582||||||||||Jan 27th, 2018
NM||Rosemary Metcalf|on-farm market|onfarmmarket|1000||700199|default-onfarmmarket-4-3.jpg|Windrush Alpacas|770 Curry Road M, Clovis, New Mexico 88101|Clovis|New Mexico|770 Curry Road M|-103.24983|34.374628|88101|http://alpacalady.wordpress.com/|https://www.facebook.com/WindrushAlpacas|||https://twitter.com/WindrushAlpacas|www.windrushalpacas.com||||Jul 26th, 2014
NM||Pete Ditmars|on-farm market|onfarmmarket|1000||700236|default-onfarmmarket-4-3.jpg|Dunhill Ranch All-Natural Grass-Fed Lamb|Mile 1, Forest Rd 234, Magdalena, New Mexico 87825|Magdalena|New Mexico|Mile 1, Forest Rd 234|-107.28748|34.012144|87825||||||www.dunhillranch.com||||Jul 29th, 2014
NM||Chris David|on-farm market|onfarmmarket|1000||701536|default-onfarmmarket-4-3.jpg|Beck & Bulow|1336 Jorgensen Lane, Unit #1, Santa Fe, New Mexico 87507|Santa Fe|New Mexico|1336 Jorgensen Lane, Unit #1|-105.93403|35.52727|87507|https://www.beckandbulow.com/blog/|https://www.facebook.com/beckandbulow/|||https://twitter.com/beckandbulow|https://www.beckandbulow.com||||Jul 9th, 2020
NM||Christopher Whitson|on-farm market|onfarmmarket|1000||701641|default-onfarmmarket-4-3.jpg|Bomvida Farms|23 Winery Rd, Bosque, New Mexico 87006|Bosque|New Mexico|23 Winery Rd|-106.80763|34.522685|87006||https://www.facebook.com/BomvidaFarms|||https://twitter.com/bomvidafarms|http://bomvida.com||||Mar 2nd, 2022
NM||Lee Goodwin|on-farm market|onfarmmarket|1000||701017|default-onfarmmarket-4-3.jpg|J&L Gardens|, Espanola, New Mexico|Espanola|New Mexico||-106.06580|36.003598||http://www.jandlgardens.com/wordpress|www.facebook.com/pages/J-L-Gardens/253306811388712||||http://www.jandlgardens.com||||Sep 3rd, 2014
NY||Dave Perozzi|on-farm market|onfarmmarket|1000|Wrong Direction Farm delivers Certified Organic, Pasture Raised Chicken and Turkey, along with our Grass Fed Beef from our family farm directly to customers throughout the Northeast.|701584|onfarmmarket_701584_12529_20220414160257.png|Wrong Direction Farm|431 Seebers Lane, Canajoharie, New York 13317|Canajoharie|New York|431 Seebers Lane|-74.611932|42.899915|13317||||||wrongdirectionfarm.com||Wrong Direction Farm delivers Certified Organic, Pasture Raised Chicken and Turkey, along with our Grass ...||Apr 14th, 2022
NY||Warren Abbott|on-farm market|onfarmmarket|1000||700642|default-onfarmmarket-4-3.jpg|Abbott Farms|3275 Cold Springs Road, Baldwinsville, New York 13027|Baldwinsville|New York|3275 Cold Springs Road|-76.281483|43.144523|13027||abbottfarmsny||||abbottfarms.com||||Apr 20th, 2015
NY||Joshua Cartwright|on-farm market|onfarmmarket|1000||701450|default-onfarmmarket-4-3.jpg|Loon Lake Organics|10569 County Route 92, Wayland, New York 14572|Wayland|New York|10569 County Route 92|-77.569955|42.513065|14572||Loon Lake Organics||||||||Apr 25th, 2018
NY||Kerry and Paula Dart|on-farm market|onfarmmarket|1000||700833|default-onfarmmarket-4-3.jpg|Dart's Tree Farm|7745 Hill Road , Hubbardsville , New York 13355|Hubbardsville|New York|7745 Hill Road|-75.483456|42.829149|13355||https://www.facebook.com/dartstreefarm||||||||Aug 13th, 2014
NY||Gillie Brook Farm|on-farm market|onfarmmarket|1000||700321|default-onfarmmarket-4-3.jpg|Gillie Brook Farm|6147 Gillie Brook Road, Memphis, New York 13112|Memphis|New York|6147 Gillie Brook Road|-76.352603|43.073066|13112||||||www.gilliefarms.com||||Aug 14th, 2014
NY||Juanita Critz|on-farm market|onfarmmarket|1000||700740|default-onfarmmarket-4-3.jpg|Critz Farms|3232 Rippleton Road, Cazenovia, New York 13035|Cazenovia|New York|3232 Rippleton Road|-75.871351|42.876558|13035||https://www.facebook.com/pages/Critz-Farms|||https://www.twitter.com/critzfarms|www.critzfarms.com||||Aug 14th, 2014
NY||Ron Loiacono|on-farm market|onfarmmarket|1000||700878|default-onfarmmarket-4-3.jpg|Loiacono Farm|573 Meeting House Road, West Winfield, New York 13491|West Winfield|New York|573 Meeting House Road|-75.165333|42.914275|13491||||||||||Aug 22nd, 2014
NY||Lee Farms|on-farm market|onfarmmarket|1000||700880|default-onfarmmarket-4-3.jpg|Lee Farms|1417 Sawyer Rd, Kent, New York 14477|Kent|New York|1417 Sawyer Rd|-78.157673|43.3466830|14477||https://www.facebook.com/Lee.Farms.Organic.Beef?ref=hl||||||||Aug 22nd, 2014
NY||Lonny Schaefer|on-farm market|onfarmmarket|1000||700907|default-onfarmmarket-4-3.jpg|Catskill Cattle Co. - Catskill Fresh Farmstand|96 Laurel Bank Ave, Deposit, New York 13754|Deposit|New York|96 Laurel Bank Ave|-75.407016|42.066716|13754||http://www.facebook.com/catskillcattle.com||||http://www.catskillfresh.com||||Aug 23rd, 2014
NY||Della Jastrzab|on-farm market|onfarmmarket|1000||701425|default-onfarmmarket-4-3.jpg|Happy Hooves Organic Farm|13054 Ira Station rd, Martville, New York 13111|Martville|New York|13054 Ira Station rd|-76.611156|43.251306|13111||https://www.facebook.com/HappyHoovesOrganicFarm/||||http://betterbeef4u.com/||||Aug 23rd, 2017
NY||Jason Friedman|on-farm market|onfarmmarket|1000||700108|default-onfarmmarket-4-3.jpg|Lowland Farm|68 Prices Switch Road, Warwick, New York 10990|Warwick|New York|68 Prices Switch Road|-74.460853|41.260494|10990||https://www.facebook.com/lowlandfarm||||www.lowlandfarm.com/||||Aug 26th, 2014
NY||Melissa and Lance Sayward|on-farm market|onfarmmarket|1000||700223|default-onfarmmarket-4-3.jpg|Stonebeck Farm|143 Strackville Road, Schuyler Falls, New York 12985|Schuyler Falls|New York|143 Strackville Road|-73.688769|44.5976053|12985|http://stonebeckfarm.blogspot.com/|https://www.facebook.com/pages/Stonebeck-Farm/203077556515064||||http://stonebeckfarm.blogspot.com/||||Aug 26th, 2014
NY||Lauren Sharp|on-farm market|onfarmmarket|1000||700948|default-onfarmmarket-4-3.jpg|The Orchards Of Concklin|2 So. Mountain Rd , Pomona, New York 10970|Pomona|New York|2 So. Mountain Rd|-74.032045|41.1786064|10970||https://www.facebook.com/pages/The-Orchards-of-Concklin/111163468897423||||http://theorchardsofconcklin.com||||Aug 26th, 2014
NY||KayCee Wimbish|on-farm market|onfarmmarket|1000||700971|default-onfarmmarket-4-3.jpg|Kingston YMCA Farm Project|507 Broadway, Kingston, New York 12401|Kingston|New York|507 Broadway|-74.001235|41.9276140|12401||https://www.facebook.com/KingstonYMCAFarmProject||||kingstonymcafarmproject.org||||Aug 28th, 2014
NY||Peter and Virginia Ambrose|on-farm market|onfarmmarket|1000||700073|default-onfarmmarket-4-3.jpg|Scarecrow Farm|29 Old Barrington Road, Hollowville, New York 12530|Hollowville|New York|29 Old Barrington Road|-73.660002|42.215512|12530||https://www.facebook.com/pages/Scarecrow-Farm||||www.scarecrowfarmny.com||||Aug 4th, 2014
NY||Jaime Vincent|on-farm market|onfarmmarket|1000||701544|default-onfarmmarket-4-3.jpg|Brookby Farm|62 Dover Furnace Rd, Dover Plains, New York 12522|Dover Plains|New York|62 Dover Furnace Rd|-73.579068|41.684239|12522||https://www.facebook.com/BrookbyFarm/||||https://www.brookbyfarm.com/||||Aug 5th, 2020
NY||Edward Graham|on-farm market|onfarmmarket|1000||701492|default-onfarmmarket-4-3.jpg|Brighton Honey|106 Norman Rd, Rochester, New York 14623|Rochester|New York|106 Norman Rd|-77.639933|43.112030|14623|https://www.brightonhoney.com/blog/|https://www.facebook.com/brightonhoney|||https://twitter.com/brightonhoney|https://www.brightonhoney.com/||||Dec 11th, 2019
NY||Lucille Munz|on-farm market|onfarmmarket|1000||701307|default-onfarmmarket-4-3.jpg|Hilltop Hanover Farm & Environmental Center|1271 Hanover Street, Yorktown Heights, New York 10598|Yorktown Heights|New York|1271 Hanover Street|-73.774207|41.252254|10598||https://www.facebook.com/hilltophanoverfarm/|||https://twitter.com/friendsofhhfarm|www.hilltophanoverfarm.org||||Dec 9th, 2015
NY||alan butzer|on-farm market|onfarmmarket|1000||701316|default-onfarmmarket-4-3.jpg|Creekside Market|13971 route 62, collins, New York 14034|collins|New York|13971 route 62|-78.928479|42.4986310|14034||https://www.facebook.com/CreeksideMarketCollins/?ref=aymt_homepage_panel||||http://www.creeksideproduce.com/||||Feb 13th, 2016
NY||Sheryl Davis|on-farm market|onfarmmarket|1000||701588|default-onfarmmarket-4-3.jpg|Cedar Swamp Homestead|3013 Hardscrabble Rd, Erieville, New York 13061|Erieville|New York|3013 Hardscrabble Rd|-75.796473|42.882918|13061||www.facebook.com/cedarswamphomestead||||cedarswamphomestead.com||||Feb 23rd, 2021
NY||Amy Farrand|on-farm market|onfarmmarket|1000||701204|default-onfarmmarket-4-3.jpg|Steamy Farms|County Route 100, Woodhull, New York 14898|Woodhull|New York|County Route 100|-77.408089|42.038941|14898||facebook.com/SteamyFarms||||||||Feb 3rd, 2015
NY||Debra Tucker|on-farm market|onfarmmarket|1000||701389|default-onfarmmarket-4-3.jpg|Olde Silo Farm|5486 South Livonia Road, Conesus Lake , New York 14435|Conesus Lake|New York|5486 South Livonia Road|-77.672284|42.754630|14435||oldesilofarm1@gmail.com||||||||Feb 8th, 2017
NY||Norman Greig|on-farm market|onfarmmarket|1000||701625|default-onfarmmarket-4-3.jpg|Hudson Valley Farmer's Market, LLC|227 Pitcher Lane, Red Hook, New York 12571|Red Hook|New York|227 Pitcher Lane|-73.853029|42.028543|12571||Greig Farm||||greigfarm.com||||Jan 7th, 2022
NY||Jason Arnold|on-farm market|onfarmmarket|1000||701361|default-onfarmmarket-4-3.jpg|Arnold's Farm Fresh Produce|1319 Sacandaga Rd, West Charlton, New York 12010|West Charlton|New York|1319 Sacandaga Rd|-74.029509|42.971771|12010||||||www.arnoldsproduce.com||||Jul 17th, 2016
NY||Francine Gray|on-farm market|onfarmmarket|1000||701537|default-onfarmmarket-4-3.jpg|AMERICAN INDIAN Gray's Homestead Farm|1109 Drum Street, Hogansburg, New York 13655|Hogansburg|New York|1109 Drum Street|-74.593024|44.988345|13655||https://www.facebook.com/grayshomesteadfarm/||||||||Jul 21st, 2020
NY||Richard Woodard|on-farm market|onfarmmarket|1000||700313|default-onfarmmarket-4-3.jpg|The Meadows Farm|329 Underhill Ave, Yorktown Heights, New York 10598|Yorktown Heights|New York|329 Underhill Ave|-73.780818|41.268860|10598||||||Meadowsfarmmarket.com||||Jul 24th, 2014
NY||Erica Frenay|on-farm market|onfarmmarket|1000||700037|default-onfarmmarket-4-3.jpg|Shelterbelt Farm|200 Creamery Road, Brooktondale, New York 14817|Brooktondale|New York|200 Creamery Road|-76.352390|42.380125|14817||https://www.facebook.com/ShelterbeltFarm||||http://www.shelterbeltfarm.com||||Jul 26th, 2014
NY||Michael C Candella|on-farm market|onfarmmarket|1000||700480|default-onfarmmarket-4-3.jpg|Candellas Farm|9256 River Road, Marcy, New York 13403|Marcy|New York|9256 River Road|-75.275666|43.1382071|13403||https://www.facebook.com/pages/Candellas-Farm-Marcy-You-Pick-Strawberries/110272999063769||||www.candellasfarm.com||||Jul 26th, 2014
NY||Karen Wheeler|on-farm market|onfarmmarket|1000||700110|default-onfarmmarket-4-3.jpg|Lockwood Lavender Farm|1682 West Lake Road, Skaneateles, New York 13152|Skaneateles|New York|1682 West Lake Road|-76.393362|42.853001|13152|www.lockwoodfarm.blogspot.com|https://www.facebook.com/lockwoodlavenderfarm||||||||Jul 27th, 2014
NY||Katrina Capasso|on-farm market|onfarmmarket|1000||700152|default-onfarmmarket-4-3.jpg|Dakota Ridge Farm|189 East High Street, Ballston Spa, New York 12020|Ballston Spa|New York|189 East High Street|-73.832763|43.002172|12020||https://www.facebook.com/DakotaRidgeFarm|||https://twitter.com/DakotaRidgeFarm|www.dakotaridgefarm.com||||Jul 27th, 2014
NY||Kerry Hollier|on-farm market|onfarmmarket|1000||700277|default-onfarmmarket-4-3.jpg|Teasel Meadow Farms|11205 west Shelby Rd, Medina, New York 14103|Medina|New York|11205 west Shelby Rd|-78.397814|43.1652420|14103||https://www.facebook.com/pages/Teasel-Meadow-Farms/246518425811||||www.teaselmeadowfarms.com||||Jul 27th, 2014
NY||Audrey Aponte|on-farm market|onfarmmarket|1000||700303|default-onfarmmarket-4-3.jpg|Sprout Creek Farm|34 Lauer Road, Poughkeepsie, New York 12603|Poughkeepsie|New York|34 Lauer Road|-73.814800|41.6598912|12603|http://sproutcreekfarm.tumblr.com/|www.facebook.com/sproutcreekfarm|||www.twitter.com/sproutcreekfarm|www.sproutcreekfarm.org||||Jul 27th, 2014
NY||Jeffrey Hall|on-farm market|onfarmmarket|1000||700765|default-onfarmmarket-4-3.jpg|Halls Hill Blueberry Farm|2110 Tower Road, Cortland, New York 13045|Cortland|New York|2110 Tower Road|-76.137209|42.554060|13045||||||www.hallshillblueberryfarm.com||||Jul 27th, 2014
NY||Douglas and Cheryl Giles|on-farm market|onfarmmarket|1000||700011|default-onfarmmarket-4-3.jpg|Walbridge Farm Market|538 Route 343, Millbrook, New York 12545|Millbrook|New York|538 Route 343|-73.651539|41.775037|12545||https://www.facebook.com/walbridgefarmmarket||||walbridgefarm.com||||Jul 28th, 2014
NY||Shannon Mason|on-farm market|onfarmmarket|1000||700202|default-onfarmmarket-4-3.jpg|Cowbella Creamery at Danforth Jersey Farm|Danforth Jersey Farm, 157 Danforth Road, Jefferson, New York 12093|Jefferson|New York|Danforth Jersey Farm, 157 Danforth Road|-74.570721|42.4952520|12093||https://www.facebook.com/cowbella||||www.cowbella.com||||Jul 28th, 2014
NY||Alyssa Davis|on-farm market|onfarmmarket|1000||700395|default-onfarmmarket-4-3.jpg|Brick House Acres - Greenhouse & Berry Farm|10628 Roberts Road, Frankfort, New York 13340|Frankfort|New York|10628 Roberts Road|-75.192754|43.00074|13340||||||||||Jul 28th, 2014
NY||Anne Clark|on-farm market|onfarmmarket|1000||700412|default-onfarmmarket-4-3.jpg|Annies Garlic|273 Morrill Rd, Canton, New York 13617|Canton|New York|273 Morrill Rd|-75.044278|44.555825|13617||www.facebook.com/anniesgarlic||||www.anniesgarlic.com||||Jul 28th, 2014
NY||Nella Stranieri|on-farm market|onfarmmarket|1000||701485|default-onfarmmarket-4-3.jpg|East Meadow Farm - CCE of Nassau County|832 Merrick Ave, East Meadow, New York 11554|East Meadow|New York|832 Merrick Ave|-73.567670|40.700695|11554||https://www.facebook.com/EastMeadowFarmStand/||||http://ccenassau.org/||||Jul 2nd, 2019
NY||Paul Colucci|on-farm market|onfarmmarket|1000||700139|default-onfarmmarket-4-3.jpg|Full Moon Farm|54 Steves Lane, Gardiner, New York 12525|Gardiner|New York|54 Steves Lane|-74.150286|41.6953480|12525||https://www.facebook.com/fullmoonfarmny||||http://www.fullmoonfarmny.com/||||Jul 30th, 2014
NY||Lynn Mordas|on-farm market|onfarmmarket|1000||700374|default-onfarmmarket-4-3.jpg|Dashing Star Farm|157 Indian Lake Road, Millerton, New York 12546|Millerton|New York|157 Indian Lake Road|-73.517753|41.9143410|12546||https://www.facebook.com/dashingstarfarm||||dashingstarfarm.com||||Jul 30th, 2014
NY||Teresa Sicignano|on-farm market|onfarmmarket|1000||700654|default-onfarmmarket-4-3.jpg|Navarino Orchard|3655 Cherry Valley Tpk. (rt.20), Syracuse, New York 13215|Syracuse|New York|3655 Cherry Valley Tpk. (rt.20)|-76.236325|42.986208|13215||https://www.facebook.com/pages/Navarino-Orchard/94081824018||||navarinoorchard.com||||Jul 30th, 2014
NY||Al Heywood|on-farm market|onfarmmarket|1000||700755|default-onfarmmarket-4-3.jpg|Heywoodss Blueberries|9947 Evans Road, Remsen, New York 13438|Remsen|New York|9947 Evans Road|-75.220813|43.3457168|13438||https://www.facebook.com/pages/Heywoods-Blueberries/269549785195?sk=timeline||||heywoodsblueberries.com||||Jul 30th, 2014
NY||Brian Reeves|on-farm market|onfarmmarket|1000||700054|default-onfarmmarket-4-3.jpg|Reeves Farms|1220 W. Genesee Road, Baldwinsville, New York 13027|Baldwinsville|New York|1220 W. Genesee Road|-76.415148|43.165342|13027||https://www.facebook.com/reevesfarmsllc||||www.reevesfarms.com||||Jul 31st, 2014
NY||Loretta Scaturro|on-farm market|onfarmmarket|1000||701346|default-onfarmmarket-4-3.jpg|Apple Bin Farm Market|810 Broadway Rt. 9W, Ulster Park, New York 12487|Ulster Park|New York|810 Broadway Rt. 9W|-73.969526|41.8467297|12487||Apple Bun Farm Market||||www.theapplebinfarmmarket.com||||Jul 5th, 2016
NY||Robert Hastings|on-farm market|onfarmmarket|1000||701348|default-onfarmmarket-4-3.jpg|Rivermede Farm Market|1925 Rt. 73, Keene Valley, New York 12943|Keene Valley|New York|1925 Rt. 73|-73.786625|44.199360|12943||||||rivermedefarm.com||||Jul 6th, 2016
NY||Sarah Dressel|on-farm market|onfarmmarket|1000||701350|default-onfarmmarket-4-3.jpg|Dressel Farms|271 State Route 208, New Paltz, New York 12561|New Paltz|New York|271 State Route 208|-74.111172|41.7146100|12561||https://www.facebook.com/dresselfarms/||||http://www.dresselfarms.com/||||Jul 6th, 2016
NY||Jessica Wells|on-farm market|onfarmmarket|1000||701351|default-onfarmmarket-4-3.jpg|The Apple Shed|3391 Fairville Maple Ridge Rd., Newark, New York 14513|Newark|New York|3391 Fairville Maple Ridge Rd.|-77.097955|43.1292743|14513||www.facebook.com/theappleshed|||www.twitter.com/theappleshed.com|www.theappleshed.com||||Jul 6th, 2016
NY||Stoneyridge Orchard & Winery LLC|on-farm market|onfarmmarket|1000||701268|default-onfarmmarket-4-3.jpg|Stoneyridge Orchard & Winery LLC|160 Bixby rd, Erin, New York 14838|Erin|New York|160 Bixby rd|-76.668529|42.1597360|14838||stoneyridgeorchard||||www.stoneyridgeorchard.com||||Jun 1st, 2015
NY|Open: September to November; 09/01/2022 to 11/30/2022; <br>Available Products: Fresh fruits;Fresh vegetables;Baked goods;Canned or preserved fruits/vegetables;Crafts/woodworking items;Cut flowers;Dairy products.;Honey;Juices/non-alcoholic ciders;Maple products;Soap/body care products;|Linda Coyne|on-farm market|onfarmmarket|1000|Our 300 acre farm offers PYO sweet & tart cherries, apples (over 50 varieties!), peaches, nectarines, pears, plums, pumpkins, and a challenging 5-acre corn maze! Our new farm stand offers local fruits and vegetables, local honey, jams, fresh sweet cider, fudge, an on-site bakery,  gifts by local artisans, and more.|700083|onfarmmarket_700083_13952_20220623200704.png|Bellinger's Orchard|685 Argersinger Rd, Fultonviille, New York 12072|Fultonviille|New York|685 Argersinger Rd|-74.393467|42.902931|12072||https://www.facebook.com/pages/Bellingers-Orchard/117953028227463|https://www.instagram.com/bellingersorchard/||https://twitter.com/Bellingersapple|www.bellingersorchard.com||Our 300 acre farm offers PYO sweet & tart cherries, apples (over 50 varieties!), peaches, ...||Jun 23rd, 2022
NY||Judy Librock|on-farm market|onfarmmarket|1000||701093|default-onfarmmarket-4-3.jpg|Librock Beef|5288 Gasport Rd, Gasport, New York 14067|Gasport|New York|5288 Gasport Rd|-78.577800|43.1564310|14067||https://www.facebook.com/pages/Librock-Beef/356668141060191||||www.librockbeef.com||||Mar 19th, 2015
NY||Amber Gray|on-farm market|onfarmmarket|1000||701144|default-onfarmmarket-4-3.jpg|The Lucky Dog Farm Store and Cafe|35796 State Highway 10, Hamden, New York 13782|Hamden|New York|35796 State Highway 10|-74.994065|42.191338|13782|http://us8.campaign-archive2.com/home/?u=e69d58c1ab0da87a0d0bd36f2&id=230af0b7b3|https://www.facebook.com/Lucky.Dog.Farm.And.Store?ref=bookmarks||||http://www.luckydogorganic.com/||||Mar 19th, 2015
NY||Suzanne Stokoe|on-farm market|onfarmmarket|1000||700031|default-onfarmmarket-4-3.jpg|Stokoe Farms|656 South Road, Scottsville, New York 14546|Scottsville|New York|656 South Road|-77.773829|42.992039|14546||https://www.facebook.com/stokoefarm||||stokoefarms.com||||Mar 23rd, 2015
NY||Kathy Ouellette|on-farm market|onfarmmarket|1000||700308|default-onfarmmarket-4-3.jpg|Ontario Orchards|7735 State Route 104, Oswego, New York 13126|Oswego|New York|7735 State Route 104|-76.577513|43.4098990|13126||ontaroorchards||||ontarioorchards.com||||Mar 23rd, 2015
NY||Gary Craft|on-farm market|onfarmmarket|1000||701226|default-onfarmmarket-4-3.jpg|G and S Orchards|825 Atlantic Avenue, Walworth, New York 14568|Walworth|New York|825 Atlantic Avenue|-77.338466|43.165420|14568|http://gandsorchards.blogspot.com|https://www.facebook.com/YouPickFruit|||https://www.twitter.com/GandSOrchards|http://www.gandsorchards.com||||Mar 23rd, 2015
NY||Wayne Dries|on-farm market|onfarmmarket|1000||701002|default-onfarmmarket-4-3.jpg|J&W Farm|7971 Vallance Rd., LeRoy, New York 14482|LeRoy|New York|7971 Vallance Rd.|-77.960827|43.034078|14482||||||||||Mar 25th, 2015
NY||Michael Skwara|on-farm market|onfarmmarket|1000||700103|default-onfarmmarket-4-3.jpg|MAWS Farm|7342 Main Street, State Route 28, Newport, New York 13416|Newport|New York|7342 Main Street, State Route 28|-75.010097|43.180348|13416||https://www.facebook.com/MAWSFarm||||www.MAWSFarm.com||||Mar 27th, 2015
NY||John F Sferruzza|on-farm market|onfarmmarket|1000||701167|default-onfarmmarket-4-3.jpg|Rocks and Roots Farm LLC|151 Hadsell rd, Warnerville , New York 12187|Warnerville|New York|151 Hadsell rd|-74.511437|42.643584|12187||||||||||Nov 10th, 2014
NY||Damin Farm|on-farm market|onfarmmarket|1000||701171|default-onfarmmarket-4-3.jpg|Damin Farm|8083 State Hwy 5, St. Johnsville, New York 13452|St. Johnsville|New York|8083 State Hwy 5|-74.725050|43.004559|13452||||||||||Nov 19th, 2014
NY||Talitha Thurau|on-farm market|onfarmmarket|1000||701163|default-onfarmmarket-4-3.jpg|Edgwick Farm|348 Angola Road, Cornwall, New York 12518|Cornwall|New York|348 Angola Road|-74.054181|41.414519|12518|http://edgwickfarm.wordpress.com/|https://www.facebook.com/edgwickfarm||||||||Nov 6th, 2014
NY||Charles C. Rowe|on-farm market|onfarmmarket|1000||701349|default-onfarmmarket-4-3.jpg|C. Rowe & Sons|113 Station Road, Campbell Hall, New York 10916|Campbell Hall|New York|113 Station Road|-74.213920|41.4695350|10916||||||||||Oct 21st, 2016
NY||Mike Martino|on-farm market|onfarmmarket|1000||701152|default-onfarmmarket-4-3.jpg|Honey Hill Orchard & Apiaries|1250 Kinderhook Rd , Chittenango, New York 13037|Chittenango|New York|1250 Kinderhook Rd|-75.913081|43.064624|13037||Honey Hill Orchard & Apiary||||||||Oct 23rd, 2014
NY||Dale & Deb Windecker|on-farm market|onfarmmarket|1000||701070|default-onfarmmarket-4-3.jpg|Windecker's Grassy Knoll Beef|656 Minots Corner Rd, Frankfort, New York 13340|Frankfort|New York|656 Minots Corner Rd|-75.048407|43.102139|13340||||||www.windeckerfarm.com||||Sep 14th, 2014
NY||Greg Kalicin|on-farm market|onfarmmarket|1000||700343|default-onfarmmarket-4-3.jpg|Harmony Farm Apiary|273 Randall Road, Waddington, New York 13658|Waddington|New York|273 Randall Road|-75.238035|44.803357|13658||||||http://www.harmonyfarm.net||||Sep 17th, 2014
NY||Julie Liebmann|on-farm market|onfarmmarket|1000||700570|default-onfarmmarket-4-3.jpg|Rocking Horse Farm|3736 Apulia Road, Jamesville, New York 13078|Jamesville|New York|3736 Apulia Road|-76.068845|42.952424|13078||Rocking Horse Farm||||www.rockinghorsefarmcny.com||||Sep 17th, 2014
NY||Jonathan Schell|on-farm market|onfarmmarket|1000||701082|default-onfarmmarket-4-3.jpg|Mill Creek Farm|19830 Eddy Road, Carthage, New York 13619|Carthage|New York|19830 Eddy Road|-75.740696|43.954667|13619||||||||||Sep 17th, 2014
NY||Dana Wagner|on-farm market|onfarmmarket|1000||701083|default-onfarmmarket-4-3.jpg|Hawthorne Valley Farm Store|327 County Route 21C, Ghent, New York 12075|Ghent|New York|327 County Route 21C|-73.594747|42.2706611|12075||Hawthorne Valley Farm Store||||http://hawthornevalleyfarm.org/where-to-buy/farm-store/||||Sep 17th, 2014
NY||Mimi & Richard Beaven|on-farm market|onfarmmarket|1000||701084|default-onfarmmarket-4-3.jpg|Made in Ghent|Little Ghent Farm, 282 Snyder Road, Ghent, New York 12075|Ghent|New York|Little Ghent Farm, 282 Snyder Road|-73.643255|42.330964|12075||Made in Ghent|||https://www.twitter.com/madeinghent|www.madeinghent.com||||Sep 17th, 2014
NY||Elizabeth Ann Blackburn|on-farm market|onfarmmarket|1000||701104|default-onfarmmarket-4-3.jpg|Dizzy Lizzie's Farm|3823 Sanderson Road, Erieville, New York 13061|Erieville|New York|3823 Sanderson Road|-75.744191|42.839187|13061||https://www.facebook.com/dizzylizziesfarm?ref=hl||||www.dizzylizziesfarm@gmail.com||||Sep 28th, 2014
NY||Sarah and Ed Brennan|on-farm market|onfarmmarket|1000||700125|default-onfarmmarket-4-3.jpg|Hidden Nest Farm|, Fort Edward, New York 12828|Fort Edward|New York||-73.519735|43.281767|12828||https://www.facebook.com/hiddennestfarm||||https://www.hiddennestfarm.com||||Sep 30th, 2014
NY||Darcy Hutzenlaub|on-farm market|onfarmmarket|1000||700358|default-onfarmmarket-4-3.jpg|Food Pantry Farm, Inc. @ the EECO Farm Stand|55 Long Lane (EECO Farm Stand), East Hampton, New York 11937|East Hampton|New York|55 Long Lane (EECO Farm Stand)|-72.207546|40.970660|11937||www.facebook.com/FoodPantryFarm||||www.foodpantryfarm.org||||Sep 30th, 2014
NY||kimberly Cook|on-farm market|onfarmmarket|1000||701107|default-onfarmmarket-4-3.jpg|Cook's Maple Products|247 County Road 20, Sherburne, New York 13460|Sherburne|New York|247 County Road 20|-75.546679|42.648135|13460||http://www.facebook.com/cooksmaple|||http://www.twitter.com/cooksmaple|http://www.cooksmaple.com||||Sep 30th, 2014
NY||Eric Eschbach|on-farm market|onfarmmarket|1000||701111|default-onfarmmarket-4-3.jpg|Cedar Hill Farm|176 Leedsville Rd, Amenia, New York 12501|Amenia|New York|176 Leedsville Rd|-73.511234|41.8325419|12501||||||||||Sep 30th, 2014
NY||Larry Herr|on-farm market|onfarmmarket|1000||701027|default-onfarmmarket-4-3.jpg|Herrdale Acres Grassfed Beef|7161 West Rd, Lowville, New York 13367|Lowville|New York|7161 West Rd|-75.521475|43.7639003|13367||herrdale acres||||www.herrdaleacres.com||||Sep 5th, 2014
NC||Dan Servideo|on-farm market|onfarmmarket|1000||700659|default-onfarmmarket-4-3.jpg|Green River Farm Millspring|10103 Highway 108 E, Mill Spring, North Carolina 28756|Mill Spring|North Carolina|10103 Highway 108 E|-82.075981|35.325402|28756||||||||||Apr 25th, 2015
NC||Mayghan Watson|on-farm market|onfarmmarket|1000||701520|default-onfarmmarket-4-3.jpg|The Farm Dobson|769 Bray Ford Rd, Dobson , North Carolina 27017|Dobson|North Carolina|769 Bray Ford Rd|-80.666138|36.334153|27017||www.facebook.com/thefarmdobson||||www.letsgotothefarm.com||||Apr 25th, 2020
NC||Pat Roberts Mike Todd|on-farm market|onfarmmarket|1000||700398|default-onfarmmarket-4-3.jpg|BirdBrain Ostrich Ranch Inc.|6691 Little Mountain Road, Sherrills Ford, North Carolina 28673|Sherrills Ford|North Carolina|6691 Little Mountain Road|-81.030019|35.595735|28673||||||www.birdbrainranch.com||||Aug 11th, 2014
NC||Max Lloyd|on-farm market|onfarmmarket|1000||700320|default-onfarmmarket-4-3.jpg|Grove Winery|7360 Brooks Bridge Rd, Gibsonville, North Carolina 27249|Gibsonville|North Carolina|7360 Brooks Bridge Rd|-79.554995|36.218335|27249||https://www.facebook.com/pages/Grove-Winery-Vineyards/54085131096|||https://www.twitter.com/GroveWinery|GroveWinery.com||||Aug 13th, 2014
NC||Larry Huffman|on-farm market|onfarmmarket|1000||700855|default-onfarmmarket-4-3.jpg|Devil Dog Orchard|771 Hwy 150, Reidsville,, North Carolina 27320|Reidsville,|North Carolina|771 Hwy 150|-79.603397|36.260555|27320||||||||||Aug 20th, 2014
NC||Ron Foust|on-farm market|onfarmmarket|1000||700890|default-onfarmmarket-4-3.jpg|Foust Family Farms|3625 Old Julian Rd, Whitsett, North Carolina 27377|Whitsett|North Carolina|3625 Old Julian Rd|-79.624879|36.000752|27377||||||www.FoustFamilyFarms.com||||Aug 22nd, 2014
NC||Berry Busy Farm LLC|on-farm market|onfarmmarket|1000||700897|default-onfarmmarket-4-3.jpg|Berry Busy Farm LLC|8796 Cottonville Road, Norwood, North Carolina 28128|Norwood|North Carolina|8796 Cottonville Road|-80.180363|35.2200460|28128||||||||||Aug 23rd, 2014
NC||Nancy Herndon|on-farm market|onfarmmarket|1000||700260|default-onfarmmarket-4-3.jpg|Herndon Hills Farm|7110 Massey Chapel Road (Barbee Road), Durham, North Carolina 27713|Durham|North Carolina|7110 Massey Chapel Road (Barbee Road)|-78.932214|35.900638|27713||https://www.facebook.com/HerndonHillsFarm||||||||Aug 24th, 2015
NC||James Matthews|on-farm market|onfarmmarket|1000||700937|default-onfarmmarket-4-3.jpg|Happy Acres Farm|210 Wright Rd., Roanoke Rapids, North Carolina 27870|Roanoke Rapids|North Carolina|210 Wright Rd.|-77.775615|36.393834|27870||https://www.facebook.com/pages/Happy-Acres-Farm/227602303939750||||http://www.happyacresfarm.net||||Aug 25th, 2014
NC||Roscoe Poe|on-farm market|onfarmmarket|1000||700591|default-onfarmmarket-4-3.jpg|Cedar View Farm|7466 Richland Church Road, Liberty, North Carolina 27298|Liberty|North Carolina|7466 Richland Church Road|-79.550016|35.897453|27298||||||7466 Richland Ch. RD.||||Aug 26th, 2014
NC||Dorothy Adkins|on-farm market|onfarmmarket|1000||700946|default-onfarmmarket-4-3.jpg|Twin Oaks Heritage Farm, LLC|193 Old US 421 Hwy S , Dunn, North Carolina 28334|Dunn|North Carolina|193 Old US 421 Hwy S|-78.562895|35.255078|28334||https://www.facebook.com/graysonspremiumpork/timeline||||www.graysonspremiumpork.com||||Aug 26th, 2014
NC||Ken & Michelle Parker|on-farm market|onfarmmarket|1000||700951|default-onfarmmarket-4-3.jpg|Parker Farm|230 Goshen Rd, Pollocksville, North Carolina 28573|Pollocksville|North Carolina|230 Goshen Rd|-77.237373|35.0129475|28573||Parkerfarm1@hotmail.com||||||||Aug 26th, 2014
NC||Kent Lowder|on-farm market|onfarmmarket|1000||700970|default-onfarmmarket-4-3.jpg|Muddy Boots Farms|20750 NC 73 Hwy, Albemarle , North Carolina 28001|Albemarle|North Carolina|20750 NC 73 Hwy|-80.318464|35.3816927|28001||||||www.muddybootsfarms.com||||Aug 28th, 2014
NC||Darlene Wood|on-farm market|onfarmmarket|1000||700981|default-onfarmmarket-4-3.jpg|Wood Family Farm|3198 Hannah Creek Road, Benson, North Carolina 27504|Benson|North Carolina|3198 Hannah Creek Road|-78.493436|35.3596940|27504||||||www.woodfamilyfarmnc.com||||Aug 29th, 2014
NC||Darla Fowler|on-farm market|onfarmmarket|1000||700503|default-onfarmmarket-4-3.jpg|Fowler Farms Fresh Produce|669 Wright Road, Tabor City, North Carolina 28463|Tabor City|North Carolina|669 Wright Road|-78.808493|34.0945770|28463||||||||||Aug 2nd, 2014
NC||Larry Chavis|on-farm market|onfarmmarket|1000||700808|default-onfarmmarket-4-3.jpg|Hawkeye Farms|, Red Springs , North Carolina|Red Springs|North Carolina||-79.206190|34.895259|||https://www.facebook.com/HawkeyeIndianCulturalCenterRedSpringsNC||||http://hawkeyeindianculturalcenter.com||||Aug 5th, 2014
NC||Elizabeth Lee|on-farm market|onfarmmarket|1000||701502|default-onfarmmarket-4-3.jpg|Flag Branch Farm|, Monroe, North Carolina|Monroe|North Carolina||-80.550290|34.988821|||||||||||Feb 7th, 2020
NC||April|on-farm market|onfarmmarket|1000||701627|default-onfarmmarket-4-3.jpg|Farm to Vittles|, Delco, North Carolina|Delco|North Carolina||-78.255756|34.274121|||||||https://farmtovittles.square.site/||||Jan 13th, 2022
NC||Kathy Bennek|on-farm market|onfarmmarket|1000||700741|default-onfarmmarket-4-3.jpg|Creekside Farm|300 Pine Tree Road, Selma, North Carolina 27576|Selma|North Carolina|300 Pine Tree Road|-78.299179|35.6856420|27576||Creekside Farm||||www.creeksidefarmberries.com||||Jan 3rd, 2015
NC||Arthur Duckworth|on-farm market|onfarmmarket|1000||700411|default-onfarmmarket-4-3.jpg|Apple Orchard Farm|640 Mariposa Road, Stanley, North Carolina 28164|Stanley|North Carolina|640 Mariposa Road|-81.088517|35.3848569|28164||||||appleorchardfarmnc.com||||Jul 26th, 2014
NC||John H Snowden, III|on-farm market|onfarmmarket|1000||700742|default-onfarmmarket-4-3.jpg|Coinjock Creek Farms|194 Maple Road, Maple, North Carolina 27956|Maple|North Carolina|194 Maple Road|-76.011026|36.411586|27956||www.facebook.com/coinjockcreek|||www.twitter.com/coinjockcreek|www.coinjockcreek.com/||||Jul 26th, 2014
NC||Andy McLawhorn|on-farm market|onfarmmarket|1000||700415|default-onfarmmarket-4-3.jpg|Renston Garden Market|4024 Highway 903 South, Winterville, North Carolina 28590|Winterville|North Carolina|4024 Highway 903 South|-77.460700|35.507746|28590||||||renstongardenmarket.com||||Jul 27th, 2014
NC||Steve French|on-farm market|onfarmmarket|1000||700553|default-onfarmmarket-4-3.jpg|Summerberry Farm|3430 Rimer Road, Concord, North Carolina 28025|Concord|North Carolina|3430 Rimer Road|-80.486933|35.462955|28025||||||||||Jul 27th, 2014
NC||Denise Cole|on-farm market|onfarmmarket|1000||700580|default-onfarmmarket-4-3.jpg|Sunrise Farms|5521 Rl Lewis Lane, Bolivia, North Carolina 28422|Bolivia|North Carolina|5521 Rl Lewis Lane|-78.087888|34.0702920|28422||||||||||Jul 27th, 2014
NC||Margo Justus|on-farm market|onfarmmarket|1000||700638|default-onfarmmarket-4-3.jpg|Justus Orchard|187 Garren Road, Hendersonville, North Carolina 28792|Hendersonville|North Carolina|187 Garren Road|-82.380306|35.397792|28792||https://www.facebook.com/pages/Justus-Orchard/119052544801944||||www.justusorchard.com||||Jul 27th, 2014
NC|||on-farm market|onfarmmarket|1000||700723|default-onfarmmarket-4-3.jpg|Southside Farms|320 Harding Lane, Chocowinity, North Carolina 27817|Chocowinity|North Carolina|320 Harding Lane|-77.101552|35.461994|27817||https://www.facebook.com/pages/Southside-Farms/138931649490630||||www.southsidefarms.com||||Jul 27th, 2014
NC||Rick Langhorne|on-farm market|onfarmmarket|1000||700082|default-onfarmmarket-4-3.jpg|Blueberry Thrill Farm|6938 Eaglesfield Rd, Gibconville, North Carolina 27249|Gibconville|North Carolina|6938 Eaglesfield Rd|-79.578009|36.140093|27249||https://www.facebook.com/pages/Blueberry-Thrill-Farm/553052434714755||||www.blueberrythrillfarm.com||||Jul 28th, 2014
NC||William Yost|on-farm market|onfarmmarket|1000||700565|default-onfarmmarket-4-3.jpg|Cauble Creek Vineyard|700 Cauble Farm Road, Salisbury, North Carolina 28147|Salisbury|North Carolina|700 Cauble Farm Road|-80.574481|35.663271|28147||||||www.caublecreekvineyard.com||||Jul 28th, 2014
NC||Della Williams|on-farm market|onfarmmarket|1000||700034|default-onfarmmarket-4-3.jpg|SleepyGoat Cheese LLC|7215 Allison Road, Pelham, North Carolina 27311|Pelham|North Carolina|7215 Allison Road|-79.410770|36.4586870|27311||https://www.facebook.com/SleepyGoatFarm||||www.sleepygoatfarm.com||||Jul 29th, 2014
NC||Lindsey Cobb|on-farm market|onfarmmarket|1000||700122|default-onfarmmarket-4-3.jpg|In Theory Farm|, Angier, North Carolina 27501|Angier|North Carolina||-78.716179|35.512589|27501||https://www.facebook.com/intheoryfarm||||http://www.intheoryfarm.com/||||Jul 30th, 2014
NC||Bernice H. Kenan|on-farm market|onfarmmarket|1000||700697|default-onfarmmarket-4-3.jpg|Bernies Berries and Produce|6126 Jonquil Drive, Greensboro, North Carolina 27407|Greensboro|North Carolina|6126 Jonquil Drive|-79.880202|35.958562|27407||https://www.facebook.com/pages/Bernies-Berries/102612806495165||||Bernies Berries. com||||Jul 30th, 2014
NC|||on-farm market|onfarmmarket|1000||700702|default-onfarmmarket-4-3.jpg|Johnny Wilson Farm LLC|2547 Dry Ponds Rd, Granite Falls, North Carolina 28630|Granite Falls|North Carolina|2547 Dry Ponds Rd|-81.493406|35.799054|28630||https://www.facebook.com/pages/Johnny-Wilson-farm/205491109522790||||johnnywilsonfarm.com||||Jul 30th, 2014
NC||Douglas Prevette|on-farm market|onfarmmarket|1000||700799|default-onfarmmarket-4-3.jpg|Prevette Family Farm|236 Williamsburg Road, Olin , North Carolina 28660|Olin|North Carolina|236 Williamsburg Road|-80.821754|35.978319|28660||https://www.facebook.com/pages/Prevette-Family-Farm/530975036935098||||prevettefamilyfarm.com||||Jul 31st, 2014
NC||Darin Knapp|on-farm market|onfarmmarket|1000||701415|default-onfarmmarket-4-3.jpg|RambleRill Farm|913 Arthur Minnis Road, Hillsborough, North Carolina 27278|Hillsborough|North Carolina|913 Arthur Minnis Road|-79.125907|35.997654|27278||https://www.facebook.com/RambleRill/||||www.ramblerillfarm.com||||Jun 20th, 2017
NC||M.G. Shelton|on-farm market|onfarmmarket|1000||701218|default-onfarmmarket-4-3.jpg|Shelton Herb Farm|340 Goodman Rd, Leland , North Carolina 28451|Leland|North Carolina|340 Goodman Rd|-78.081005|34.2007270|28451||https://www.facebook.com/pages/Shelton-Herb-Farm/279357342893?ref=br_rs&pnref=lhc||||www.SheltonHerbFarmNC.com||||Mar 1st, 2015
NC|||on-farm market|onfarmmarket|1000||701510|default-onfarmmarket-4-3.jpg|Johnson Family Produce and General Store|407 US Hwy 15 501, Carthage, North Carolina 28327|Carthage|North Carolina|407 US Hwy 15 501|-79.288952|35.377614|28327||https://www.facebook.com/johnsonfamilyproduceandgeneralstore||||johnsonfamilyproduce.com||||Mar 21st, 2020
NC||Ron Taylor|on-farm market|onfarmmarket|1000||700275|default-onfarmmarket-4-3.jpg|Lu Mil Vineyard|438 Suggs-Taylor Road, Elizabethtown, North Carolina 28337|Elizabethtown|North Carolina|438 Suggs-Taylor Road|-78.713877|34.668223|28337||||||||||Mar 24th, 2015
NC||Quincy Adams|on-farm market|onfarmmarket|1000||700672|default-onfarmmarket-4-3.jpg|Adams Vineyards|3390 John Adams Road, Willow Spring, North Carolina 27592|Willow Spring|North Carolina|3390 John Adams Road|-78.676316|35.583117|27592||https://www.facebook.com/pages/Adams-Vineyard-And-Winery/157209567677328||||marketing@adamsvineyards.com||||Mar 25th, 2015
NC||Becky Dobosy|on-farm market|onfarmmarket|1000||700824|default-onfarmmarket-4-3.jpg|Inter-Faith Food Shuttle Tryon Road Farm Stand|4505 Tryon Road, Raleigh, North Carolina 27606|Raleigh|North Carolina|4505 Tryon Road|-78.715832|35.748489|27606|http://foodshuttle.org/whats-growing/|https://www.facebook.com/InterFaithFoodShuttle|||https://twitter.com/FoodShuttle|http://foodshuttle.org/||||Mar 25th, 2015
NC||Robin Blakley|on-farm market|onfarmmarket|1000||700166|default-onfarmmarket-4-3.jpg|Buffalo Creek Farm and Creamery, LLC|3241 Buffalo Creek Farm Road, Germanton, North Carolina 27019|Germanton|North Carolina|3241 Buffalo Creek Farm Road|-80.237223|36.256532|27019|http://buffalocreekfarmnc.blogspot.com/|https://www.facebook.com/BuffaloCreekFarmAndCreameryLLC|||https://twitter.com/bcfarmcreamery|http://www.buffalocreekfarmandcreamery.com||||Mar 30th, 2022
NC||Ronda Tucker|on-farm market|onfarmmarket|1000||701168|default-onfarmmarket-4-3.jpg|Tucker's Farm and Nursery|3349 US Hwy 220, Madison, North Carolina 27025|Madison|North Carolina|3349 US Hwy 220|-79.942518|36.338661|27025||||||www.tuckersfarmnc.com||||Nov 10th, 2014
NC||Dennis Martin|on-farm market|onfarmmarket|1000||701304|default-onfarmmarket-4-3.jpg|Martins' Charolais Farm|4408 Fallston Rd, Shelby , North Carolina 28150|Shelby|North Carolina|4408 Fallston Rd|-81.498988|35.420490|28150||Martins\' Charolais Farm||||||||Nov 15th, 2015
NC||Mary and Frank Welker|on-farm market|onfarmmarket|1000||701166|default-onfarmmarket-4-3.jpg|Barn Door Nursery and Produce|6709 Liberty Road, Julian, North Carolina 27283|Julian|North Carolina|6709 Liberty Road|-79.652699|35.9050400|27283||Barn Door Nursery and Produce||||||||Nov 8th, 2014
NC||Steve Smith|on-farm market|onfarmmarket|1000||700527|default-onfarmmarket-4-3.jpg|Buttermilk Creek Farm|1905 Gwyn Road, Burlington, North Carolina 27217|Burlington|North Carolina|1905 Gwyn Road|-79.461680|36.2079770|27217||https://www.facebook.com/pages/Buttermilk-Creek-Farm/116714891672770||||www.buttermilkcreek.net||||Oct 20th, 2014
NC||Esta and Murray Cohen|on-farm market|onfarmmarket|1000||701149|default-onfarmmarket-4-3.jpg|Cohen Farm|688 Van Thomas Rd, Pittsboro, North Carolina 27312|Pittsboro|North Carolina|688 Van Thomas Rd|-79.327858|35.826227|27312||Cohen Farm||||www.cohenfarm.com||||Oct 22nd, 2014
NC||Sandra or Ron Scally|on-farm market|onfarmmarket|1000||701151|default-onfarmmarket-4-3.jpg|Scallys Natural Beef|12720 Rocky River Church Road, Charlotte , North Carolina 28215|Charlotte|North Carolina|12720 Rocky River Church Road|-80.629710|35.241105|28215||||||scallysnaturalbeef.com||||Oct 22nd, 2014
NC||Karen C Frye|on-farm market|onfarmmarket|1000||701125|default-onfarmmarket-4-3.jpg|Karefree Produce|4680 US HWY 15-501, Carthage , North Carolina 28327|Carthage|North Carolina|4680 US HWY 15-501|-79.411775|35.3219800|28327||https://www.facebook.com/pages/Karefree-Produce||||www.karefreeproduce.com||||Oct 6th, 2014
NC||Ronnie Fish|on-farm market|onfarmmarket|1000||701077|default-onfarmmarket-4-3.jpg|Ronnie's Berry Farm|18409 nc 210 hwy, 27501Angier , North Carolina|27501Angier|North Carolina|18409 nc 210 hwy|-78.365685|35.5175965|||ronnie\'s berry farm||||ronniesberryfarm.com||||Sep 18th, 2014
NC||Henry Helms|on-farm market|onfarmmarket|1000||700757|default-onfarmmarket-4-3.jpg|Helms Christmas Tree Farm|6345 Christmas Tree Ln., Vale, North Carolina 28168|Vale|North Carolina|6345 Christmas Tree Ln.|-81.417835|35.514165|28168||||||www.HelmsChristmasTreeFarm||||Sep 1st, 2014
NC|||on-farm market|onfarmmarket|1000||700851|default-onfarmmarket-4-3.jpg|Captain John's Lamb LLC|6909 Efland-Cedar Grove Rd, cedar Grove, North Carolina|cedar Grove|North Carolina|6909 Efland-Cedar Grove Rd|-79.165742|36.1987310|||https://www.facebook.com/CaptainJohnSPopesFarm||||http://www.dorperscedargrovenc.com/||||Sep 23rd, 2014
NC||John Strickland|on-farm market|onfarmmarket|1000||701099|default-onfarmmarket-4-3.jpg|Busy Bee Farm|1092 Dewitt Smith Rd., Pittsboro , North Carolina 27312|Pittsboro|North Carolina|1092 Dewitt Smith Rd.|-79.276152|35.654036|27312||BUSY BEE FARM Pittsboro nc||||chathamcountybeeman@yahoo.com||||Sep 25th, 2014
NC||Rebecca Davis|on-farm market|onfarmmarket|1000||701298|default-onfarmmarket-4-3.jpg|Davis Boxwood & Daylily Nursery|136 Sunset Ridge Trail, Lowgap , North Carolina 27024|Lowgap|North Carolina|136 Sunset Ridge Trail|-80.874308|36.525269|27024||https://www.facebook.com/Davis-Boxwood-Daylily-Nursery||||http://davisdaylilynursery.com||||Sep 27th, 2015
NC||Linda Friday|on-farm market|onfarmmarket|1000||701558|default-onfarmmarket-4-3.jpg|Walnut Hollow farms|1121 Philadelphia Church rd, Dallas , North Carolina 28034|Dallas|North Carolina|1121 Philadelphia Church rd|-81.183183|35.317935|28034||Walnut Hollow Farms||||||||Sep 27th, 2020
NC||Adam Jeter|on-farm market|onfarmmarket|1000||701616|default-onfarmmarket-4-3.jpg|Spartan Tusk and Feather Livestock|250 McCormick Rd, Shannon, North Carolina 28386|Shannon|North Carolina|250 McCormick Rd|-79.191254|34.921006|28386||https://www.facebook.com/SpartanTuskandFeatherLivestock/||||||||Sep 28th, 2021
NC||Amy Foster|on-farm market|onfarmmarket|1000||701109|default-onfarmmarket-4-3.jpg|Gilcrest Natural Far|1164 Lowes Lane, Iron Station, North Carolina 28080|Iron Station|North Carolina|1164 Lowes Lane|-81.066740|35.4384950|28080||Gilcrest Natural Farm||||www.gilcrestnc.com||||Sep 30th, 2014
NC||Leslie Lancaster|on-farm market|onfarmmarket|1000||701028|default-onfarmmarket-4-3.jpg|Grandads apples|2951 chimney rock rd, Hendersonville, North Carolina 28792|Hendersonville|North Carolina|2951 chimney rock rd|-82.412239|35.3648170|28792||||||Www.grandadsapples.com||||Sep 6th, 2014
NC||Susan Proctor|on-farm market|onfarmmarket|1000||700238|default-onfarmmarket-4-3.jpg|Windy Wool Windings|5247 Plateau Road, Vale, North Carolina 28168|Vale|North Carolina|5247 Plateau Road|-81.376786|35.5735979|28168||Windy Wool Windings||||saintsandstars.powweb.com||||Sep 9th, 2014
ND||Jeff Hawkins|on-farm market|onfarmmarket|1000||700714|onfarmmarket_700714_13321_20220412110604.png|J.L. Hawkins Family Farm L.P.|10373 N 300 E, North Manchester, Indiana 46962|North Manchester|Indiana|10373 N 300 E|-85.738850|40.977922|46962||https://www.facebook.com/hawkinsfamilyfarm|||https://www.twitter.com/hawkinsfarm|www.hawkinsfamilyfarm.com||||Apr 12th, 2022
ND|Open: March to November<br>Available Products: Fresh vegetables;Bedding plants;Eggs;Fresh/dried herbs;Poultry/fowl meat and products;|Anita C Kruer|on-farm market|onfarmmarket|1000||701427|default-onfarmmarket-4-3.jpg|Kruer Family Farm Poultry & Fowl|6403 Loi Road, Floyds Knobs, Indiana 47119|Floyds Knobs|Indiana|6403 Loi Road|-85.874050|38.366417|47119||Kruer Family Farm Poultry & Fowl||||||||Apr 29th, 2022
ND||Randy Radke|on-farm market|onfarmmarket|1000||700728|default-onfarmmarket-4-3.jpg|Radke Orchards|8999 W. 200 N., Michigan City, Indiana 46360|Michigan City|Indiana|8999 W. 200 N.|-86.873420|41.6369600|46360||||||www.radkeorchards.com||||Apr 3rd, 2015
ND||Susan Welsand|on-farm market|onfarmmarket|1000||700023|default-onfarmmarket-4-3.jpg|The Chile Woman|1704 S. Weimer Rd., Bloomington, Indiana 47403|Bloomington|Indiana|1704 S. Weimer Rd.|-86.565445|39.1471130|47403||https://www.facebook.com/TheChileWoman|||https://www.twitter.com/TheChileWoman|www.thechilewoman.com||||Aug 13th, 2014
ND||Tracy Hunter|on-farm market|onfarmmarket|1000||701541|default-onfarmmarket-4-3.jpg|Hunter's Honey Farm|6501 W Honey Ln, Martinsville, Indiana 46151|Martinsville|Indiana|6501 W Honey Ln|-86.552612|39.487286|46151||Hunter\'s Honey Farm|||Hunter\'s Honey Farm|HuntersHoneyFarm.com||||Aug 1st, 2020
ND||Rich Barker|on-farm market|onfarmmarket|1000||701542|default-onfarmmarket-4-3.jpg|Magnanimous Farms|6655 N 550 E, Lebanon, Indiana 46052|Lebanon|Indiana|6655 N 550 E|-86.365920|40.135876|46052||https://www.facebook.com/magnanimousfarms/||||https://www.magnanimousfarms.com/||||Aug 1st, 2020
ND|||on-farm market|onfarmmarket|1000||700856|default-onfarmmarket-4-3.jpg|Pounds Farms|7000 N Stuthard Street, Terre haute, Indiana 47805|Terre haute|Indiana|7000 N Stuthard Street|-87.266893|39.5511985|47805||||||||||Aug 20th, 2014
ND||Tristand Tucker|on-farm market|onfarmmarket|1000||700861|default-onfarmmarket-4-3.jpg|Tucker Farms Produce|, Clay City, Indiana 47841|Clay City|Indiana||-87.110518|39.304845|47841||||||||||Aug 21st, 2014
ND||Advanced Tree Technology|on-farm market|onfarmmarket|1000||700883|default-onfarmmarket-4-3.jpg|Bruick Brothers Produce INC|12818 Edgerton Road, New Haven, Indiana 46774|New Haven|Indiana|12818 Edgerton Road|-84.975583|41.0761020|46774||https://www.facebook.com/AdvancedTreeTechnology||||www.advancedtree.com||||Aug 22nd, 2014
ND||Clifford Feed & Straight From the Farm Market|on-farm market|onfarmmarket|1000||700888|default-onfarmmarket-4-3.jpg|Clifford Feed & Straight From the Farm Market|10128 E CR 650 S, Cloverdale, Indiana 46120|Cloverdale|Indiana|10128 E CR 650 S|-86.667138|39.5658168|46120||www.facebook.com/Cliffordfeed||||||||Aug 22nd, 2014
ND||Brad armand|on-farm market|onfarmmarket|1000||700896|default-onfarmmarket-4-3.jpg|Armand Family Farms|9240 n co rd 30 w, North vernon , Indiana 47265|North vernon|Indiana|9240 n co rd 30 w|-85.619821|39.120663|47265||||||||||Aug 23rd, 2014
ND||Gene Stuckey|on-farm market|onfarmmarket|1000||700917|default-onfarmmarket-4-3.jpg|Garden of Good|206 N 46 W Hamilton Co, Sheridan, Indiana 46069|Sheridan|Indiana|206 N 46 W Hamilton Co|-86.240938|40.083722|46069||||||||||Aug 24th, 2014
ND||James Baumgart|on-farm market|onfarmmarket|1000||700710|default-onfarmmarket-4-3.jpg|Deere Farms Corn Maze and Pumpkin Patch|1565 Saint Johns Church Road NE, Lanesville, Indiana 47136|Lanesville|Indiana|1565 Saint Johns Church Road NE|-85.969409|38.2233474|47136||https://www.facebook.com/DeereFarmsCornMaze||||www.deerefarms.com||||Aug 26th, 2014
ND||Brad Abrassart|on-farm market|onfarmmarket|1000||700655|default-onfarmmarket-4-3.jpg|Brads Berry and Peach|6066 South State Road 61, Monroe City, Indiana 47557|Monroe City|Indiana|6066 South State Road 61|-87.333960|38.5897750|47557||||||||||Aug 2nd, 2014
ND||Nature\'s Gift|on-farm market|onfarmmarket|1000||701543|default-onfarmmarket-4-3.jpg|Nature's Gift|6601 West 500 South, Morgantown, Indiana 46160|Morgantown|Indiana|6601 West 500 South|-86.226373|39.400957|46160||Nature\'s Gift Organics||||www.NaturesGiftIndianaGrown.com||||Aug 3rd, 2020
ND||Cliff Kindy and Arlene Kindy|on-farm market|onfarmmarket|1000||700816|default-onfarmmarket-4-3.jpg|Kindys' Organically Grown Produce|4874 E 1400 N, North Manchester, Indiana 46962|North Manchester|Indiana|4874 E 1400 N|-85.705937|41.031582|46962||||||||||Aug 6th, 2014
ND||Courtney Kuns|on-farm market|onfarmmarket|1000||701548|default-onfarmmarket-4-3.jpg|Prime Valley Farms LLC|3271 E 500 S, Cutler, Indiana 46920|Cutler|Indiana|3271 E 500 S|-86.465291|40.477947|46920||||||www.primevalleyfarms.com||||Aug 7th, 2020
ND||Stan & Martha Steckler|on-farm market|onfarmmarket|1000||701496|default-onfarmmarket-4-3.jpg|Grass Corp.|15606 Oriole Road, Leopold, Indiana 47551|Leopold|Indiana|15606 Oriole Road|-86.522822|38.165649|47551||https://www.facebook.com/Grasscorp.net/||||https://grasscorp.net/||||Jan 7th, 2020
ND||Juan Carlos Arango|on-farm market|onfarmmarket|1000||701539|default-onfarmmarket-4-3.jpg|Sobremesa Farm Market|4781 N MOUNT GILEAD RD, BLOOMINGTON, Indiana 47408|BLOOMINGTON|Indiana|4781 N MOUNT GILEAD RD|-86.425687|39.222604|47408||facebook.com/sobremesafarm||||www.sobremesafarm.com||||Jul 23rd, 2020
ND||Megan Hutchison|on-farm market|onfarmmarket|1000||700028|default-onfarmmarket-4-3.jpg|Sunny Branch Farm|5285 E. State Rd. 45, Bloomington, Indiana 47408|Bloomington|Indiana|5285 E. State Rd. 45|-86.468346|39.198114|47408||https://www.facebook.com/SunnyBranchFarm|||https://www.twitter.com/sunnybranchfarm|http://www.sunnybranchfarm.com||||Jul 26th, 2014
ND||Aaron Richmond|on-farm market|onfarmmarket|1000||700051|default-onfarmmarket-4-3.jpg|Richmond Acres|10131 S Edison Place, Terre Haute, Indiana 47802|Terre Haute|Indiana|10131 S Edison Place|-87.469610|39.343476|47802||https://www.facebook.com/richmondacres||||www.richmondacres.weebly.com||||Jul 26th, 2014
ND||Dale W Bryant|on-farm market|onfarmmarket|1000||700534|default-onfarmmarket-4-3.jpg|Bryant's Blueberries|6900 Oak Park Road NE, New Salisbury, Indiana 47161|New Salisbury|Indiana|6900 Oak Park Road NE|-86.088252|38.300519|47161||https://www.facebook.com/pages/Bryants-Blueberries/296127074527||||www.bryantsblueberries.com||||Jul 26th, 2014
ND||Mike Bender|on-farm market|onfarmmarket|1000||700670|default-onfarmmarket-4-3.jpg|Maria Louisa Vineyard|88 E. County Road 1000 S. Providence Church Road, Paoli, Indiana 47454|Paoli|Indiana|88 E. County Road 1000 S. Providence Church Road|-86.454737|38.412000|47454||||||||||Jul 26th, 2014
ND||Mark Kamman|on-farm market|onfarmmarket|1000||700317|default-onfarmmarket-4-3.jpg|Kamman's Greenhouses & Farm Market|4683 S. St. Rd. 135, Vallonia, Indiana 47281|Vallonia|Indiana|4683 S. St. Rd. 135|-86.101735|38.810188|47281||https://www.facebook.com/kammansfarmmarket|||https://twitter.com/KammansFarms|www.kammansfarmmarket.com||||Jul 27th, 2014
ND||Mike Long|on-farm market|onfarmmarket|1000||700423|default-onfarmmarket-4-3.jpg|The Berry Patch|8171 W 300 N, Etna Green , Indiana 46524|Etna Green|Indiana|8171 W 300 N|-86.001842|41.2730940|46524||https://www.facebook.com/pages/The-Berry-Patch/260825307322692||||||||Jul 27th, 2014
ND||Kathryn Eckert|on-farm market|onfarmmarket|1000||700439|default-onfarmmarket-4-3.jpg|Phils UPickIt|780N 500W, Huntington, Indiana 46750|Huntington|Indiana|780N 500W|-85.549335|40.839561|46750||||||||||Jul 27th, 2014
ND||Jason McClure|on-farm market|onfarmmarket|1000||700667|default-onfarmmarket-4-3.jpg|McClures Orchard/Winery|5450 North Us 31, Peru, Indiana 46970|Peru|Indiana|5450 North Us 31|-86.131347|40.837522|46970|http://mccluresorchard.blogspot.com/|https://www.facebook.com/mcclures.orchard|||https://twitter.com/mccluresorchard|http://www.mccluresorchard.com/||||Jul 27th, 2014
ND|||on-farm market|onfarmmarket|1000||700514|default-onfarmmarket-4-3.jpg|Clarks Berry Farm|8905 West 350 South, North Vernon, Indiana 47265|North Vernon|Indiana|8905 West 350 South|-85.776069|38.9290890|47265||https://www.facebook.com/clarkberryfarm||||||||Jul 29th, 2014
ND||Maureen Kercher|on-farm market|onfarmmarket|1000||700270|default-onfarmmarket-4-3.jpg|Kercher's Sunrise Orchards|19498 County Road 38, Goshen, Indiana 46526|Goshen|Indiana|19498 County Road 38|-85.838435|41.549790|46526||https://www.facebook.com/pages/Kerchers-Sunrise-Orchards/140862185948471||||||||Jul 30th, 2014
ND||Peter Scherf|on-farm market|onfarmmarket|1000||700363|default-onfarmmarket-4-3.jpg|Scherf Farms Dairy & Creamery|7059 North County Road 600 West, Michigan City, Indiana 46360|Michigan City|Indiana|7059 North County Road 600 West|-86.816333|41.710214|46360||||||www.scherffarms.com||||Jul 30th, 2014
ND||Paul Miller|on-farm market|onfarmmarket|1000||700014|default-onfarmmarket-4-3.jpg|Uncle Paul's Gardens|404 Olive St., Goshen, Indiana 46528|Goshen|Indiana|404 Olive St.|-85.824658|41.591367|46528||https:///www.facebook.com/pages/Uncle-Pauls-Gardens/136825963012535||||||||Jul 31st, 2014
ND||Gary S. Prater|on-farm market|onfarmmarket|1000||701534|default-onfarmmarket-4-3.jpg|Gary's Gardens|6613 w. jacksom, Muncie , Indiana 47304|Muncie|Indiana|6613 w. jacksom|-85.463899|40.205468|47304||||||garystevenprater@gmail.net||||Jul 6th, 2020
ND||Steven Beach|on-farm market|onfarmmarket|1000||701483|default-onfarmmarket-4-3.jpg|Aggressively Fresh Fishers Market|9160 Ford Circle, Fishers, Indiana 46038|Fishers|Indiana|9160 Ford Circle|-86.007339|39.973794|46038||https://www.facebook.com/AggressivelyFresh||||https://aggressivelyfresh.com/||||Jun 10th, 2019
ND||Cheryl Forston|on-farm market|onfarmmarket|1000||701527|default-onfarmmarket-4-3.jpg|Forston Farms LLC|684N County Rd 950W, Richland, Indiana 47634|Richland|Indiana|684N County Rd 950W|-87.235132|37.897433|47634||Forston Farms LLC||||forstonfarm.com||||Jun 11th, 2020
ND||Lorrie Heber|on-farm market|onfarmmarket|1000||701528|default-onfarmmarket-4-3.jpg|Farm Store at White Violet Center|1 Sisters of Providence, St Mary of the Woods, Indiana 47876|St Mary of the Woods|Indiana|1 Sisters of Providence|-87.454521|39.512245|47876||@WhiteVioletCenter|||@wvcecojustice|https://farm-store-at-white-violet-center.mybigcommerce.com/||||Jun 11th, 2020
ND||Russell & Jessica Carter|on-farm market|onfarmmarket|1000||701529|default-onfarmmarket-4-3.jpg|Carter's Honey Farm|6371 COUNTY ROAD 29, AUBURN, Indiana 46706|AUBURN|Indiana|6371 COUNTY ROAD 29|-85.048532|41.301634|46706|https://www.pinterest.com/cartershoneybees/|https://www.facebook.com/cartershoneybees||||www.cartershoneybees.com||||Jun 11th, 2020
ND||Maggie Lump|on-farm market|onfarmmarket|1000||701530|default-onfarmmarket-4-3.jpg|This Here Farm|18707 Clark Rd, Lowell, Indiana 46356|Lowell|Indiana|18707 Clark Rd|-87.390456|41.278842|46356||www.facebook.com/ThisHereFarm||||www.etsy.com/shop/ThisHereFarm||||Jun 11th, 2020
ND||Leo (Bud) Vogt|on-farm market|onfarmmarket|1000||701531|default-onfarmmarket-4-3.jpg|Bud's Farm Market|3501 S Weinbach Ave, Evansville, Indiana 47714|Evansville|Indiana|3501 S Weinbach Ave|-87.531956|37.935357|47714||Facebook.com/budsfarmmarket||||Facebook.com/budsfarmmarket||||Jun 11th, 2020
ND||John H. Matthys|on-farm market|onfarmmarket|1000||701418|default-onfarmmarket-4-3.jpg|Matthys Farm Market|57754 Crumstown Hwy, South Bend, Indiana 46619|South Bend|Indiana|57754 Crumstown Hwy|-86.353321|41.6567535|46619||||||www.matthysfarmmarket.com||||Jun 21st, 2017
ND||Whitney Schlegel|on-farm market|onfarmmarket|1000||701278|default-onfarmmarket-4-3.jpg|Marble Hill Farm|8101 S. Victor Pike, Bloomington, Indiana 47403|Bloomington|Indiana|8101 S. Victor Pike|-86.603126|39.052321|47403||||||||||Jun 27th, 2015
ND||Susan Childs|on-farm market|onfarmmarket|1000||700386|default-onfarmmarket-4-3.jpg|Childs' Farm|14118 Peach Road, Plymouth, Indiana 46563|Plymouth|Indiana|14118 Peach Road|-86.361293|41.2724336|46563||www.facebook.com/pages/Childs-Farm/104283862951552||||www.childsfarm.net||||Mar 23rd, 2015
ND||Perry Kirkham|on-farm market|onfarmmarket|1000||700676|default-onfarmmarket-4-3.jpg|Wea Creek Orchard|5618 South County Road 200 East, Lafayette, Indiana 47909|Lafayette|Indiana|5618 South County Road 200 East|-86.861472|40.336633|47909|http://management595.wix.com/weacreekorchard#!biscuits-blog/c1ha1|https://www.facebook.com/WeaCreekOrchard?ref=hl||||www.weacreekorchard.com||||Mar 23rd, 2015
ND||Norman Hanford|on-farm market|onfarmmarket|1000||700776|default-onfarmmarket-4-3.jpg|Green Acres produce, LLC|5975e 500n, Leesburg, Indiana 46538|Leesburg|Indiana|5975e 500n|-85.729915|41.3068150|46538||||||||||Mar 23rd, 2015
ND||Glenn Haveman|on-farm market|onfarmmarket|1000||700941|default-onfarmmarket-4-3.jpg|Whiteland Orchard|5559 N Graham Rd, Whiteland, Indiana 46184|Whiteland|Indiana|5559 N Graham Rd|-86.057032|39.557765|46184||||||whitelandorchard.com||||Mar 23rd, 2015
ND||Carolyn M Estell|on-farm market|onfarmmarket|1000||701593|default-onfarmmarket-4-3.jpg|Stobo Farm, LLC|8204 E State Rd 46, Bloomington, Indiana 47401|Bloomington|Indiana|8204 E State Rd 46|-86.414401|39.162236|47401||https://www.facebook.com/stobofarm||||stobofarm.com||||Mar 24th, 2021
ND||Christina Jones|on-farm market|onfarmmarket|1000||700077|default-onfarmmarket-4-3.jpg|Jones 5 Star Ranch & Country Store|4879 E ST. RD 58, Bloomfield, Indiana 47424|Bloomfield|Indiana|4879 E ST. RD 58|-86.937506|39.0269903|47424||https://www.facebook.com/pages/Jones-5-Star-Ranch/623618880995653||||||||Mar 26th, 2015
ND||Kathy Stamper|on-farm market|onfarmmarket|1000||700811|default-onfarmmarket-4-3.jpg|Stamper Farms & Gardens|1288 S. County Rd. 600 West, Danville , Indiana 46122|Danville|Indiana|1288 S. County Rd. 600 West|-86.632890|39.7418369|46122||www.facebook.com/StamperFarmsAndGardens||||||||Mar 29th, 2015
ND||Matt Kurtz|on-farm market|onfarmmarket|1000||701392|default-onfarmmarket-4-3.jpg|Kurtz Produce|14212 State Road 37E, New Haven, Indiana 46774|New Haven|Indiana|14212 State Road 37E|-84.960373|41.1697509|46774||https://www.facebook.com/kurtzproduce/||||||||Mar 2nd, 2017
ND||Liz Beiersdorfer|on-farm market|onfarmmarket|1000||700404|default-onfarmmarket-4-3.jpg|Quarter Amish|24611 Van Wedding Road, Sunman, Indiana 47041|Sunman|Indiana|24611 Van Wedding Road|-85.058289|39.2256440|47041|www.quarteramish.com|www.facebook.com/pages/Quarteramish-by-Life-Simple-Pleasure/150748645024012?focus_composer=true&ref_type=bookmark||||||||Mar 30th, 2015
ND||lost forty tree farm|on-farm market|onfarmmarket|1000||701559|default-onfarmmarket-4-3.jpg|lost forty tree farm|4499 north 400 east, Greenfield , Indiana 46140|Greenfield|Indiana|4499 north 400 east|-85.726028|39.856038|46140|none|lostfortytreefarm.com|||none|lostfortytreefarm.com||||Oct 1st, 2020
ND||Jerry Steckler|on-farm market|onfarmmarket|1000||700070|default-onfarmmarket-4-3.jpg|Steckler Grassfed LLC|21477 North CR 600 East, Dale, Indiana 47523|Dale|Indiana|21477 North CR 600 East|-86.939880|38.198899|47523||https://www.facebook.com/pages/Steckler-Grassfed/123392397746374||||www.StecklerGrassfed.com||||Oct 28th, 2014
ND||Twylla Krehl|on-farm market|onfarmmarket|1000||700449|default-onfarmmarket-4-3.jpg|The Blueberry Patch|0540 County Road 5, Corunna, Indiana 46730|Corunna|Indiana|0540 County Road 5|-85.170414|41.510023|46730||||||||||Oct 2nd, 2014
ND||Matt Hountz|on-farm market|onfarmmarket|1000||701124|default-onfarmmarket-4-3.jpg|Fork Right Farm|8495 E CR 900 N, Sunman, Indiana 47041|Sunman|Indiana|8495 E CR 900 N|-85.103989|39.203497|47041|blog.forkrightfarm.com|https://www.facebook.com/ForkRightFarm||||www.forkrightfarm.com||||Oct 3rd, 2014
ND||Eric Horvath|on-farm market|onfarmmarket|1000||701561|default-onfarmmarket-4-3.jpg|Eel River Bison Ranch|7480 W River Road, South Whitley, Indiana 46787|South Whitley|Indiana|7480 W River Road|-85.634680|41.073939|46787||facebook.com*eelriverbison||||www.eelriverbisonranch.com||||Oct 3rd, 2020
ND||Debbie Seib|on-farm market|onfarmmarket|1000||701562|default-onfarmmarket-4-3.jpg|Seib's Hoosier Honey|7784 N Sanctuary Ln, Mooresville, Indiana 46158|Mooresville|Indiana|7784 N Sanctuary Ln|-86.312305|39.541648|46158||https://www.facebook.com/SeibsHoosierHoney/||||https://www.seibshoosierhoney.com||||Oct 6th, 2020
ND||Al Mitchel|on-farm market|onfarmmarket|1000||701056|default-onfarmmarket-4-3.jpg|Amboy Honey Creek Farms|10262 S 800 E, Amboy , Indiana 46911|Amboy|Indiana|10262 S 800 E|-85.920548|40.6195200|46911||||||||||Sep 11th, 2014
ND||Kelly Allen|on-farm market|onfarmmarket|1000||701065|default-onfarmmarket-4-3.jpg|Lazy A Ranch|5165 E US Highway 40, Plainfield , Indiana 46168|Plainfield|Indiana|5165 E US Highway 40|-86.434469|39.691679|46168||||||||||Sep 12th, 2014
ND||Mathew  and Cherish Rock|on-farm market|onfarmmarket|1000||701069|default-onfarmmarket-4-3.jpg|Rock Icelandics|67625 Mulberry Rd, Lakeville, Indiana 46536|Lakeville|Indiana|67625 Mulberry Rd|-86.314816|41.514460|46536||Rock Icelandics and Suffolks||||||||Sep 14th, 2014
ND||Shane Hansen|on-farm market|onfarmmarket|1000||700056|default-onfarmmarket-4-3.jpg|Rainfield Farm|8531 N 650 E, New Carlisle, Indiana 46552|New Carlisle|Indiana|8531 N 650 E|-86.565215|41.732297|46552||https://www.facebook.com/rainfieldfarm||||www.rainfieldfarm.com||||Sep 16th, 2014
ND||Tracy Wilson|on-farm market|onfarmmarket|1000||700181|default-onfarmmarket-4-3.jpg|Aris Farm Alpacas|129 W 1800 S, Clinton, Indiana 47842|Clinton|Indiana|129 W 1800 S|-87.466855|39.621846|47842||https://www.facebook.com/ArisFarmAlpacas||||www.ArisFarmAlpacas.com||||Sep 20th, 2014
OH|||on-farm market|onfarmmarket|1000||701968|default-onfarmmarket-4-3.jpg|Albuna Plant Farm|343 E County Rd 16, Tiffin, OH 44883, USA|Tiffin|Ohio|343 East County Road 16|-83.164248|41.066714|44883||||||||||
OH||Carol Cunkle|on-farm market|onfarmmarket|1000||701329|default-onfarmmarket-4-3.jpg|From The Water's Edge|798 N. Medina Line Road, Granger Township, Ohio 44256|Granger Township|Ohio|798 N. Medina Line Road|-81.713905|41.162239|44256||||||||||Apr 21st, 2016
OH||MELISSA RUPP|on-farm market|onfarmmarket|1000||701479|default-onfarmmarket-4-3.jpg|R Farm of Northwest Ohio, LLC|5561 CR 1950, Stryker, Ohio 43557|Stryker|Ohio|5561 CR 1950|-84.460299|41.493370|43557||facebook.com/rfarmnwo||||www.rfarmnwo.com||||Apr 24th, 2019
OH||Elizabeth Schaefer|on-farm market|onfarmmarket|1000||701446|default-onfarmmarket-4-3.jpg|Schaefers Farm Market|5024 Jacksonburg Road, Trenton, Ohio 45067|Trenton|Ohio|5024 Jacksonburg Road|-84.501404|39.514640|45067||https://www.facebook.com/SchaefersCSA/||||www.schaefersfarmmarket.com||||Apr 2nd, 2018
OH||Randy Thurman|on-farm market|onfarmmarket|1000||700826|default-onfarmmarket-4-3.jpg|Thurmans' Farm Market|22867 Kellogg Road, Grand Rapids, Ohio 43522|Grand Rapids|Ohio|22867 Kellogg Road|-83.842096|41.415294|43522||https://www.facebook.com/pages/Thurmans-Farm-Market/133871850093087||||Thurmansfarmmarket.com||||Aug 10th, 2014
OH||Alex Restaino|on-farm market|onfarmmarket|1000||700184|default-onfarmmarket-4-3.jpg|Amalfi Gardens LLC|82nd & Kinsman rd., Cleveland, Ohio 44104|Cleveland|Ohio|82nd & Kinsman rd.|-81.630177|41.475637|44104||https://www.facebook.com/AmalfiGardens||||||||Aug 12th, 2014
OH||Lori Fry|on-farm market|onfarmmarket|1000||700141|default-onfarmmarket-4-3.jpg|Folsom & Pine Farm|5959 Lambert Road, Orient, Ohio 43146|Orient|Ohio|5959 Lambert Road|-83.162686|39.844156|43146||https://www.facebook.com/folsomandpine|||https://www.twitter.com/FolsomPineFarm|www.folsomandpine.com||||Aug 13th, 2014
OH||Timothy Stein|on-farm market|onfarmmarket|1000||700208|default-onfarmmarket-4-3.jpg|Tim's Turkey's/Stein Farm LLC.|3600 Allard rd., Medina, Ohio 44256|Medina|Ohio|3600 Allard rd.|-81.695708|41.1779940|44256||||||www.timsturkeys.com||||Aug 13th, 2014
OH||Susan Zimmerman|on-farm market|onfarmmarket|1000||700486|default-onfarmmarket-4-3.jpg|Zim's Raspberry Patch|17125 State Route 152, Toronto, Ohio 43964|Toronto|Ohio|17125 State Route 152|-80.657942|40.504650|43964||Susan Gates Zimmerman||||||||Aug 13th, 2014
OH||Phil Carlton|on-farm market|onfarmmarket|1000||700743|default-onfarmmarket-4-3.jpg|Carlton Farm Produce|3486 Pioneer Tr., Mantua, Ohio 44255|Mantua|Ohio|3486 Pioneer Tr.|-81.267049|41.292584|44255||https://www.facebook.com/CarltonFarmProduce|||https://www.twitter.com/carltonfarmprod|www.carltonfarmproduce.com||||Aug 13th, 2014
OH||Julie Garner|on-farm market|onfarmmarket|1000||700777|default-onfarmmarket-4-3.jpg|The Gold Family Farm|4799 Fisher Road, Athens, Ohio 45701|Athens|Ohio|4799 Fisher Road|-82.143053|39.268587|45701||https://www.facebook.com/pages/The-Gold-Family-Farm/210127155664647||||||||Aug 13th, 2014
OH||Paul O\'Neill|on-farm market|onfarmmarket|1000||701424|default-onfarmmarket-4-3.jpg|Weymouth Farms & Orchard, Winery|2398 Weymouth Road, Hinckley, Ohio 44233|Hinckley|Ohio|2398 Weymouth Road|-81.759425|41.211152|44233||https://www.facebook.com/weymouthfarms/||||www.weymouthfarms.com||||Aug 16th, 2017
OH||White House Fruit Farm|on-farm market|onfarmmarket|1000||700848|default-onfarmmarket-4-3.jpg|White House Fruit  Farm|9249 Youngstown Salem Rd, Canfield, Ohio 44406|Canfield|Ohio|9249 Youngstown Salem Rd|-80.806746|40.9841580|44406||https://www.facebook.com/whitehousefruitfarm||||www.whitehousefruitfarm.com||||Aug 19th, 2014
OH||Lawrence Orchards|on-farm market|onfarmmarket|1000||700850|default-onfarmmarket-4-3.jpg|Lawrence Orchards|2634 Smeltzer Rd, Marion, Ohio 43302|Marion|Ohio|2634 Smeltzer Rd|-83.136091|40.537152|43302||https://www.facebook.com/LawrenceOrchards?ref=hl||||www.lawrenceorchards.com||||Aug 20th, 2014
OH||Deborah Mattix|on-farm market|onfarmmarket|1000||700853|default-onfarmmarket-4-3.jpg|BaaLiss Grass Farm|7285 County Road 183, Fredericktown, Ohio 43019|Fredericktown|Ohio|7285 County Road 183|-82.672361|40.432817|43019||www.facebook.com/baalissgrass.farm||||||||Aug 20th, 2014
OH|||on-farm market|onfarmmarket|1000||700857|default-onfarmmarket-4-3.jpg|Hembree Hollow Farm|14811 Wollett Rd., Nelsonville, Ohio 45764|Nelsonville|Ohio|14811 Wollett Rd.|-82.276488|39.423439|45764||||||||||Aug 21st, 2014
OH||Rodney Davidson|on-farm market|onfarmmarket|1000||700858|default-onfarmmarket-4-3.jpg|DAVIDSON PRODUCE & CATTLE FARM LLC|3033 Dayton Rd NE, Newark, Ohio 43055|Newark|Ohio|3033 Dayton Rd NE|-82.355769|40.092689|43055||||||www.davidsonproduceandcattlefarm.com||||Aug 21st, 2014
OH||Marietta Lobdell|on-farm market|onfarmmarket|1000||700868|default-onfarmmarket-4-3.jpg|Lobdell Family Farm|6179 Newton Falls Rd., Ravenna, Ohio 44266|Ravenna|Ohio|6179 Newton Falls Rd.|-81.170132|41.163216|44266||||||||||Aug 21st, 2014
OH||Philip Louden|on-farm market|onfarmmarket|1000||700886|default-onfarmmarket-4-3.jpg|Louden Family Orchard|576 North State Route 560, Urbana, Ohio 43078|Urbana|Ohio|576 North State Route 560|-83.838212|40.119300|43078||||||||||Aug 22nd, 2014
OH||Alfred Coe|on-farm market|onfarmmarket|1000||700910|default-onfarmmarket-4-3.jpg|Brookside Farm|2626 Hussey Rd., Xenia, Ohio 45385|Xenia|Ohio|2626 Hussey Rd.|-83.942201|39.6834|45385||Brookside Farm||||||||Aug 24th, 2014
OH||Michael Messuri|on-farm market|onfarmmarket|1000||700912|default-onfarmmarket-4-3.jpg|Messuri Family Farm LLC|260 Baker Road, Clarksville, Ohio 45113|Clarksville|Ohio|260 Baker Road|-83.940476|39.3764880|45113||https://www.facebook.com/pages/Messuri-Family-Farm/262765327140695?ref=hl|||https://twitter.com/MessuriFmlyFarm|http://www.messurifamilyfarm.com||||Aug 24th, 2014
OH||Turner Farm Inc.|on-farm market|onfarmmarket|1000||700922|default-onfarmmarket-4-3.jpg|Turner Farm Inc.|7400 Given Road, Cincinnati , Ohio 45243|Cincinnati|Ohio|7400 Given Road|-84.320358|39.190080|45243||https://www.facebook.com/pages/Turner-Farm/455826481129640||||http://www.turnerfarm.org/||||Aug 25th, 2014
OH||Mindy Bartholomae|on-farm market|onfarmmarket|1000||700928|default-onfarmmarket-4-3.jpg|Breezy Hill Farm|23342 Bowman Rd., Homeworth, Ohio 44634|Homeworth|Ohio|23342 Bowman Rd.|-81.061620|40.8431293|44634||https://www.facebook.com/pages/Breezy-Hill-Farm-Homeworth-Ohio/184191254939126||||www.breezyhillfarmohio.com||||Aug 25th, 2014
OH|||on-farm market|onfarmmarket|1000||700677|default-onfarmmarket-4-3.jpg|Malabar Peach Orchard|P.O. Box 7, Jeromesville, Ohio 44840|Jeromesville|Ohio|P.O. Box 7|-82.155647|40.821676|44840||||||ohiopeaches.com||||Aug 28th, 2014
OH||Andrea Gillis|on-farm market|onfarmmarket|1000||700983|default-onfarmmarket-4-3.jpg|Out on  a Limb Farm|8913 Mapleton St SE, East Canton, Ohio 44730|East Canton|Ohio|8913 Mapleton St SE|-81.236584|40.751443|44730||||||||||Aug 29th, 2014
OH||Joyce, Angie|on-farm market|onfarmmarket|1000||701546|default-onfarmmarket-4-3.jpg|Arrowhead Orchard LLC|11724 Lisbon St SE, Paris , Ohio 44669|Paris|Ohio|11724 Lisbon St SE|-81.182497|40.799762|44669||https://www.facebook.com/ArrowheadOrchard/||||https://www.arrowheadorchard.com/||||Aug 6th, 2020
OH||Jennifer Sharpnack|on-farm market|onfarmmarket|1000||701421|default-onfarmmarket-4-3.jpg|Family Roots Farm|2175 W. 130th Street, Hinckley , Ohio 44233|Hinckley|Ohio|2175 W. 130th Street|-81.784668|41.216353|44233||RodSharpnack.FamilyRootsFarm||||www.familyrootsfarm.com||||Aug 7th, 2017
OH||Debbie Rardin|on-farm market|onfarmmarket|1000||701179|default-onfarmmarket-4-3.jpg|4R Angus Farm|8259 Keys Road, Mount Vernon, Ohio 43050|Mount Vernon|Ohio|8259 Keys Road|-82.562010|40.3586810|43050||4R Angus Farm||||4RAngusFarm.weebly.com||||Dec 4th, 2014
OH||Jason Wish|on-farm market|onfarmmarket|1000||700004|default-onfarmmarket-4-3.jpg|Wishwell Farms|3381 US 68 N, BELLEFONTAINE, Ohio 43311|BELLEFONTAINE|Ohio|3381 US 68 N|-83.745878|40.409166|43311|www.wishwellfarms.com/blog|https://www.facebook.com/WishwellFarms|||twitter.com/wishwellfarms|wishwellfarms.com||||Feb 15th, 2015
OH||Jeremy Freer|on-farm market|onfarmmarket|1000||701443|default-onfarmmarket-4-3.jpg|Double 8 Cattle Company|11275 Lovers Lane, Mount Vernon, Ohio 43050|Mount Vernon|Ohio|11275 Lovers Lane|-82.531854|40.402862|43050||https://www.facebook.com/double8cattle/||||www.double8cattle.com||||Feb 21st, 2018
OH||Kenny Adams|on-farm market|onfarmmarket|1000||700186|default-onfarmmarket-4-3.jpg|Adams Greenhouse & Produce LLC|6373 W. US RT 36, Covington, Ohio 45318|Covington|Ohio|6373 W. US RT 36|-84.324411|40.127688|45318||https://www.facebook.com/adamsgreenhouse||||www.adamsgreenhouse.com||||Jan 16th, 2017
OH||Cameron Way|on-farm market|onfarmmarket|1000||700193|default-onfarmmarket-4-3.jpg|Way Farms|13 Denver Road, Waverly, Ohio 45690|Waverly|Ohio|13 Denver Road|-82.982336|39.138281|45690||www.facebook.com/wayfarm||||www.way-farms.com||||Jan 2nd, 2015
OH||Shawn Woods|on-farm market|onfarmmarket|1000||701382|default-onfarmmarket-4-3.jpg|W Bench Farms, LLC|14950 State Route 45, Lisbon, Ohio 44432|Lisbon|Ohio|14950 State Route 45|-80.698246|40.685548|44432||https://www.facebook.com/W-Bench-Farms-LLC-262282387063/||||www.wbenchfarms.com||||Jan 5th, 2017
OH||Nathan Goodell|on-farm market|onfarmmarket|1000||701360|default-onfarmmarket-4-3.jpg|Goodell Family Farm|10220 Peck Rd, Mantua, Ohio 44255|Mantua|Ohio|10220 Peck Rd|-81.208733|41.2694840|44255||https://facebook.com/goodellfamilyfarm||||www.goodellfamilyfarm.com||||Jul 16th, 2016
OH||Terrie Godfrey|on-farm market|onfarmmarket|1000||701458|default-onfarmmarket-4-3.jpg|The Stem Shire|10915 Main Road, Berlin Heights, Ohio 44814|Berlin Heights|Ohio|10915 Main Road|-82.427689|41.3286520|44814||The stemshire||||Www.stemshire.com||||Jul 25th, 2018
OH||Missy Kroninger|on-farm market|onfarmmarket|1000||700045|default-onfarmmarket-4-3.jpg|Root Down Acres, LLC|3336 Columbus Rd., Springfield, Ohio 45503|Springfield|Ohio|3336 Columbus Rd.|-83.748269|39.939077|45503|http://www.rootdownacres.com/farm-blog/|https://www.facebook.com/rootdownacres|||https://www.twitter.com/rootdownacres|www.RootDownAcres.com||||Jul 26th, 2014
OH||Marian Buchanan|on-farm market|onfarmmarket|1000||700190|default-onfarmmarket-4-3.jpg|Marian Kay Berry Farm|8876 Congress Rd Lodi, OH 44254, Lodi, Ohio 44254|Lodi|Ohio|8876 Congress Rd Lodi, OH 44254|-82.054524|41.028575|44254||https://www.facebook.com/MarianKayBerryFarm||||https://www.mkberryfarm.com||||Jul 26th, 2014
OH||Sharon Grover|on-farm market|onfarmmarket|1000||700231|default-onfarmmarket-4-3.jpg|Ridgeview Farm|5488 Kinsman Rd (SR 87), Middlefield, Ohio 44062|Middlefield|Ohio|5488 Kinsman Rd (SR 87)|-80.995559|41.458943|44062||https://www.facebook.com/pages/Ridgeview-Farm-and-Tours/118515271492395||||www.ridgeviewfarm.com||||Jul 26th, 2014
OH||charles voytko|on-farm market|onfarmmarket|1000||700384|default-onfarmmarket-4-3.jpg|Voytko Berry Farm|11391 Franks Rd, Auburn Twp, Ohio 44023|Auburn Twp|Ohio|11391 Franks Rd|-81.231662|41.421487|44023||||||voytkofarms.com||||Jul 26th, 2014
OH||Richard Vest|on-farm market|onfarmmarket|1000||700442|default-onfarmmarket-4-3.jpg|Vest Berries and Produce|18170 Mush Run Road, Stewart, Ohio 45778|Stewart|Ohio|18170 Mush Run Road|-81.947508|39.3380933|45778||https://www.facebook.com/pages/Vest-Berries/162080763828140||||www.vestberries.com||||Jul 26th, 2014
OH||Darcy Klier|on-farm market|onfarmmarket|1000||700462|default-onfarmmarket-4-3.jpg|Greener Pasture Farm|18456 Pitts Rd, Wellington, Ohio 44090|Wellington|Ohio|18456 Pitts Rd|-82.241906|41.2160269|44090||Greener Pasture Farm||||||||Jul 26th, 2014
OH||Cindy Ellis|on-farm market|onfarmmarket|1000||700524|default-onfarmmarket-4-3.jpg|Heavenly Hill Farm|18375 State Rd, North Royalton, Ohio 44133|North Royalton|Ohio|18375 State Rd|-81.716075|41.2879379|44133||||||||||Jul 26th, 2014
OH||Billie Setzekorn|on-farm market|onfarmmarket|1000||700005|default-onfarmmarket-4-3.jpg|Wild Hare Natural Farm|110 E. Yellow Springs Fairfield Rd., Yellow Springs, Ohio 45387|Yellow Springs|Ohio|110 E. Yellow Springs Fairfield Rd.|-83.919405|39.8137320|45387||https://www.facebook.com/WildHareNaturalFarm||||www.whnf.biz||||Jul 27th, 2014
OH||Ricky Bruckner|on-farm market|onfarmmarket|1000||700060|default-onfarmmarket-4-3.jpg|Polecat Pines Mushroom Farm, LLC|6167 Winchell Rd., Hiram, Ohio 44234|Hiram|Ohio|6167 Winchell Rd.|-81.169391|41.343496|44234||https://www.facebook.com/PolecatPinesMushroomFarm||||www.polecatpines.com||||Jul 28th, 2014
OH||Vivian Pfankuch|on-farm market|onfarmmarket|1000||700120|default-onfarmmarket-4-3.jpg|Jaybird Farms|2091 State Route 321, Sardinia , Ohio 45171|Sardinia|Ohio|2091 State Route 321|-83.792210|39.062666|45171||https://www.facebook.com/JaybirdFarms||||www.jaybirdfarms.com||||Jul 28th, 2014
OH||Meiring Farm|on-farm market|onfarmmarket|1000||700689|default-onfarmmarket-4-3.jpg|Meiring Farm|11610 Waterville-swanton, Whitehouse, Ohio 43571|Whitehouse|Ohio|11610 Waterville-swanton|-83.820351|41.526752|43571||||||||||Jul 28th, 2014
OH||Julie Richards|on-farm market|onfarmmarket|1000||700617|default-onfarmmarket-4-3.jpg|Northridge Blueberries LLC|497 West Main Road, Conneaut, Ohio 44030|Conneaut|Ohio|497 West Main Road|-80.613060|41.927312|44030||https://facebook.com/NorthridgeBlueberries||||www.northridgeblueberries.com||||Jul 29th, 2014
OH||Steve Hirsch|on-farm market|onfarmmarket|1000||700753|default-onfarmmarket-4-3.jpg|Hirsch Fruit Farm|12846 State Route 772, Chillicothe, Ohio 45601|Chillicothe|Ohio|12846 State Route 772|-83.013285|39.301476|45601||https://www.facebook.com/hirschfruitfarm||||www.hirschfruitfarm.com||||Jul 29th, 2014
OH||Isaac and Jayne Barnes|on-farm market|onfarmmarket|1000||700123|default-onfarmmarket-4-3.jpg|Honeyrun Farm|9642 Randle Road, Williamsport, Ohio 43164|Williamsport|Ohio|9642 Randle Road|-83.129594|39.6525000|43164|www.honeyrunfarm.blogspot.com|https://www.facebook.com/honeyrunfarm||||www.honeyrunfarm.com||||Jul 30th, 2014
OH||Robert Dorsten|on-farm market|onfarmmarket|1000||700183|default-onfarmmarket-4-3.jpg|Angry Hippie Farms, LLC|6615 Peters Rd, Tipp City, Ohio 45371|Tipp City|Ohio|6615 Peters Rd|-84.225463|39.94265|45371||https://www.facebook.com/AngryHippieFarms||||http://www.angryhippiefarms.com||||Jul 30th, 2014
OH||Kacie Winn-Skelley|on-farm market|onfarmmarket|1000||700610|default-onfarmmarket-4-3.jpg|The Orchard & Company, LLC|7255 US highway 42 , Plain City, Ohio 43064|Plain City|Ohio|7255 US highway 42|-83.295379|40.047682|43064||||||www.theorchardandcompany.com||||Jul 31st, 2014
OH||Lucy Owsley|on-farm market|onfarmmarket|1000||700838|default-onfarmmarket-4-3.jpg|Boulder Belt Eco-Farm|3257 US 127 N, Eaton , Ohio 45320|Eaton|Ohio|3257 US 127 N|-84.631422|39.791734|45320||https://www.facebook.com/boulderbeltfarm||||http://www.boulderbelt.com||||Jul 6th, 2017
OH||Daniel Huggett|on-farm market|onfarmmarket|1000||701270|default-onfarmmarket-4-3.jpg|Blueberry Valley|14337 US Highway 23, South Bloomfield, Ohio 43103|South Bloomfield|Ohio|14337 US Highway 23|-82.987563|39.724435|43103||Blueberry Valley||||www.columbusblueberry.com||||Jun 12th, 2015
OH||Michael Schafer|on-farm market|onfarmmarket|1000||701445|default-onfarmmarket-4-3.jpg|Granny B Farms LLC|7201 Tucker Road, Centerburg, Ohio 43011|Centerburg|Ohio|7201 Tucker Road|-82.608500|40.346711|43011||www.facebook.com/grannybfarms/||||www.grannybfarm.com||||Mar 16th, 2018
OH||Larry and Tina Klco|on-farm market|onfarmmarket|1000||700685|default-onfarmmarket-4-3.jpg|Rainbow Farms|2464 Townline Road, Madison, Ohio 44057|Madison|Ohio|2464 Townline Road|-81.104680|41.800121|44057||www.facebook.com/rainbowfarmsohio||||www.rainbowfarmsonline.com||||Mar 19th, 2015
OH||Bonnie Mercuri|on-farm market|onfarmmarket|1000||700511|default-onfarmmarket-4-3.jpg|Bonnybrook Farms|3779 State Route 132, Clarksville, Ohio 45113|Clarksville|Ohio|3779 State Route 132|-84.019575|39.367811|45113||www.Facebook/BonnybrookFarms||||www.BonnybrookFarms.com||||Mar 23rd, 2015
OH||Lisa Schacht|on-farm market|onfarmmarket|1000||700041|default-onfarmmarket-4-3.jpg|Schacht Farm Market|5950 Shannon Rd, Canal Winchester, Ohio 43110|Canal Winchester|Ohio|5950 Shannon Rd|-82.831925|39.893120|43110||https://www.facebook.com/SchachtFarmMarket|||https://www.twitter.com/farm_market|mylocalfarm.us||||Mar 7th, 2018
OH||Kaitlyn Sirna|on-farm market|onfarmmarket|1000||701221|default-onfarmmarket-4-3.jpg|Sirna's Farm & Market|"19009 Ravenna Rd | State Route 44, Auburn Twp., Ohio 44023"|Auburn Twp.|Ohio|"19009 Ravenna Rd | State Route 44"|-81.219517|41.352165|44023||www.facebook.com/sirnasfarm.oh||||www.sirnasfarm.com||||Mar 8th, 2015
OH||Jeanette Toms|on-farm market|onfarmmarket|1000||701222|default-onfarmmarket-4-3.jpg|Good Earth|9600 Madison Avenue, Cleveland , Ohio 44102|Cleveland|Ohio|9600 Madison Avenue|-81.749955|41.477146|44102||||||||||Mar 8th, 2015
OH||Laura Eshleman|on-farm market|onfarmmarket|1000||701394|default-onfarmmarket-4-3.jpg|Eshleman Fruit Farm|753 E Maple St, Clyde, Ohio 43410|Clyde|Ohio|753 E Maple St|-82.957049|41.3179418|43410||https://www.facebook.com/Eshleman-Fruit-Farm-314477007606/?rf=157614694313691||||www.EshlemanFruitFarm.com||||Mar 8th, 2017
OH||John and Sandy Abell|on-farm market|onfarmmarket|1000||700296|default-onfarmmarket-4-3.jpg|Blue Ribbon Farm|5459 Blue Ribbon Rd, Hillsboro, Ohio 45133|Hillsboro|Ohio|5459 Blue Ribbon Rd|-83.476781|39.1619920|45133||||||||||Mar 9th, 2015
OH||Tanya Holmes|on-farm market|onfarmmarket|1000||701258|default-onfarmmarket-4-3.jpg|Ka-La Healing Garden Center|2251 EAST 73 rd ,Street, Cleveland , Ohio 44103|Cleveland|Ohio|2251 EAST 73 rd ,Street|-81.638091|41.4965696|44103||Ka-La Healing Garden Resource Center LLC||||http://ka-lahealinggardencenter.webs.com||||May 15th, 2015
OH||Lori Hartman|on-farm market|onfarmmarket|1000||701522|default-onfarmmarket-4-3.jpg|Hartman Heimstytte|7293 Phillipsburg Union Rd, Brookville, Ohio 45309|Brookville|Ohio|7293 Phillipsburg Union Rd|-84.393040|39.905200|45309||Www.facebook.com/hartmanheimstytte||||Www.hartmanheimstytte.com||||May 16th, 2020
OH||Dave, Donna, & Nick Divoky|on-farm market|onfarmmarket|1000||701263|default-onfarmmarket-4-3.jpg|Maple Valley Sugarbush|13262 Chardon Windsor Rd., Chardon, Ohio 44024|Chardon|Ohio|13262 Chardon Windsor Rd.|-81.164714|41.5773560|44024||https://www.facebook.com/pages/Maple-Valley-Sugarbush-Farm/141855572516431?ref=hl||||www.maplevalleysugarbush.com||||May 19th, 2015
OH||Zella F. Cook|on-farm market|onfarmmarket|1000||701250|default-onfarmmarket-4-3.jpg|Cook's Garden|989 N. Clayton Rd, New Lebanon, Ohio 45345|New Lebanon|Ohio|989 N. Clayton Rd|-84.395473|39.7597210|45345||https://www.facebook.com/cooksgardennewlebanon||||http://cooksgardennewlebanon.com||||May 1st, 2015
OH||Michael Gotshall|on-farm market|onfarmmarket|1000||701411|default-onfarmmarket-4-3.jpg|Rax and Trax Farms LLC|7271 Pearl Rd SE, Amsterdam, Ohio 43903|Amsterdam|Ohio|7271 Pearl Rd SE|-80.939846|40.5013874|43903||||||www.raxandtraxfarms.com||||May 24th, 2017
OH||Visar Duane|on-farm market|onfarmmarket|1000||701480|default-onfarmmarket-4-3.jpg|Purple Skies Homestead|18802 State Road, North Royalton, Ohio 44133|North Royalton|Ohio|18802 State Road|-81.724295|41.281938|44133||purpleskieshomestead@gmail.com||||http://www.purpleslieshomestead.com||||May 2nd, 2019
OH||Jennifer LittleBear|on-farm market|onfarmmarket|1000||701407|default-onfarmmarket-4-3.jpg|Jacobs Heritage Farm|2196 Jacoby Road, Copley, Ohio 44321|Copley|Ohio|2196 Jacoby Road|-81.532148|41.1259834|44321||facebook.com/jacobsheritagefarm||||www.JacobsHeritageFarm.com||||May 9th, 2017
OH||Bill Cusano|on-farm market|onfarmmarket|1000||701481|default-onfarmmarket-4-3.jpg|Triple C Farm|4603 State Route 193, Kingsville, Ohio 44048|Kingsville|Ohio|4603 State Route 193|-80.666608|41.855468|44048||SEARCH @TRIPLE C FARM MARKET||||||||May 9th, 2019
OH||Ted and Najet Lane|on-farm market|onfarmmarket|1000||701169|default-onfarmmarket-4-3.jpg|Lane's Farm Market and Orchard, LLC|20620 St. Rt. 676, Marietta, Ohio 45750|Marietta|Ohio|20620 St. Rt. 676|-81.518072|39.436996|45750||||||http://www.lanesfarmmarket.com/||||Nov 11th, 2014
OH||Jeannie Seabrook|on-farm market|onfarmmarket|1000||701433|default-onfarmmarket-4-3.jpg|Glass Rooster Cannery|1673 South State Route 605, Sunbury, Ohio 43074|Sunbury|Ohio|1673 South State Route 605|-82.804485|40.194321|43074||www.facebook.com/glassroostercannery|||@glassrooster|www.glassroostercannery.com||||Nov 14th, 2017
OH||Matthew Moore|on-farm market|onfarmmarket|1000||701566|default-onfarmmarket-4-3.jpg|P. Moore Acres|6275 Thompson Clark, Bristolville, Ohio 44402|Bristolville|Ohio|6275 Thompson Clark|-80.835575|41.388323|44402||https://www.facebook.com/Pmooreacres/||||||||Nov 24th, 2020
OH||Thomas Brown|on-farm market|onfarmmarket|1000||701568|default-onfarmmarket-4-3.jpg|Hilltop Harvest Farm Self Serve Market|16618 US 33, Wapakoneta, Ohio 45895|Wapakoneta|Ohio|16618 US 33|-84.134697|40.555814|45895||www.facebook.com/hilltop-harvest-farm||||hilltopharvestfarm@live.com||||Nov 28th, 2020
OH||Ben Gammie|on-farm market|onfarmmarket|1000||701143|default-onfarmmarket-4-3.jpg|Quarry Hill Orchards|8403 Mason Road, Berlin Heights, Ohio 44814|Berlin Heights|Ohio|8403 Mason Road|-82.473395|41.337620|44814|http://quarryhillorchards.com/our-story/blog/|https://www.facebook.com/pages/Quarry-Hill-Orchards/538012959591189||||http://quarryhillorchards.com/||||Oct 17th, 2014
OH||Ronald Hayhurst|on-farm market|onfarmmarket|1000||701146|default-onfarmmarket-4-3.jpg|Hayhurst Farm|13521 S. Dixie Hwy., Bowling Green, Ohio 43402|Bowling Green|Ohio|13521 S. Dixie Hwy.|-83.652856|41.350138|43402||||||||||Oct 21st, 2014
OH||Charles Fritsch|on-farm market|onfarmmarket|1000||700388|default-onfarmmarket-4-3.jpg|Windy Hill Apple Farm|1740 Sportsman Club Road, Newark, Ohio 43055|Newark|Ohio|1740 Sportsman Club Road|-82.531771|40.1554270|43055||||||www.charliesapples.com||||Oct 25th, 2015
OH||Susan Schmidt|on-farm market|onfarmmarket|1000||701118|default-onfarmmarket-4-3.jpg|Schmidt Family Farms|4282 State Road, Medina, Ohio 44256|Medina|Ohio|4282 State Road|-81.707272|41.1587370|44256||Schmidt family Farms||||Schmidt Family Farms.org||||Oct 3rd, 2014
OH||Tom Westendorf|on-farm market|onfarmmarket|1000||700007|default-onfarmmarket-4-3.jpg|Whispering Pines Farm|4169 Swigart Road, Kettering, Ohio 45440|Kettering|Ohio|4169 Swigart Road|-84.101116|39.674614|45440||https://www.facebook.com/WhisperingPinesFarm||||||||Oct 8th, 2014
OH||Sara Moore|on-farm market|onfarmmarket|1000||701057|default-onfarmmarket-4-3.jpg|Foster's Farmhouse LLC|9791 Paragon Rd, Centerville (Montgomery County), Ohio 45458|Centerville (Montgomery County)|Ohio|9791 Paragon Rd|-84.185969|39.601443|45458||||||www.fostersfarmhouse.com||||Sep 12th, 2014
OH|||on-farm market|onfarmmarket|1000||700519|default-onfarmmarket-4-3.jpg|Ruffwing Farms|2942 Elder Road Ne, Lancaster, Ohio 43130|Lancaster|Ohio|2942 Elder Road Ne|-82.489922|39.763103|43130||||||www.ruffwingfarms.com||||Sep 16th, 2014
OH||Marsha Krieg|on-farm market|onfarmmarket|1000||700693|default-onfarmmarket-4-3.jpg|Kriegs Strawberry Farm Market|3175 North Ridge Road, Vermilion, Ohio 44089|Vermilion|Ohio|3175 North Ridge Road|-82.306465|41.383635|44089||Marsha Krieg||||||||Sep 16th, 2014
OH||Dandelion Lane Farm|on-farm market|onfarmmarket|1000||701086|default-onfarmmarket-4-3.jpg|Dandelion Lane Farm|40949 State Route 558, Leetonia, Ohio 44431|Leetonia|Ohio|40949 State Route 558|-80.727259|40.839863|44431||https://www.facebook.com/pages/Dandelion-Lane-Farm||||www.DandelionLaneFarm.com||||Sep 18th, 2014
OH||Laura Hetrick|on-farm market|onfarmmarket|1000||700338|default-onfarmmarket-4-3.jpg|Hetrick Honey Bees|9105 Township Road N2, Napoleon, Ohio 43545|Napoleon|Ohio|9105 Township Road N2|-84.039941|41.363336|43545||||||www.hetrickhoneybees.com||||Sep 21st, 2014
OH||Michael Link|on-farm market|onfarmmarket|1000||700605|default-onfarmmarket-4-3.jpg|Link Farms|3602 Lima-Sandusky Rd, Sandusky, Ohio 44870|Sandusky|Ohio|3602 Lima-Sandusky Rd|-82.826537|41.436443|44870||||||||||Sep 23rd, 2014
OH||Kathy Dollman|on-farm market|onfarmmarket|1000||701089|default-onfarmmarket-4-3.jpg|Bucher Family Farm|5702 Eber Rd., Whitehouse, Ohio 43571|Whitehouse|Ohio|5702 Eber Rd.|-83.786230|41.536222|43571||||||||||Sep 28th, 2014
OH||Ronald Taylor|on-farm market|onfarmmarket|1000||700510|default-onfarmmarket-4-3.jpg|Covered Bridge Farms/Shimandle Grapes|1517 Lafevre Road, Geneva, Ohio 44041|Geneva|Ohio|1517 Lafevre Road|-80.958817|41.765378|44041||||||www.facebook.com/CoveredBridgeFarms||||Sep 30th, 2014
OH||Bob Folck|on-farm market|onfarmmarket|1000||700572|default-onfarmmarket-4-3.jpg|Folck Family Farm|6843 State Route 54, Mechanicsburg, Ohio 43044|Mechanicsburg|Ohio|6843 State Route 54|-83.636557|40.0222168|43044||folckfamilyfarm||||folckfamilyfarm.net||||Sep 30th, 2014
OH||Lana Rufener|on-farm market|onfarmmarket|1000||701034|default-onfarmmarket-4-3.jpg|Rufener Hilltop Farms|1022 State Route 43, Mogadore, Ohio 44260|Mogadore|Ohio|1022 State Route 43|-81.347054|41.017294|44260||||||rufeners.com||||Sep 8th, 2014
OK||Shari Morrison|on-farm market|onfarmmarket|1000||700925|default-onfarmmarket-4-3.jpg|Real-Ranch LLC|11714 CR 1690, Roff, Oklahoma 74865|Roff|Oklahoma|11714 CR 1690|-96.745575|34.564565|74865||https://www.facebook.com/realranch||||real-ranch.com||||Aug 25th, 2014
OK||Jason & Linda Fly|on-farm market|onfarmmarket|1000||700950|default-onfarmmarket-4-3.jpg|ZaKK Farms; Home of OKBelties|32757 Hwy 9, Pink , Oklahoma 74873|Pink|Oklahoma|32757 Hwy 9|-97.074740|35.257996|74873||||||okbelties.weebly.com||||Aug 26th, 2014
OK||Donald Inslee|on-farm market|onfarmmarket|1000||700976|default-onfarmmarket-4-3.jpg|Inslee Fish Farm|1400 Seeley Chapel Rd, Connerville, Oklahoma 74836|Connerville|Oklahoma|1400 Seeley Chapel Rd|-96.628693|34.460187|74836||https://www.facebook.com/pages/Inslee-Fish-Farm/123937417683643||||||||Aug 28th, 2014
OK||Betsy Endicott|on-farm market|onfarmmarket|1000||700797|default-onfarmmarket-4-3.jpg|Endicott Farms LLC|211th Between Harvard & Lewis, Liberty-Mounds, Oklahoma 74047|Liberty-Mounds|Oklahoma|211th Between Harvard & Lewis|-95.961522|35.856606|74047||||||www.endicottfarms.com||||Aug 2nd, 2014
OK||Susan Howell|on-farm market|onfarmmarket|1000||701364|default-onfarmmarket-4-3.jpg|Red Truck Farm|16963 CR NS 227, Manitou, Oklahoma 73555|Manitou|Oklahoma|16963 CR NS 227|-98.933473|34.557891|73555||https://www.facebook.com/Red-Truck-Farm-1441855589413794/?ref=bookmarks||||||||Jul 21st, 2016
OK|||on-farm market|onfarmmarket|1000||700559|default-onfarmmarket-4-3.jpg|Peach Crest Farm|10219 us hwy 177, Stratford, Oklahoma 74872|Stratford|Oklahoma|10219 us hwy 177|-96.966834|34.860704|74872||||||||||Jul 26th, 2014
OK||Catherine Greene|on-farm market|onfarmmarket|1000||700793|default-onfarmmarket-4-3.jpg|Wild Things Farm|700 Beaty Avenue, Pocola, Oklahoma 74902|Pocola|Oklahoma|700 Beaty Avenue|-94.446848|35.303899|74902||www.facebook.com/pages/Wild-Things-Farm/309163820790||||www.wildthingsfarm.com||||Jul 26th, 2014
OK||Alexis Kaiser|on-farm market|onfarmmarket|1000||700649|default-onfarmmarket-4-3.jpg|Forbidden Fruits Farm|23200 CR 1480, Cyril, Oklahoma 73029|Cyril|Oklahoma|23200 CR 1480|-98.215386|34.869930|73029|forbiddenfruitsfarm.blogspot.com|www.facebook.com/forbiddenfruitsfarm||||www.forbiddenfruitsfarm.com||||Jul 27th, 2014
OK||Tim Boehrer|on-farm market|onfarmmarket|1000||700460|default-onfarmmarket-4-3.jpg|Chisholm Trail Farm LLC|1010 CS 2930, Tuttle, Oklahoma 73089|Tuttle|Oklahoma|1010 CS 2930|-97.777551|35.245987|73089||||||www.chisholmtrailfarm.com||||Jul 28th, 2014
OK||Bobby Sloan Jr.|on-farm market|onfarmmarket|1000||700544|default-onfarmmarket-4-3.jpg|Buffalo Creek Berry Farm|9211 Sloan Rd, Mustang, Oklahoma 73064|Mustang|Oklahoma|9211 Sloan Rd|-97.681934|35.373981|73064||||||||||Jul 29th, 2014
OK||Bobby Sloan|on-farm market|onfarmmarket|1000||700798|default-onfarmmarket-4-3.jpg|SandStone Spring Vineyard|9211 Sloan Rd., Mustang , Oklahoma 73064|Mustang|Oklahoma|9211 Sloan Rd.|-97.681907|35.374633|73064||||||||||Jul 29th, 2014
OK||Bill Spencer|on-farm market|onfarmmarket|1000||700429|default-onfarmmarket-4-3.jpg|Wind Drift Orchards|19400 Ne 63rd Street 18499 NE 50th Street, Harrah, Oklahoma 73045|Harrah|Oklahoma|19400 Ne 63rd Street 18499 NE 50th Street|-97.186475|35.535937|73045||https://www.facebook.com/pages/Wind-Drift-Orchards/465391816870294||||www.winddriftorchards.com||||Jul 30th, 2014
OK||Vision Farms|on-farm market|onfarmmarket|1000||701211|default-onfarmmarket-4-3.jpg|Vision Farms|12th and Vilas, Guthrie , Oklahoma 73044|Guthrie|Oklahoma|12th and Vilas|-97.443558|35.875703|73044||https://www.facebook.com/visionfarms||||http://vision-farms.org||||Mar 2nd, 2015
OK||Alexis Kaiser|on-farm market|onfarmmarket|1000||701393|default-onfarmmarket-4-3.jpg|Woods & Waters Winery & Vineyards & Berry Farm|17153 CR 1380, Anadarko, Oklahoma 73005|Anadarko|Oklahoma|17153 CR 1380|-98.326276|35.013603|73005||Facebook.com/woodsandwaters/||||www.woodsandwaterswinery.com||||Mar 7th, 2017
OK||Regina Smith|on-farm market|onfarmmarket|1000||701599|default-onfarmmarket-4-3.jpg|800 Oaks Farm&Ranch|53622 W 211th Road S, Depew, Oklahoma 74028|Depew|Oklahoma|53622 W 211th Road S|-96.591224|35.855424|74028||https://www.facebook.com/800-Oaks-Farm-Ranch-362168957769623/?ref=py_c||||||||May 7th, 2021
OK|||on-farm market|onfarmmarket|1000||700435|default-onfarmmarket-4-3.jpg|Wild Rose Strawberry Farm|7645 N 429 Road, Adair, Oklahoma 74330|Adair|Oklahoma|7645 N 429 Road|-95.368498|36.418079|74330||||||wild rose strawberry farm @g mail.com||||Oct 1st, 2014
OK|||on-farm market|onfarmmarket|1000||701119|default-onfarmmarket-4-3.jpg|Crispin Murray Grey Grass-Fed Beef|409 N 11th, Thomas, Oklahoma 73669|Thomas|Oklahoma|409 N 11th|-98.751283|35.747020|73669||||||http://crispin-grassfedbeef.com||||Oct 6th, 2014
OK||Sandra Harris|on-farm market|onfarmmarket|1000||700563|default-onfarmmarket-4-3.jpg|HoneyBear Ranch|897 Redwood Road, Broken Bow, Oklahoma 74728|Broken Bow|Oklahoma|897 Redwood Road|-94.774638|34.054489|74728||HoneyBear Ranch||||www.honeybear-ranch.com||||Sep 16th, 2014
OK||david yates|on-farm market|onfarmmarket|1000||700499|default-onfarmmarket-4-3.jpg|Whispering Springs Greenhouse|12647 SW 104th Street, Mustang, Oklahoma 73064|Mustang|Oklahoma|12647 SW 104th Street|-97.754910|35.363025|73064||||||||||Sep 17th, 2014
OK|||on-farm market|onfarmmarket|1000||700612|default-onfarmmarket-4-3.jpg|The Peppermint Dragon Herb and Oriental Gardens|7920 W 133 St So, Sapulpa, Oklahoma 74066|Sapulpa|Oklahoma|7920 W 133 St So|-96.080329|35.970830|74066||||||||||Sep 19th, 2014
OK||SYLVIA K DEWITT|on-farm market|onfarmmarket|1000||701614|default-onfarmmarket-4-3.jpg|West Point Beef and Cattle Company, LLC|5900 N. West Point Road, Glencoe, Oklahoma 74032|Glencoe|Oklahoma|5900 N. West Point Road|-96.855802|36.183214|74032||https://www.facebook.com/westpointbeef||||https://westpointbeef.com/||||Sep 9th, 2021
PA||Shelly Oswald|on-farm market|onfarmmarket|1000|"Grass-fed beef and pastured poultry from endangered heritage breed cattle, chickens & turkeys.
Farm is closed to visitors.
Order online and pick up at the Bloomfield Farmers Market in Pittsburgh or choose home delivery.
Small scale birth-to-harvest operation."|701412|onfarmmarket_701412_10201_20220410225050.png|Old Time Farm|1919 Harrisville Rd, Stoneboro, Pennsylvania 16153|Stoneboro|Pennsylvania|1919 Harrisville Rd|-80.046348|41.289557|16153||https://www.facebook.com/Shelly.OldTimeFarm/||||www.OldTime.Farm||"Grass-fed beef and pastured poultry from endangered heritage breed cattle, chickens & turkeys.
Farm is closed ..."||Apr 10th, 2022
PA||Stanley Biaecki|on-farm market|onfarmmarket|1000||700900|default-onfarmmarket-4-3.jpg|Bialecki Farms|3299 Wrighter Lake Rd, Thompson, Pennsylvania 18465|Thompson|Pennsylvania|3299 Wrighter Lake Rd|-75.428190|41.851223|18465||https://www.facebook.com/homesteadinghobnobbery||||||||Apr 6th, 2015
PA||Greg & Teri Eberhart|on-farm market|onfarmmarket|1000||700367|default-onfarmmarket-4-3.jpg|Foxtail Farmstead LLC|1927 Cumberland Road, Bedford, Pennsylvania 15522|Bedford|Pennsylvania|1927 Cumberland Road|-78.550945|39.9776974|15522||||||www.foxtailfarmstead.com||||Aug 10th, 2014
PA||Scot Simmons|on-farm market|onfarmmarket|1000||700036|default-onfarmmarket-4-3.jpg|Simmons Farm|170 Simmons Road, McMurray, Pennsylvania 15317|McMurray|Pennsylvania|170 Simmons Road|-80.083087|40.2682|15317||https://www.facebook.com/SimmonsFarm||||||||Aug 13th, 2014
PA||Todd Fasnacht|on-farm market|onfarmmarket|1000||700121|default-onfarmmarket-4-3.jpg|Jamboree Farm|270 Wilpen Rd, Ligonier, Pennsylvania 15658|Ligonier|Pennsylvania|270 Wilpen Rd|-79.203738|40.275947|15658|http://jamboreefarm.blogspot.com/|https://www.facebook.com/jamboreefarm|||https://twitter.com/JamboreeFarm|http://jamboreefarm.blogspot.com/||||Aug 13th, 2014
PA||Richard McConnell|on-farm market|onfarmmarket|1000||700269|default-onfarmmarket-4-3.jpg|McConnell's Christmas Tree Farm|836 Cleland Mill Road, New Castle, Pennsylvania 16102|New Castle|Pennsylvania|836 Cleland Mill Road|-80.407753|40.956053|16102||https://www.facebook.com/pages/McConnells-Christmas-Tree-Farm/136507896405104?ref=br_tf||||www.mcconnellsnursery.com||||Aug 13th, 2014
PA||Natalie Rockwell|on-farm market|onfarmmarket|1000||700839|default-onfarmmarket-4-3.jpg|Blue Moon Acres: Certified Organic Farm and Market|2287 Durham Road, Buckingham, Pennsylvania 18912|Buckingham|Pennsylvania|2287 Durham Road|-75.052641|40.318708|18912|http://bluemoonacres.com/category/news/|https://www.facebook.com/BlueMoonAcresFarm|||https://twitter.com/bmacres|http://bluemoonacres.com/contact-us/||||Aug 14th, 2014
PA||Mike ,Tami|on-farm market|onfarmmarket|1000||701459|default-onfarmmarket-4-3.jpg|Hardler Farms|11 Hardler Farm Rd, Honesdale, Pennsylvania 18431|Honesdale|Pennsylvania|11 Hardler Farm Rd|-75.259646|41.697583|18431||Hardlerfarms@facebook||||||||Aug 15th, 2018
PA||Paula Keswick|on-farm market|onfarmmarket|1000||701552|default-onfarmmarket-4-3.jpg|Cherish Creamery LLC|, 2771 Paradise Rd, Pennsylvania 15841|2771 Paradise Rd|Pennsylvania||-78.831249|41.059349|15841||cherish creamery||||cherishcreamery.com||||Aug 20th, 2020
PA||David Lowden|on-farm market|onfarmmarket|1000||700881|default-onfarmmarket-4-3.jpg|Lowden Farm LLC|136 California Drive, Coal Center, Pennsylvania 15423|Coal Center|Pennsylvania|136 California Drive|-79.980474|40.1059950|15423||||||||||Aug 22nd, 2014
PA||Nathan Kepner|on-farm market|onfarmmarket|1000||701610|default-onfarmmarket-4-3.jpg|Kepner's Produce|3755 Sandy Lake Rd, Sandy Lake, Pennsylvania 16145|Sandy Lake|Pennsylvania|3755 Sandy Lake Rd|-80.071675|41.377985|16145||https://www.facebook.com/KepnersProduce||||||||Aug 23rd, 2021
PA||Cathie Dibert|on-farm market|onfarmmarket|1000||700923|default-onfarmmarket-4-3.jpg|Greener Acres Farm|747 Buttermilk Hollow Rd, Claysburg, Pennsylvania 16625|Claysburg|Pennsylvania|747 Buttermilk Hollow Rd|-78.488254|40.303651|16625||https://www.facebook.com/greeneracresfarm||||||||Aug 25th, 2014
PA||Neal McNutt|on-farm market|onfarmmarket|1000||700936|default-onfarmmarket-4-3.jpg|Meadow Mountain Farm|691 Furnace St., Robesonia, Pennsylvania 19551|Robesonia|Pennsylvania|691 Furnace St.|-76.157888|40.333923|19551||https://www.facebook.com/pages/Meadow-Mountain-Farm/158613630836462?v=wall||||www.meadowmountainfarm.com||||Aug 25th, 2014
PA||Bruce Hilliard|on-farm market|onfarmmarket|1000||700978|default-onfarmmarket-4-3.jpg|Hilliards Fruit Farm|217 Rock Glen Rd., Sugarloaf, Pennsylvania 18249|Sugarloaf|Pennsylvania|217 Rock Glen Rd.|-76.084909|40.986051|18249||||||||||Aug 28th, 2014
PA||Julia Delpino|on-farm market|onfarmmarket|1000||700984|default-onfarmmarket-4-3.jpg|Hartman's Oz Farm|962 Martin Road, Needmore, Pennsylvania 17238|Needmore|Pennsylvania|962 Martin Road|-78.127732|39.843541|17238||||||||||Aug 29th, 2014
PA||Brian Smith|on-farm market|onfarmmarket|1000||700985|default-onfarmmarket-4-3.jpg|Solebury Orchards|3325 Creamery Road, New Hope, Pennsylvania 18938|New Hope|Pennsylvania|3325 Creamery Road|-75.025891|40.3846846|18938||www.facebook.com/soleburyorchards|||twitter.com/SoleburyOrch|soleburyorchards.com||||Aug 29th, 2014
PA||Anna Wagner|on-farm market|onfarmmarket|1000||700999|default-onfarmmarket-4-3.jpg|Foxy Farms|3147 Griffis Hill Road, Montrose, Pennsylvania 18801|Montrose|Pennsylvania|3147 Griffis Hill Road|-75.995723|41.841607|18801||||||http://www.localharvest.org/foxy-farms-M38482||||Aug 31st, 2014
PA||jeffrey norman|on-farm market|onfarmmarket|1000||700619|default-onfarmmarket-4-3.jpg|Normans Orchard|2318 Butler Logan Road Frazer Township, Tarentum, Pennsylvania 15084|Tarentum|Pennsylvania|2318 Butler Logan Road Frazer Township|-79.803454|40.587205|15084||||||www.normansorchard.com||||Aug 6th, 2014
PA||Denise Bosworth|on-farm market|onfarmmarket|1000||700813|default-onfarmmarket-4-3.jpg|Rohrbach's Farm Market|240 Southern Drive, Catawissa, Pennsylvania 17820|Catawissa|Pennsylvania|240 Southern Drive|-76.459363|40.9299950|17820||https://www.facebook.com/pages/Rohrbachs-Farm-Market-Bakery-and-Gift-Shop/63601237131?ref=hl&ref_type=bookmark||||rohrbachsfarm.net||||Aug 6th, 2014
PA||Jay Kuzminsky|on-farm market|onfarmmarket|1000||700819|default-onfarmmarket-4-3.jpg|Path of Light Farm|225 Laidig Road, Harrisonville, Pennsylvania 17228|Harrisonville|Pennsylvania|225 Laidig Road|-78.094771|40.037076|17228||https://www.facebook.com/pages/Path-of-Light-Farm/||||||||Aug 7th, 2014
PA||Alexander Bates|on-farm market|onfarmmarket|1000||701570|default-onfarmmarket-4-3.jpg|Chapel Ford Farm|2345 Taneytown Road, Gettysburg, Pennsylvania 17325|Gettysburg|Pennsylvania|2345 Taneytown Road|-77.230185|39.754261|17325||https://www.facebook.com/chapelfordfarms||||||||Dec 10th, 2020
PA||Peggy Gilbert|on-farm market|onfarmmarket|1000||701184|default-onfarmmarket-4-3.jpg|Gilbert Hill Farm|1395 Clear Run Road, DuBois, Pennsylvania 15801|DuBois|Pennsylvania|1395 Clear Run Road|-78.742389|41.1530840|15801||||||||||Dec 29th, 2014
PA||Rogers Clawson|on-farm market|onfarmmarket|1000||701583|default-onfarmmarket-4-3.jpg|Redrange Farm|604 Footedale Rd, New Salem , Pennsylvania 15468|New Salem|Pennsylvania|604 Footedale Rd|-79.836409|39.916362|15468||https://www.facebook.com/redrangefarm||||https://www.redrangefarm.com/||||Feb 14th, 2021
PA||Tony Shetter|on-farm market|onfarmmarket|1000||701176|default-onfarmmarket-4-3.jpg|TLM Hillside Farm|14066 Wayne Hwy, Waynesboro, Pennsylvania 17268|Waynesboro|Pennsylvania|14066 Wayne Hwy|-77.595770|39.739070|17268|||||https://twitter.com/TLMHillsideFarm|http://www.tlmhillsidefarm.com/||||Feb 4th, 2015
PA||Guin|on-farm market|onfarmmarket|1000||701383|default-onfarmmarket-4-3.jpg|Phoenix Farms|150 Trenton Ave, Hulmeville borough, Pennsylvania 19047|Hulmeville borough|Pennsylvania|150 Trenton Ave|-74.906944|40.143277|19047||http://facebook.com/thephoenixfarm||||www.phoenixfarms.us||||Jan 13th, 2017
PA||Judy Henderson|on-farm market|onfarmmarket|1000||701577|default-onfarmmarket-4-3.jpg|Humming Hills Farm, LLC|50 Lake Rd, Hamburg, Pennsylvania 19526|Hamburg|Pennsylvania|50 Lake Rd|-75.887804|40.498031|19526||https://facebook.com/humminghillsfarm.com||||https://humminghillsfarm.com||||Jan 26th, 2021
PA||Denise Frey|on-farm market|onfarmmarket|1000||701630|default-onfarmmarket-4-3.jpg|Nev & Nise Produce Greenhouse LLC|445 stewart creek road, Lehighton, Pennsylvania 18235|Lehighton|Pennsylvania|445 stewart creek road|-75.776928|40.829530|18235||Nev & Nise Produce Greenhouse LLC||||||||Jan 27th, 2022
PA||Jennifer Brenckle|on-farm market|onfarmmarket|1000||701200|default-onfarmmarket-4-3.jpg|Brenckle's Organic Farm & Greenhouse|768 Glen Eden Rd., Zelienople, Pennsylvania 16063|Zelienople|Pennsylvania|768 Glen Eden Rd.|-80.153536|40.7249880|16063|http://www.brencklesfarm.com/blog|https://www.facebook.com/BrencklesOrganicFarm||||http://www.brencklesfarm.com/||||Jan 28th, 2015
PA||Josh Heller|on-farm market|onfarmmarket|1000||701201|default-onfarmmarket-4-3.jpg|Creekside Farm Market LLC|1436 Mount Joy Rd., Manheim, Pennsylvania 17545|Manheim|Pennsylvania|1436 Mount Joy Rd.|-76.427558|40.138632|17545||https://www.facebook.com/CreeksideFarmMarket||||http://www.thecreeksidemarket.com||||Jan 30th, 2015
PA||Lou Anne Bachert|on-farm market|onfarmmarket|1000||701202|default-onfarmmarket-4-3.jpg|Valley Road Farm|880 Valley Rd , Tamaqua, Pennsylvania 18252|Tamaqua|Pennsylvania|880 Valley Rd|-76.013023|40.755474|18252||Valley road farm tamaqua||||Http://valleyroadfarm.com||||Jan 31st, 2015
PA||Marcy Tudor|on-farm market|onfarmmarket|1000||701487|default-onfarmmarket-4-3.jpg|Weatherbury Farm|1061 Sugar Run Road, Avella, Pennsylvania 15312|Avella|Pennsylvania|1061 Sugar Run Road|-80.469051|40.253648|15312||https://www.facebook.com/WeatherburyFarm/||||http://weatherburyfarm.com/||||Jul 10th, 2019
PA||Rosemary Stidmon|on-farm market|onfarmmarket|1000||700143|default-onfarmmarket-4-3.jpg|Enon Valley Garlic|214 Little Beaver Rd, Enon Valley, Pennsylvania 16120|Enon Valley|Pennsylvania|214 Little Beaver Rd|-80.490268|40.844265|16120||https://www.facebook.com/enonvallleygarlic||||www.EnonValleyGarlic.com||||Jul 26th, 2014
PA||Sherry Trunzo|on-farm market|onfarmmarket|1000||700197|default-onfarmmarket-4-3.jpg|Windy Hill Farm|10445 Route 28 North, Brockway, Pennsylvania 15824|Brockway|Pennsylvania|10445 Route 28 North|-78.902435|41.232380|15824||||||www.windyhillfarmnaturals.com||||Jul 26th, 2014
PA||Nolan Thevenet|on-farm market|onfarmmarket|1000||700029|default-onfarmmarket-4-3.jpg|Stryker Farm|3045 Mountain Road, Saylorsburg, Pennsylvania 18353|Saylorsburg|Pennsylvania|3045 Mountain Road|-75.328785|40.8608203|18353||https://www.facebook.com/strykerfarm|||https://twitter.com/strykerfarm|www.strykerfarm.com||||Jul 27th, 2014
PA||Craig Bishop|on-farm market|onfarmmarket|1000||700422|default-onfarmmarket-4-3.jpg|Yellow Hill Farm|670 Yellow Hill Road, Biglerville, Pennsylvania 17307|Biglerville|Pennsylvania|670 Yellow Hill Road|-77.264554|39.939328|17307||www.facebook.com/YellowHillFarmBerries||||www.yellowhillfarm.com||||Jul 27th, 2014
PA||THOMAS STYER|on-farm market|onfarmmarket|1000||700470|default-onfarmmarket-4-3.jpg|Tom Styer Farm  & Market|215 Shady Lane, Muncy, Pennsylvania 17756|Muncy|Pennsylvania|215 Shady Lane|-76.775489|41.212668|17756||||||||||Jul 27th, 2014
PA|||on-farm market|onfarmmarket|1000||700788|default-onfarmmarket-4-3.jpg|Soergel Orchards|2573 Brandt School Road, Wexford, Pennsylvania 15237|Wexford|Pennsylvania|2573 Brandt School Road|-80.092730|40.613911|15237||||||www.soergels.com||||Jul 27th, 2014
PA||Amy Manoff|on-farm market|onfarmmarket|1000||700107|default-onfarmmarket-4-3.jpg|Manoff Market Gardens|3157 Comfort Road, Solebury, Pennsylvania 18963|Solebury|Pennsylvania|3157 Comfort Road|-75.006565|40.395989|18963|www.manoffmarketgardens.blogspot.com|https://www.facebook.com/manoffmarketgardens||||www.manoffmarketgardens.com||||Jul 28th, 2014
PA||Pete Beccari|on-farm market|onfarmmarket|1000||700219|default-onfarmmarket-4-3.jpg|Beccari's Farm Market|5095 Thoms Run Road, Oakdale, Pennsylvania 15071|Oakdale|Pennsylvania|5095 Thoms Run Road|-80.133093|40.3739713|15071||www.facebook/beccaris||||beccaris.com||||Jul 28th, 2014
PA||Julie Flinchbaugh|on-farm market|onfarmmarket|1000||700796|default-onfarmmarket-4-3.jpg|Flinchbaughs Orchard and Farm Market|110 Ducktown Road, York, Pennsylvania 17347|York|Pennsylvania|110 Ducktown Road|-76.580711|40.008422|17347||https://www.facebook.com/FlinchbaughsOrchard|||https://twitter.com/FlinchsOrchard|http://www.flinchbaughsorchard.com||||Jul 28th, 2014
PA||Roger Stramba|on-farm market|onfarmmarket|1000||700302|default-onfarmmarket-4-3.jpg|Stramba Farm Alpacas & More|2331 Chewton Wurtemburg Rd, Wampum, Pennsylvania 16157|Wampum|Pennsylvania|2331 Chewton Wurtemburg Rd|-80.290508|40.885714|16157||||||||||Jul 30th, 2014
PA||Gudrun Feigl|on-farm market|onfarmmarket|1000||700312|default-onfarmmarket-4-3.jpg|Mount Pleasant Herbary|31 Riverdale Road, Forest City, Pennsylvania 18421|Forest City|Pennsylvania|31 Riverdale Road|-75.394530|41.694289|18421||https://www.facebook.com/MountPleasantHerbary||||www.mountpleasantherbary.com||||Jul 31st, 2014
PA||Chris Swartz|on-farm market|onfarmmarket|1000||700466|default-onfarmmarket-4-3.jpg|Swartz's Pumpkin Patch|232 North High Street in Arendtsville, Biglerville, Pennsylvania 17307|Biglerville|Pennsylvania|232 North High Street in Arendtsville|-77.302631|39.926690|17307|www.swartzspumpkinpatch.blogspot.com|https://www.facebook.com/pages/Swartzs-Pumpkin-Patch-in-Arendtsville-PA/278268028879283||||www.swartzspumpkinpatch.com||||Jul 31st, 2014
PA||Jerry Mazur|on-farm market|onfarmmarket|1000||701416|default-onfarmmarket-4-3.jpg|Mazur's Greenhouse and Farm|329 BenVenue Rd, Zelienople, Pennsylvania 16123|Zelienople|Pennsylvania|329 BenVenue Rd|-80.157104|40.786906|16123||Mazur\'s Greenhouse and Farm||||||||Jun 21st, 2017
PA||Mary Kay Hilyer|on-farm market|onfarmmarket|1000||701341|default-onfarmmarket-4-3.jpg|Maple Glen Farm|543 Jo Jo Rd, Kane, Pennsylvania 16735|Kane|Pennsylvania|543 Jo Jo Rd|-78.837090|41.643853|16735||Maple Glen Farm||||||||Jun 8th, 2016
PA||Brent Nice|on-farm market|onfarmmarket|1000||701397|default-onfarmmarket-4-3.jpg|Serenity Hills Farms|429 Happy Hollow Road, Mifflintown, Pennsylvania 17059|Mifflintown|Pennsylvania|429 Happy Hollow Road|-77.350194|40.590023|17059||https://www.facebook.com/frmrfrd/||||||||Mar 17th, 2017
PA||Cassie Schweighofer|on-farm market|onfarmmarket|1000||700383|default-onfarmmarket-4-3.jpg|Twin Brook Farms|678 Cochecton Tpke, Tyler Hill, Pennsylvania 18469|Tyler Hill|Pennsylvania|678 Cochecton Tpke|-75.168551|41.698768|18469||https://www.facebook.com/TwinBrookFarms||||http://www.twinbrookfarmsandlivestock.com||||Mar 23rd, 2015
PA||Suzanne C Beinlich|on-farm market|onfarmmarket|1000||701321|default-onfarmmarket-4-3.jpg|Triple B Farms|823 Berry Lane, Monongahela , Pennsylvania 15063|Monongahela|Pennsylvania|823 Berry Lane|-79.946589|40.2276750|15063||https://www.facebook.com/TripleBFarmsFreshLocalFoodandFun/?ref=hl|||https://twitter.com/TripleBFarmsFUN|http://www.triplebfarms.com/||||Mar 23rd, 2016
PA||Bud Bowers|on-farm market|onfarmmarket|1000||700328|default-onfarmmarket-4-3.jpg|Brookfield Maple Products|111 Plank Road, Westfield, Pennsylvania 16950|Westfield|Pennsylvania|111 Plank Road|-77.594692|41.955620|16950||https://www.facebook.com/pages/Brookfield-Maple-Products/322566231113004||||www.brookfieldmapleproducts.com||||Mar 24th, 2015
PA||Elizabeth Boone|on-farm market|onfarmmarket|1000||701511|default-onfarmmarket-4-3.jpg|Myer Hill Chicken|429 Strasburg Road, Paradise, Pennsylvania 17562|Paradise|Pennsylvania|429 Strasburg Road|-76.122298|40.00623|17562||||||https://www.myerhillchicken.com/||||Mar 25th, 2020
PA||Ben or Martha Scholl|on-farm market|onfarmmarket|1000||701233|default-onfarmmarket-4-3.jpg|Scholl Orchards|3057 Center Street, Bethlehem, Pennsylvania 18017|Bethlehem|Pennsylvania|3057 Center Street|-75.378204|40.656316|18017||www.facebook.com/schollorchardsPA||||http://schollorchards.com/||||Mar 27th, 2015
PA||Jason Mesiarik|on-farm market|onfarmmarket|1000||701234|default-onfarmmarket-4-3.jpg|Blue Slate Farm|3669 Coventryville Road, East Nantmeal, Pennsylvania 19465|East Nantmeal|Pennsylvania|3669 Coventryville Road|-75.692628|40.160960|19465||https://www.facebook.com/blueslatefarm|||@blueslatefarm|||||Mar 27th, 2015
PA||Charles P. Hottle|on-farm market|onfarmmarket|1000||701591|default-onfarmmarket-4-3.jpg|Redd Hott Cattle Co.|17800 Dry Run Road South, Dry Run, Pennsylvania 17220|Dry Run|Pennsylvania|17800 Dry Run Road South|-77.749344|40.155559|17220||https://www.facebook.com/reddhottcattleco/||||||||Mar 4th, 2021
PA||Jerry Mazur|on-farm market|onfarmmarket|1000||701507|default-onfarmmarket-4-3.jpg|Mazurs Greenhouse and Farm|329 BenVenue Rd, Zelienople , Pennsylvania 16123|Zelienople|Pennsylvania|329 BenVenue Rd|-80.156903|40.787197|16123||https://www.facebook.com/Mazurs-Greenhouse-and-Farm-225721554196893/||||||||Mar 6th, 2020
PA||Kathleen Fields|on-farm market|onfarmmarket|1000||701159|default-onfarmmarket-4-3.jpg|Flint Hill Farm Educational Center, Inc|1922 Flint Hill Road , Coopersburg, Pennsylvania 18036|Coopersburg|Pennsylvania|1922 Flint Hill Road|-75.349214|40.530732|18036||FlintHillFarmEducationalCenter, Inc.||||www.flinthillfarm.org||||Nov 1st, 2014
PA||Jason Mesiarik|on-farm market|onfarmmarket|1000||701373|default-onfarmmarket-4-3.jpg|Four Sisters Farm|3669 Coventryville Road, Pottstown, Pennsylvania 19465|Pottstown|Pennsylvania|3669 Coventryville Road|-75.692445|40.161075|19465||https://www.facebook.com/FourSistersFarmPA/|||https://twitter.com/4SistersFarm|http://www.foursisters.farm||||Oct 26th, 2016
PA||Clifford A. Bruszewski|on-farm market|onfarmmarket|1000||701302|default-onfarmmarket-4-3.jpg|Running Bear Farm Stand|848 Wallace Rd, Troy, Pennsylvania 16947|Troy|Pennsylvania|848 Wallace Rd|-76.670417|41.769243|16947||https://www.facebook.com/Running-Bear-Farm-245849665535840/||||||||Oct 28th, 2015
PA||Kim Mullen|on-farm market|onfarmmarket|1000||701126|default-onfarmmarket-4-3.jpg|Yesterdays Favorites Farm|9327 Gap Rd, Waynesboro, Pennsylvania 17268|Waynesboro|Pennsylvania|9327 Gap Rd|-77.537243|39.783349|17268||https://www.facebook.com/yesterdaysfavorites||||www.yesterdaysfavoritesfarm.com||||Oct 6th, 2014
PA||David & Elizabeth Wilson|on-farm market|onfarmmarket|1000||701059|default-onfarmmarket-4-3.jpg|Many Springs Farm|171 Many Springs Farm Road, Portersville, Pennsylvania 16051|Portersville|Pennsylvania|171 Many Springs Farm Road|-80.188447|40.9541520|16051||||||||||Sep 12th, 2014
PA||Dorene Pasekoff|on-farm market|onfarmmarket|1000||701061|default-onfarmmarket-4-3.jpg|Hill Creek Farm|75 Creamery Road, Pottstown, Pennsylvania 19465|Pottstown|Pennsylvania|75 Creamery Road|-75.607324|40.1896470|19465|http://www.hillcreekfarmpa.com/blog|https://www.facebook.com/pages/Hill-Creek-Farm/145650775611864?ref=bookmarks||||http://www.hillcreekfarmpa.com||||Sep 12th, 2014
PA||Jodi Gauker|on-farm market|onfarmmarket|1000||701062|default-onfarmmarket-4-3.jpg|Gauker Farms|846 Fleetwood Lyons Rd, Fleetwood, Pennsylvania 19522|Fleetwood|Pennsylvania|846 Fleetwood Lyons Rd|-75.797004|40.4716450|19522||www.facebook.com/gaukerfarms||||www.gaukerfarms.com||||Sep 12th, 2014
PA||Joel or Elaine  Steigman|on-farm market|onfarmmarket|1000||701067|default-onfarmmarket-4-3.jpg|small valley milling|917 small valley road, halifax, Pennsylvania 17032|halifax|Pennsylvania|917 small valley road|-76.806737|40.496228|17032||||||small valley milling.com||||Sep 13th, 2014
PA||Jan McClure|on-farm market|onfarmmarket|1000||701071|default-onfarmmarket-4-3.jpg|Acorn Hollow Farm|310 Kunkle Rd, Kittanning borough, Pennsylvania 16201|Kittanning borough|Pennsylvania|310 Kunkle Rd|-79.379299|40.774383|16201||Acorn Hollow Farm||||www.acornhollowfarm.com||||Sep 15th, 2014
PA||Mark Lopez|on-farm market|onfarmmarket|1000||701074|default-onfarmmarket-4-3.jpg|Wholesome Dairy Farms|181 Camp Road, Douglassville, Pennsylvania 19518|Douglassville|Pennsylvania|181 Camp Road|-75.739851|40.332461|19518||http://www.facebook.com/pages/Wholesome-Dairy-Farms/77319243038|||https://twitter.com/WholesomeDairy|http://www.wholesomedairyfarms.com/||||Sep 15th, 2014
PA||David Fairman|on-farm market|onfarmmarket|1000||701076|default-onfarmmarket-4-3.jpg|Fairman Farm|Snoopy Barn At 515 Knauss Rd., Nazareth, Pennsylvania 18064|Nazareth|Pennsylvania|Snoopy Barn At 515 Knauss Rd.|-75.350858|40.760277|18064||||||www.fairmanfarm.com||||Sep 15th, 2014
PA||Judi F. Radel|on-farm market|onfarmmarket|1000||701096|default-onfarmmarket-4-3.jpg|Yeehaw Farm Store and Local Foods Co Op|1600 State Road, Duncannon, Pennsylvania 17020|Duncannon|Pennsylvania|1600 State Road|-76.989257|40.3557289|17020||https://www.facebook.com/pages/Yeehaw-Farm/179809875371755||||www.yeehawfarms.com||||Sep 24th, 2014
PA||Rick Hall|on-farm market|onfarmmarket|1000||701102|default-onfarmmarket-4-3.jpg|Hulings Blueberries and Farm Market|5095 old state rd, Edinboro, Pennsylvania 16412|Edinboro|Pennsylvania|5095 old state rd|-80.130026|41.932811|16412||Hulings Blueberries||||hulingsblueberries.com||||Sep 26th, 2014
PA||David and Marjorie Manning|on-farm market|onfarmmarket|1000||701004|default-onfarmmarket-4-3.jpg|Riverview Farms|47 Jefferson St., Tidioute, Pennsylvania 16351|Tidioute|Pennsylvania|47 Jefferson St.|-79.395038|41.6849289|16351||||||http://www.riverviewfarmspa.com||||Sep 2nd, 2014
PA||Suzanne Boyce|on-farm market|onfarmmarket|1000||701009|default-onfarmmarket-4-3.jpg|Kistaco Farm Market|3403 N. Balsiger Road, Apollo borough, Pennsylvania 15613|Apollo borough|Pennsylvania|3403 N. Balsiger Road|-79.503008|40.603351|15613|http://kistacofarm.wordpress.com/|https://www.facebook.com/pages/Kistaco-Farm/151290458223231?fref=ts||||http://kistacofarm.com/||||Sep 2nd, 2014
PA||Bill Mondjack|on-farm market|onfarmmarket|1000||700096|default-onfarmmarket-4-3.jpg|Mondjack Apiaries|2236 N. 1st Ave., Whitehall, Pennsylvania 18052|Whitehall|Pennsylvania|2236 N. 1st Ave.|-75.478814|40.6495300|18052||https://www.facebook.com/Mondjackapiaries||||www.Mondjackapiaries.com||||Sep 30th, 2014
PA||Caroline and David Owens|on-farm market|onfarmmarket|1000||700306|default-onfarmmarket-4-3.jpg|Owens Farm|2611 Mile Post Rd., Sunbury, Pennsylvania 17801|Sunbury|Pennsylvania|2611 Mile Post Rd.|-76.704561|40.909558|17801||www.facebook.com/pages/Owens-Farm/168876806466611||||www.owensfarm.com||||Sep 30th, 2014
PA||Kelly Przylepa|on-farm market|onfarmmarket|1000||701015|default-onfarmmarket-4-3.jpg|Firefly Farm PA|5537 Wool Mill Road, Glenville, Pennsylvania 17329|Glenville|Pennsylvania|5537 Wool Mill Road|-76.841368|39.7516830|17329||https://www.facebook.com/pages/Firefly-Farm-PA/117241838301654||||||||Sep 3rd, 2014
PA||Ellery Troyer|on-farm market|onfarmmarket|1000||701025|default-onfarmmarket-4-3.jpg|Glenn Troyer Farms|13021 Flatts Rd., Waterford, Pennsylvania 16441|Waterford|Pennsylvania|13021 Flatts Rd.|-79.971958|41.9219327|16441||troyersstrawberryacres||||www.glenntroyerfarms.com||||Sep 5th, 2014
SC||Kathy McCaskill|on-farm market|onfarmmarket|1000||701245|default-onfarmmarket-4-3.jpg|Old McCaskill's Farm|377 Cantey Lane, Rembert, South Carolina 29128|Rembert|South Carolina|377 Cantey Lane|-80.578306|34.209886|29128||Old McCaskill\'s Farm||||oldmccaskillsfarm@gmail.com||||Apr 17th, 2015
SC||Amanda Roberts|on-farm market|onfarmmarket|1000||701330|default-onfarmmarket-4-3.jpg|Roberts Family Farm|, Kershaw , South Carolina 29067|Kershaw|South Carolina||-80.583683|34.5518201|29067||https://www.facebook.com/RobertsFamilyFarmKershaw/||||http://amandaroberts004.wix.com/robertsfamilyfarm||||Apr 21st, 2016
SC||Lynn Dixon|on-farm market|onfarmmarket|1000||700595|default-onfarmmarket-4-3.jpg|McLeod Farms Market|29247 Hwy 151 South, McBee, South Carolina 29101|McBee|South Carolina|29247 Hwy 151 South|-80.192793|34.436374|29101|www.youtube.com/user/mcleodfarm|www.facebook.com/mcleodfarms||||www.macspride.com||||Aug 13th, 2014
SC||Jene Goddard|on-farm market|onfarmmarket|1000||700526|default-onfarmmarket-4-3.jpg|Springs Farm|1010 Springfield Parkway, Fort Mill, South Carolina 29716|Fort Mill|South Carolina|1010 Springfield Parkway|-80.914580|35.0404714|29716||www.facebook.com/springsfarm||||www.springsfarm.com||||Aug 19th, 2014
SC||Sherri McMurray|on-farm market|onfarmmarket|1000||700849|default-onfarmmarket-4-3.jpg|The Peach Stand|1325 Hwy 160 West, Fort Mill, South Carolina 29715|Fort Mill|South Carolina|1325 Hwy 160 West|-80.957669|35.0193339|29715||www.facebook.com/peachstand||||www.peachstand.com||||Aug 19th, 2014
SC||Larry C. Cook|on-farm market|onfarmmarket|1000||700885|default-onfarmmarket-4-3.jpg|Cook's Farm|1236 Augusta Road, Trenton, South Carolina 29847|Trenton|South Carolina|1236 Augusta Road|-81.872007|33.7458417|29847||https://www.facebook.com/pages/Cooks-Roadside-Market/210756652278667||||http://www.cooksfarm.com||||Aug 22nd, 2014
SC||Ed and Kitty Land|on-farm market|onfarmmarket|1000||700079|default-onfarmmarket-4-3.jpg|Chattooga Belle Farm|454 Damascus Church Road, Long Creek, South Carolina 29658|Long Creek|South Carolina|454 Damascus Church Road|-83.267578|34.7667603|29658||https://www.facebook.com/pages/Chattooga-Belle-Farm/320833894116?ref=hl||||www.ChattoogaBelleFarm.com||||Aug 26th, 2014
SC||Wilbur R. White|on-farm market|onfarmmarket|1000||700954|default-onfarmmarket-4-3.jpg|Whites Jersey Dairy|, Taylors, South Carolina 29687|Taylors|South Carolina||-82.348271|34.999269|29687||||||||||Aug 27th, 2014
SC||Ray Kenner|on-farm market|onfarmmarket|1000||700965|default-onfarmmarket-4-3.jpg|RAZE Organic Grown Products|135 Mustang Dr, Graniteville, South Carolina 29829|Graniteville|South Carolina|135 Mustang Dr|-81.862388|33.5306160|29829||||||||||Aug 27th, 2014
SC||Jesse Adkins|on-farm market|onfarmmarket|1000||700995|default-onfarmmarket-4-3.jpg|Hurricane Creek Farms|220 Moores Mill Rd., Pelzer, South Carolina 29669|Pelzer|South Carolina|220 Moores Mill Rd.|-82.496322|34.6826653|29669||https://www.facebook.com/HurricaneCreekFarms||||www.hurricanecreekfarms.com||||Aug 30th, 2014
SC|||on-farm market|onfarmmarket|1000||700717|default-onfarmmarket-4-3.jpg|The Ivy Place LLC|8603 Van Wyck Road, Lancaster, South Carolina 29720|Lancaster|South Carolina|8603 Van Wyck Road|-80.860885|34.8909080|29720||www.facebook.com/theivyplace|||www.twitter.com/theivyplace|www.ivyplaceevents.com||||Aug 7th, 2014
SC||Lorrie Johnson|on-farm market|onfarmmarket|1000||701378|default-onfarmmarket-4-3.jpg|Lil Johnson Rayanch|213 Clatty Farm Rd., Ruffin, South Carolina 29475|Ruffin|South Carolina|213 Clatty Farm Rd.|-80.784118|33.0465746|29475||||||||||Dec 14th, 2016
SC||Jason Tate|on-farm market|onfarmmarket|1000||701501|default-onfarmmarket-4-3.jpg|Bohica Pepper Hut|100 LYLE ST, MAULDIN, South Carolina 29662|MAULDIN|South Carolina|100 LYLE ST|-82.299578|34.785966|29662||https://business.facebook.com/BohicaPepperHut|||https://twitter.com/BohicaPepperHut|www.bohicapepperhut.com||||Feb 7th, 2020
SC||Kelly Watson|on-farm market|onfarmmarket|1000||701193|default-onfarmmarket-4-3.jpg|Watson Farms Pastured Meats|713 Colony Road, Chester, South Carolina 29706|Chester|South Carolina|713 Colony Road|-81.213222|34.811077|29706|http://www.watsonfarmsbeef.com/?feed=rss2|http://www.facebook.com/watsonfarms|||http://twitter.com/watsonfarmsbeef|http://www.watsonfarmsbeef.com/||||Jan 8th, 2015
SC||Davis W Dempsey|on-farm market|onfarmmarket|1000||700497|default-onfarmmarket-4-3.jpg|Dempsey Farms UPick|1576 Sea Island Parkway , Saint Helena Island, South Carolina 29920|Saint Helena Island|South Carolina|1576 Sea Island Parkway|-80.509848|32.412935|29920||||||dempseyfarmsupick.com||||Jul 26th, 2014
SC|||on-farm market|onfarmmarket|1000||700754|default-onfarmmarket-4-3.jpg|Hickory Bluff Berry Farm|245 Hickory Bluff Lane, Holly Hill, South Carolina 29059|Holly Hill|South Carolina|245 Hickory Bluff Lane|-80.342703|33.257054|29059||||||||||Jul 26th, 2014
SC|||on-farm market|onfarmmarket|1000||700768|default-onfarmmarket-4-3.jpg|Anderson Vineyards|1221 Riddle Rd, Pauline, South Carolina 29374|Pauline|South Carolina|1221 Riddle Rd|-81.885337|34.7909070|29374||||||||||Jul 26th, 2014
SC||Russell Singleton|on-farm market|onfarmmarket|1000||700027|default-onfarmmarket-4-3.jpg|Sunny Cedars Farm|701 Singleton Lane, Sumter, South Carolina 29154|Sumter|South Carolina|701 Singleton Lane|-80.361804|33.8962570|29154||https://www.facebook.com/sunnycedars||||www.sunnycedars.com||||Jul 27th, 2014
SC|||on-farm market|onfarmmarket|1000||700191|default-onfarmmarket-4-3.jpg|The Carolina Honey Bee Company - Carolina Bee Supply LLC|10 South Main Street, Travelers Rest, South Carolina 29690|Travelers Rest|South Carolina|10 South Main Street|-82.443133|34.967438|29690||https://www.facebook.com/CarolinaHoneyBeeCompany|||https://twitter.com/CarolinaBeeCo|https://www.carolinahoneybeecompany.com||||Jul 27th, 2014
SC||Dana Wiley|on-farm market|onfarmmarket|1000||700227|default-onfarmmarket-4-3.jpg|Southern Oaks Jersey Farm & Creamery|1458 Hwy. 20, Abbeville, South Carolina 29620|Abbeville|South Carolina|1458 Hwy. 20|-82.377913|34.179935|29620||||||||||Jul 27th, 2014
SC||Michael Carden|on-farm market|onfarmmarket|1000||701592|default-onfarmmarket-4-3.jpg|Ambert Farm|2885 Steeplechase Dr., Dalzell, South Carolina 29040|Dalzell|South Carolina|2885 Steeplechase Dr.|-80.431956|34.02079|29040|https://www.ambertfarm.com/blog|https://www.facebook.com/AmbertFarm|||https://twitter.com/AmbertFarm|https://www.ambertfarm.com||||Mar 17th, 2021
SC||Walker Miller and Family|on-farm market|onfarmmarket|1000||700381|default-onfarmmarket-4-3.jpg|The Happy Berry|510 Gap Hill Rd. - No Mail Receptacle, Six Mile, South Carolina 29682|Six Mile|South Carolina|510 Gap Hill Rd. - No Mail Receptacle|-82.869578|34.839952|29682||||||www.thehappyberry.com||||Oct 13th, 2014
SC||Patrick Tyndall|on-farm market|onfarmmarket|1000||701136|default-onfarmmarket-4-3.jpg|Blythewood Beef|2331 Muller Road, Blythewood, South Carolina 29016|Blythewood|South Carolina|2331 Muller Road|-81.063775|34.2182530|29016||facebook.com/blythewoodbeef||||www.blythewoodbeef.com||||Oct 15th, 2014
SC||Tommy Satterfield|on-farm market|onfarmmarket|1000||701137|default-onfarmmarket-4-3.jpg|Satterfield Farms|140 Edith Drive, Taylors, South Carolina 29687|Taylors|South Carolina|140 Edith Drive|-82.316623|34.972519|29687||||||http://www.facebook.com/satterfieldgrassfedbeef||||Oct 15th, 2014
SC||Lynn Galvez|on-farm market|onfarmmarket|1000||701122|default-onfarmmarket-4-3.jpg|Roger Ridge Ranch|4700 Canaan Church Road, Smyrna, South Carolina 29743|Smyrna|South Carolina|4700 Canaan Church Road|-81.412930|35.0464950|29743||www.facebook.com/rogerridgeranch||||www.rogerridgeranch.com||||Oct 3rd, 2014
SC||Ernie Drawdy|on-farm market|onfarmmarket|1000||700658|default-onfarmmarket-4-3.jpg|Brigger Hill Farm|1884 Bugby Plantation Road, Wadmalaw Island, South Carolina 29487|Wadmalaw Island|South Carolina|1884 Bugby Plantation Road|-80.090394|32.7059843|29487||||||||||Oct 6th, 2014
SC|||on-farm market|onfarmmarket|1000||700485|default-onfarmmarket-4-3.jpg|Bruces Blueberries|141 Rainbow Road, Conway, South Carolina 29526|Conway|South Carolina|141 Rainbow Road|-78.948363|33.889692|29526||||||||||Sep 17th, 2014
SC||greg johnsman|on-farm market|onfarmmarket|1000||700772|default-onfarmmarket-4-3.jpg|Geechie Boy Market Mill|2995 highway 174, Edisto Island, South Carolina 29438|Edisto Island|South Carolina|2995 highway 174|-80.347605|32.5974480|29438||geechie boy mill|||https://www.twitter.com/geechie boy mill|geechieboymill.com||||Sep 18th, 2014
SC||Jeff R. Harrelson|on-farm market|onfarmmarket|1000||701026|default-onfarmmarket-4-3.jpg|Natural Grown Meats|413 29th Avenue North, North Myrtle Beach, South Carolina|North Myrtle Beach|South Carolina|413 29th Avenue North|-78.639880|33.8328660|||Natural Grown Meats Owners Jeff & Tara Harrelson||||NaturalGrownMeats.com||||Sep 23rd, 2014
SC||Blue Pearl Farms|on-farm market|onfarmmarket|1000||700329|default-onfarmmarket-4-3.jpg|Blue Pearl Farms|9760 Randall Rd, McClellanville, South Carolina 29458|McClellanville|South Carolina|9760 Randall Rd|-79.501693|33.0961315|29458||https://www.facebook.com/bluepearlfarmspage||||bluepearlfarms.com||||Sep 2nd, 2014
SC||Carol Williams|on-farm market|onfarmmarket|1000||701110|default-onfarmmarket-4-3.jpg|MILLGROVE FARMS TOWN MARKET|1711 North Fraser Street, Georgetown, South Carolina 29440|Georgetown|South Carolina|1711 North Fraser Street|-79.289779|33.3987310|29440||https://www.facebook.com/pages/Millgrove-Farms/153647867865?ref=hl|||https://twitter.com/MillgroveFarms|http://www.millgrovefarms.com/||||Sep 30th, 2014
SD||Wanda Bethke|on-farm market|onfarmmarket|1000||700057|default-onfarmmarket-4-3.jpg|Purity Seeds|41247 178th St, Raymond, South Dakota 57258|Raymond|South Dakota|41247 178th St|-97.964041|44.828767|57258||https://www.facebook.com/purityseeds||||www.purityseedsUSA.com||||Aug 1st, 2014
SD||Beverly Lamers|on-farm market|onfarmmarket|1000||701379|default-onfarmmarket-4-3.jpg|Sunset Gardens, LLC|12871 467th Ave, Browns  Valley, South Dakota 56219|Browns  Valley|South Dakota|12871 467th Ave|-96.861851|45.518557|56219||||||||||Dec 19th, 2016
SD||Kyle Haroldson|on-farm market|onfarmmarket|1000||701500|default-onfarmmarket-4-3.jpg|Haroldson Farms|20044 464th Ave., Bruce, South Dakota 57220|Bruce|South Dakota|20044 464th Ave.|-96.889634|44.437716|57220||https://www.facebook.com/HaroldsonFarms/||||https://hardsonfarms.com/||||Jan 31st, 2020
SD||Terry Lehmkuhl|on-farm market|onfarmmarket|1000||700479|default-onfarmmarket-4-3.jpg|Springerridge|8 Miles SW, Gettysburg, South Dakota 57442|Gettysburg|South Dakota|8 Miles SW|-100.02100|44.940829|57442|www.countrymarketpierre.com|https://www.facebook.com/pages/Springerridge-Barnyard-Products/139944099427072||||www.facebook.com/Springerridge%20Barnyard%20Products||||Jul 26th, 2014
SD||Vaughn Reints|on-farm market|onfarmmarket|1000||701455|default-onfarmmarket-4-3.jpg|Better Roots Farm, LLC|41885 130th St., Pierpont, South Dakota 57468|Pierpont|South Dakota|41885 130th St.|-97.840340|45.500131|57468||https://www.facebook.com/betterrootsfarm/||||www.betterrootsfarm.com||||Jul 4th, 2018
SD||Alex Ufford|on-farm market|onfarmmarket|1000||700448|default-onfarmmarket-4-3.jpg|Ufford Hills Pumpkin Patch and Corn Maze|3691 East Main Street, Vermillion, South Dakota 57069|Vermillion|South Dakota|3691 East Main Street|-96.877792|42.779161|57069||Uffordhills||||uffordhills.net||||Nov 27th, 2014
SD||Stephanie Peterson|on-farm market|onfarmmarket|1000||701374|default-onfarmmarket-4-3.jpg|Fruit of the Coop|8700 E Sunset Circle, Brandon, South Dakota 57005|Brandon|South Dakota|8700 E Sunset Circle|-96.618427|43.578181|57005||www.facebook.com/fruitofthecoop||||www.fruitofthecoop.com||||Oct 28th, 2016
SD||Sherilyn Ortman|on-farm market|onfarmmarket|1000||700432|default-onfarmmarket-4-3.jpg|Berrybrook Organics & U-Pick|44578 280th Street, Marion, South Dakota 57043|Marion|South Dakota|44578 280th Street|-97.284107|43.3287083|57043||https://www.facebook.com/pages/Berrybrook-Organics/576031785742694||||www.berrybrookorganics.com||||Sep 16th, 2014
TN||Ruth Fuqua|on-farm market|onfarmmarket|1000||700337|default-onfarmmarket-4-3.jpg|Hickory Bluff Alpaca Farms|7236 Lebanon Road, Mount Juliet, Tennessee 37122|Mount Juliet|Tennessee|7236 Lebanon Road|-86.445603|36.2262720|37122||https://www.facebook.com/pages/Hickory-Bluff-Alpaca-Store/113452238708465||||www.hickorybluffalpacas@comcast.net||||Aug 13th, 2014
TN||Warren Tamargo|on-farm market|onfarmmarket|1000||700893|default-onfarmmarket-4-3.jpg|Country Meadows Farm|111 county road 663, Athens, Tennessee 37303|Athens|Tennessee|111 county road 663|-84.578432|35.408838|37303||||||||||Aug 23rd, 2014
TN||Manford Crum|on-farm market|onfarmmarket|1000||700949|default-onfarmmarket-4-3.jpg|Crum Farms Market|7865 Jones Bend Rd, Cottage Grove , Tennessee 38224|Cottage Grove|Tennessee|7865 Jones Bend Rd|-88.450047|36.3407380|38224||||||www.crumfarms.com||||Aug 26th, 2014
TN||Bernie Ellis|on-farm market|onfarmmarket|1000||700453|default-onfarmmarket-4-3.jpg|Trace View Farm|5985 Fly Hollow Road, Santa Fe, Tennessee 38482|Santa Fe|Tennessee|5985 Fly Hollow Road|-87.180602|35.813344|38482||||||||||Aug 28th, 2014
TN||Teresa Folsom|on-farm market|onfarmmarket|1000||700987|default-onfarmmarket-4-3.jpg|Folsom Farms|930 County Line Road, Alexandria, Tennessee 37012|Alexandria|Tennessee|930 County Line Road|-86.066179|36.0742679|37012||||||folsomfarms.com||||Aug 29th, 2014
TN||Baker Mountain Farm|on-farm market|onfarmmarket|1000||700436|default-onfarmmarket-4-3.jpg|Apples and More Baker Mountain Farm|351 Pioneer Lane, Spencer, Tennessee 38585|Spencer|Tennessee|351 Pioneer Lane|-85.508244|35.6268090|38585||www.facebook.com/BakerMountainFarm||||www.BakerMountainFarm.com||||Aug 7th, 2014
TN|||on-farm market|onfarmmarket|1000||700438|default-onfarmmarket-4-3.jpg|Sunbright Farm|4575 Goodman Rd, Adams, Tennessee 37010|Adams|Tennessee|4575 Goodman Rd|-87.090102|36.5341940|37010||||||||||Aug 8th, 2014
TN||shannon miller|on-farm market|onfarmmarket|1000||701549|default-onfarmmarket-4-3.jpg|Lick Skillet Farm|800 Lick Skillet Lane, new market, Tennessee 37820|new market|Tennessee|800 Lick Skillet Lane|-83.594876|36.096586|37820|https://lickskillet.farm/blog|https://www.facebook.com/lickskilletfarmtn/?view_public_for=606733313099150||||https://lickskillet.farm/||||Aug 9th, 2020
TN||Terry Skeen|on-farm market|onfarmmarket|1000||700229|default-onfarmmarket-4-3.jpg|Honeys Blueberry Farm|4333 Kingston Hwy, Loudon, Tennessee 37774|Loudon|Tennessee|4333 Kingston Hwy|-84.381906|35.838957|37774||||||||||Jul 26th, 2014
TN||John Scott|on-farm market|onfarmmarket|1000||700288|default-onfarmmarket-4-3.jpg|Scott Apiaries|3318 Beech Bluff Rd, Jackson, Tennessee 38301|Jackson|Tennessee|3318 Beech Bluff Rd|-88.704793|35.612607|38301||||||||||Jul 26th, 2014
TN||Fred Schrock|on-farm market|onfarmmarket|1000||700558|default-onfarmmarket-4-3.jpg|Schrock Honeyacres|154 Schrock Lane, Monterey, Tennessee 38574|Monterey|Tennessee|154 Schrock Lane|-85.130135|36.200363|38574||||||||||Jul 26th, 2014
TN||Don Henry|on-farm market|onfarmmarket|1000||700212|default-onfarmmarket-4-3.jpg|The Orchard|6900 Blackberry Lane, Cross Plains, Tennessee 37049|Cross Plains|Tennessee|6900 Blackberry Lane|-86.750552|36.5423980|37049|none|none||||the0rchard13@yahoo.com||||Jul 27th, 2014
TN||Thomas Cook|on-farm market|onfarmmarket|1000||700380|default-onfarmmarket-4-3.jpg|Cook's Ranch Beef|3509 Shady Grove Rd., Clarksville, Tennessee 37043|Clarksville|Tennessee|3509 Shady Grove Rd.|-87.200488|36.476291|37043||||||http://www.cooksranchbeef.com/||||Jul 27th, 2014
TN||Beverly Wall|on-farm market|onfarmmarket|1000||700715|default-onfarmmarket-4-3.jpg|J&J Century Farm|1219 Saint Michael Rd, Southside, Tennessee 37171|Southside|Tennessee|1219 Saint Michael Rd|-87.320000|36.317353|37171||https://www.facebook.com/pages/JJ-Century-Farm/119301329270||||jandjcenturyfarm.com||||Jul 27th, 2014
TN||Tammy Brewer|on-farm market|onfarmmarket|1000||700744|default-onfarmmarket-4-3.jpg|Brewers Mushrooms|850 Hide A Way Road, Dandridge, Tennessee 37725|Dandridge|Tennessee|850 Hide A Way Road|-83.538797|35.999641|37725||https://www.facebook.com/brewersmushrooms||||www.brewersmushrooms.com||||Jul 27th, 2014
TN||Brinna Sallee|on-farm market|onfarmmarket|1000||700532|default-onfarmmarket-4-3.jpg|Hidden Springs Orchard|2204 Spring Creek Road, Cookeville, Tennessee 38501|Cookeville|Tennessee|2204 Spring Creek Road|-85.511189|36.321966|38501||||||http://www.hiddenspringsorchard.com/Hidden_Springs_Orchard/Home.html||||Jul 28th, 2014
TN||Larry Thompson|on-farm market|onfarmmarket|1000||700691|default-onfarmmarket-4-3.jpg|Larry Thompson Farm|236 Charlie Carsom Road, Jonesborough, Tennessee 37659|Jonesborough|Tennessee|236 Charlie Carsom Road|-82.506812|36.188927|37659||||||||||Jul 28th, 2014
TN||Ron & Judi Grennier|on-farm market|onfarmmarket|1000||700632|default-onfarmmarket-4-3.jpg|Bee Sweet Berry Farm|1442 Globe Road, Lewisburg, Tennessee 37091|Lewisburg|Tennessee|1442 Globe Road|-86.871369|35.4242822|37091||https://www.facebook.com/beesweetberryfarm||||www.beesweetberryfarm.com||||Jul 29th, 2014
TN||Dan and Debbie Eiser|on-farm market|onfarmmarket|1000||700366|default-onfarmmarket-4-3.jpg|Blueberries on the Buffalo Farm|78 Cemetery Road, Lawrenceburg, Tennessee 38464|Lawrenceburg|Tennessee|78 Cemetery Road|-87.401452|35.4021592|38464||||||http://www.localharvest.org/blueberries-on-the-buffalo-farm-M11313||||Jul 30th, 2014
TN||Jim Holbert|on-farm market|onfarmmarket|1000||700516|default-onfarmmarket-4-3.jpg|Country Lane Farm|351 Kearney Road, New Market, Tennessee 37820|New Market|Tennessee|351 Kearney Road|-83.535384|36.067779|37820||||||||||Jul 30th, 2014
TN||russell hatley|on-farm market|onfarmmarket|1000||700762|default-onfarmmarket-4-3.jpg|Rosemark Vinyards|8605 Kerrville-Rosemark, Millington, Tennessee 38053|Millington|Tennessee|8605 Kerrville-Rosemark|-89.775799|35.3622159|38053||||||||||Jul 30th, 2014
TN||JB Brown|on-farm market|onfarmmarket|1000||700142|default-onfarmmarket-4-3.jpg|Farmer Brown's Hydroponics|678 Arch Cope Road, Morrison, Tennessee 37357|Morrison|Tennessee|678 Arch Cope Road|-85.856623|35.642861|37357||https://www.facebook.com/FarmerBrowns||||www.mcminnville.locallygrown.net||||Mar 23rd, 2015
TN||Shawn Hensley|on-farm market|onfarmmarket|1000||700631|default-onfarmmarket-4-3.jpg|Bell Point Farms|5374 Granville Highway, Granville, Tennessee 38564|Granville|Tennessee|5374 Granville Highway|-85.756980|36.275492|38564||https://www.facebook.com/pages/Bell-Point-Farms/430747496942129||||http://bellpointfarms.weebly.com||||Mar 23rd, 2015
TN||Brenda Thedford|on-farm market|onfarmmarket|1000||700464|default-onfarmmarket-4-3.jpg|Thedfords Blueberry Patch|100 John Deere Dr., Spring City, Tennessee 37381|Spring City|Tennessee|100 John Deere Dr.|-84.865813|35.665743|37381||||||www.facebook.com/pages/Thedfords-Blueberries/215898395115204||||Mar 24th, 2015
TN||Chris Wilson|on-farm market|onfarmmarket|1000||700385|default-onfarmmarket-4-3.jpg|Clover Creek Farm|529 Harmony Road, Jonesborough, Tennessee 37659|Jonesborough|Tennessee|529 Harmony Road|-82.569877|36.3583110|37659||||||clovercreekhairsheep.com||||Mar 26th, 2015
TN||Shelly Newcomb|on-farm market|onfarmmarket|1000||701640|default-onfarmmarket-4-3.jpg|Newcomb Family Farm|2842 Nashville Hwy, Lewisburg, Tennessee 37091|Lewisburg|Tennessee|2842 Nashville Hwy|-86.714830|35.512247|37091||https://m.facebook.com/108685953854665/||||||||Mar 2nd, 2022
TN||Kinzi Herron|on-farm market|onfarmmarket|1000||701255|default-onfarmmarket-4-3.jpg|Herron Family Pastures|1810 Farmington Drive, Franklin, Tennessee 37069|Franklin|Tennessee|1810 Farmington Drive|-86.875964|35.9842070|37069|||||Twitter.com/herronpastures|http://herronfamilypastures.com||||May 14th, 2015
TN||Ed Harrison|on-farm market|onfarmmarket|1000||701257|default-onfarmmarket-4-3.jpg|Local Living Farm|5318 Hickory Hollow Parkway, Antioch, Tennessee 37013|Antioch|Tennessee|5318 Hickory Hollow Parkway|-86.653208|36.046995|37013|www.locallivingfarm/blog/|facebook.com/locallivingfarm|||@LocalLivingFarm|www.locallivingfarm.com||||May 14th, 2015
TN||Kathleen Proffitt|on-farm market|onfarmmarket|1000||701615|default-onfarmmarket-4-3.jpg|Hoodley Creek|9840 Baileyton Road, Afton, Tennessee 37616|Afton|Tennessee|9840 Baileyton Road|-82.820628|36.293384|37616||www.facebook.com/hoodleycreek|||hoodleycreek|www.hoodleycreek.com||||Sep 10th, 2021
TN||Jana Graziano|on-farm market|onfarmmarket|1000||700160|default-onfarmmarket-4-3.jpg|Clear Springs Farm|8411 Thompson School Rd., Corryton, Tennessee 37721|Corryton|Tennessee|8411 Thompson School Rd.|-83.877905|36.1429509|37721||https://www.facebook.com/clearspringsfarm||||Clearspringsfarm.org||||Sep 16th, 2014
TN||Jonathon Mixon|on-farm market|onfarmmarket|1000||700837|default-onfarmmarket-4-3.jpg|John Mixon Farms|10499 Lakeshore Drive, Rutledge , Tennessee|Rutledge|Tennessee|10499 Lakeshore Drive|-83.440651|36.2389460|||https://www.facebook.com/JohnMixonFarms||||||||Sep 23rd, 2014
TN|||on-farm market|onfarmmarket|1000||701016|default-onfarmmarket-4-3.jpg|Green Door Gourmet|7011 River Road Pike, nashville, Tennessee|nashville|Tennessee|7011 River Road Pike|-86.936748|36.1406280|||https://www.facebook.com/GreenDoorGourmet||||http://www.greendoorgourmet.com/||||Sep 23rd, 2014
TN|||on-farm market|onfarmmarket|1000||700561|default-onfarmmarket-4-3.jpg|Santa's Berry Farm|620 Towee Falls Road, Tellico Plains, Tennessee 37385|Tellico Plains|Tennessee|620 Towee Falls Road|-84.390989|35.272781|37385||https://www.facebook.com/grampysanta?ref=hl||||||||Sep 29th, 2014
TN||Alex McGregor|on-farm market|onfarmmarket|1000||701010|default-onfarmmarket-4-3.jpg|Walden Farm|840 Murrell Rd., Signal Mountain, Tennessee 37377|Signal Mountain|Tennessee|840 Murrell Rd.|-85.326187|35.150499|37377||www.facebook.com/waldenorganicfarm||||||||Sep 2nd, 2014
TN||W Anson Woodall|on-farm market|onfarmmarket|1000||701013|default-onfarmmarket-4-3.jpg|Woodall Farm Strawberries|4452 Kinney\'s School Road, Cedar Hill, Tennessee 37032|Cedar Hill|Tennessee|4452 Kinney\'s School Road|-86.938033|36.527640|37032||https://www.facebook.com/Woodallfarm||||Picktnproducts.com||||Sep 2nd, 2014
TN||shari moss|on-farm market|onfarmmarket|1000||700690|default-onfarmmarket-4-3.jpg|Little Creek Produce|3500 Gainesboro Grade, Cookeville, Tennessee 38501|Cookeville|Tennessee|3500 Gainesboro Grade|-85.550841|36.204314|38501||little creek produce||||www.littlecreekproduce.com||||Sep 30th, 2014
TN||Kara Warwick|on-farm market|onfarmmarket|1000||701021|default-onfarmmarket-4-3.jpg|WEE|, Sweetwater , Tennessee|Sweetwater|Tennessee||-84.347185|35.588133|||https://www.facebook.com/WEEinTN||||https://sites.google.com/site/weeintn/||||Sep 4th, 2014
TX||Wolf Kuhlemeier|on-farm market|onfarmmarket|1000||701515|default-onfarmmarket-4-3.jpg|WCF Neighborhood Farmers Market|5301 County Road 1260, Lubbock, Texas 79407|Lubbock|Texas|5301 County Road 1260|-102.03007|33.544297|79407||@wcfarmstx||||Wcfarmstx.com||||Apr 6th, 2020
TX||Ward & Jill Taylor|on-farm market|onfarmmarket|1000||700829|default-onfarmmarket-4-3.jpg|Taylor Farm|1003 private rd 3081, Lexington , Texas 78947|Lexington|Texas|1003 private rd 3081|-97.158258|30.384445|78947||Www.facebook.com/taylorstxfarm||||Taylor farm.org||||Aug 11th, 2014
TX||Germaine Swenson|on-farm market|onfarmmarket|1000||700830|default-onfarmmarket-4-3.jpg|Munkebo Farm|20826 Blake Manor Rd., Manor, Texas 78653|Manor|Texas|20826 Blake Manor Rd.|-97.482753|30.2618250|78653||||||www.munkebofarm.com||||Aug 12th, 2014
TX|Open: Year-round<br>Available Products: Fresh fruits;Fresh vegetables;Bedding plants;Cut flowers;Eggs;Fresh/dried herbs;Honey;|Gracie Cavnar|on-farm market|onfarmmarket|1000|Hope Farms is a seven acre farm located in the heart of Houston\'s Sunnyside neighborhood where we grow healthy food, train veterans and others to become professional farmers, teach children and adults how to grow and cook healthy food and provide a gathering place for neighbors near and far to learn about and celebrate local food. Visit our market stand every Saturday from 9-1 to purchase freshly harvested produce, or our once-a-month First Wednesday evening market with local artisan vendors, fresh produce, and fun activities! Located on the corner of Airport and Scott Street.|701486|onfarmmarket_701486_12618_20230812133114.png|Hope Farms Market|10401 Scott Street, Houston , Texas 77051|Houston|Texas|10401 Scott Street|-95.367588|29.645582|77051||https://www.facebook.com/HopeFarmsHTX|https://www.instagram.com/r4sfoundation/|||Www.hopefarmshtx.org||Hope Farms is a seven acre farm located in the heart of Houston\'s Sunnyside neighborhood ...||Aug 12th, 2023
TX||Jane Levan|on-farm market|onfarmmarket|1000||700392|default-onfarmmarket-4-3.jpg|Dewberry Hills Farm|5619 FM 1624, Lexington, Texas 78947|Lexington|Texas|5619 FM 1624|-97.027186|30.403759|78947||https://www.facebook.com/pages/Dewberry-Hills-Farm/282475245128234||||www.dhfarms.com||||Aug 14th, 2014
TX||Veronica Mandujano|on-farm market|onfarmmarket|1000||700508|default-onfarmmarket-4-3.jpg|Mandujano Brothers|FM 1776 And Watermelon Row, Coyanosa, Texas 79730|Coyanosa|Texas|FM 1776 And Watermelon Row|-103.06756|31.263145|79730||www.facebook.com/mandujanobrothersproduce||||||||Aug 14th, 2014
TX||Matt Schiel|on-farm market|onfarmmarket|1000||700952|default-onfarmmarket-4-3.jpg|Bar M Ranch|26319 Decker Prairie Rosehill Rd., Magnolia, Texas 77355|Magnolia|Texas|26319 Decker Prairie Rosehill Rd.|-95.672724|30.125433|77355||https://www.facebook.com/pages/Bar-M-Ranch/138325886265765||||www.bmrcattle.com||||Aug 26th, 2014
TX||Kevin Lundgren|on-farm market|onfarmmarket|1000||700281|default-onfarmmarket-4-3.jpg|Lund Produce Co. Branchgrove Farms|15906 County Line Rd., Elgin, Texas 78621|Elgin|Texas|15906 County Line Rd.|-97.390609|30.394821|78621||||||||||Aug 27th, 2014
TX||Louis Duffield|on-farm market|onfarmmarket|1000||700471|default-onfarmmarket-4-3.jpg|Stoney Brook Farm|6427 South Farm Road 225, Nacogdoches, Texas 75964|Nacogdoches|Texas|6427 South Farm Road 225|-94.503789|31.4432005|75964||||||Stoneybrookfrm@sbcglobal||||Aug 28th, 2014
TX||Wayne DuBose|on-farm market|onfarmmarket|1000||700968|default-onfarmmarket-4-3.jpg|Spoiled Hen Coop and Run|, Diboll, Texas|Diboll|Texas||-94.768853|31.261484|||||||||||Aug 28th, 2014
TX||Paul Thomas|on-farm market|onfarmmarket|1000||701001|default-onfarmmarket-4-3.jpg|Grapevine Farms|2826 West Lake Road Abilene, Texas 79601|Abilene|Texas|2826 West Lake Road,|-99.725288|32.4825850|79601||grapevinefarms||||www.grapevinefarms.com||||Aug 31st, 2014
TX||Travis Moles|on-farm market|onfarmmarket|1000||701291|default-onfarmmarket-4-3.jpg|Moleyville Farms|672 fm 4116, Campbell , Texas 75422|Campbell|Texas|672 fm 4116|-95.888151|33.144244|75422||||||||||Aug 5th, 2015
TX||Carolyn White|on-farm market|onfarmmarket|1000||701314|default-onfarmmarket-4-3.jpg|Honey's Acres Farm|1350 Stoney Creek Dr, Cedar Hill, Texas 75104|Cedar Hill|Texas|1350 Stoney Creek Dr|-96.937545|32.561252|75104||Honey\'s Acres Farm||||||||Feb 6th, 2016
TX||Rachel Leveridge|on-farm market|onfarmmarket|1000||701470|default-onfarmmarket-4-3.jpg|Texas US Farms|15631 Autumn Oaks Ln, Iola, Texas 77861|Iola|Texas|15631 Autumn Oaks Ln|-96.110927|30.699648|77861||https://www.facebook.com/TexasUSfarms/?ref=bookmarks||||www.texasusfarms.com||||Feb 8th, 2019
TX||James Hooser|on-farm market|onfarmmarket|1000||701471|default-onfarmmarket-4-3.jpg|Mill Creek Meat Company LLC|2408 Hamrock Rd, Italy, Texas 76651|Italy|Texas|2408 Hamrock Rd|-96.862786|32.100708|76651||||||millcreekmeatcompany.com||||Feb 9th, 2019
TX||David Brown|on-farm market|onfarmmarket|1000||701575|default-onfarmmarket-4-3.jpg|Blessed Organics LLC|6176 RIVER PARK PL, EL PASO, Texas 79932|EL PASO|Texas|6176 RIVER PARK PL|-106.61736|31.878107|79932||||||https://www.BlessedOrganicsLLC.com/||||Jan 14th, 2021
TX||Luke Ficarro|on-farm market|onfarmmarket|1000||701499|default-onfarmmarket-4-3.jpg|Ficarro Farms|, Corpus Christi, Texas 78413|Corpus Christi|Texas||-97.402830|27.682065|78413|ficarrofarms.com/blog/||||twitter.com/lfficarro|ficarrofarms.com||||Jan 25th, 2020
TX||Cindy Meredith|on-farm market|onfarmmarket|1000||700021|default-onfarmmarket-4-3.jpg|The Herb Cottage|442 CR 233, Hallettsville, Texas 77964|Hallettsville|Texas|442 CR 233|-96.927152|29.5629932|77964|http://theherbcottage.blogspot.com/|https://www.facebook.com/theherbcottage|||https://twitter.com/herbiecott|http://theherbcottage.com||||Jul 26th, 2014
TX||Phyllis Vaselniuck|on-farm market|onfarmmarket|1000||700722|default-onfarmmarket-4-3.jpg|Echo Springs Blueberry Farm|7235 FM 607, Brownsboro, Texas 75778|Brownsboro|Texas|7235 FM 607|-95.640854|32.2439146|75778||||||www.echospringsblueberyfarm.com||||Jul 26th, 2014
TX||Conan Martin|on-farm market|onfarmmarket|1000||700112|default-onfarmmarket-4-3.jpg|Liberty Farms Dairy|287 County Road 2495, Hico, Texas 76457|Hico|Texas|287 County Road 2495|-97.964857|31.991469|76457||https://www.facebook.com/libertyfarmsdairy||||www.libertdairyfarms.com||||Jul 27th, 2014
TX||Rita Anders|on-farm market|onfarmmarket|1000||700240|default-onfarmmarket-4-3.jpg|Cuts Of Color|1166 CR 210, Weimar, Texas 78962|Weimar|Texas|1166 CR 210|-96.704865|29.679000|78962||https://www.facebook.com/pages/Cuts-Of-Color/114984438567908||||www.cutsofcolor.com||||Jul 27th, 2014
TX||Richard Flayler|on-farm market|onfarmmarket|1000||700578|default-onfarmmarket-4-3.jpg|Flaylers Fruit Farm|11366 Hahn Rd, Sealy, Texas 77474|Sealy|Texas|11366 Hahn Rd|-96.303691|29.801639|77474||||||||||Jul 27th, 2014
TX||Robert Perry|on-farm market|onfarmmarket|1000||700586|default-onfarmmarket-4-3.jpg|Deep Creek Farm|15970 highway 271, Tyler, Texas 75708|Tyler|Texas|15970 highway 271|-95.141124|32.437659|75708||||||||||Jul 27th, 2014
TX||john thomas|on-farm market|onfarmmarket|1000||700622|default-onfarmmarket-4-3.jpg|Bluebonnet Berries|10356 South State Hwy 94, Trinity , Texas 75862|Trinity|Texas|10356 South State Hwy 94|-95.307772|30.996667|75862||||||bjtjwt@msn.com||||Jul 27th, 2014
TX||Brandon Thompson/Cecilio Pia/Amor Pia|on-farm market|onfarmmarket|1000||701365|default-onfarmmarket-4-3.jpg|Thompson Farm Market|2409 E. 4 Mile Line, Mission, Texas 78573|Mission|Texas|2409 E. 4 Mile Line|-98.275300|26.267234|78573||||||||||Jul 28th, 2016
TX||Ray and sue short|on-farm market|onfarmmarket|1000||700478|default-onfarmmarket-4-3.jpg|Henrietta Creek Orchard|14255 Old Denton Road, Roanoke, Texas 76262|Roanoke|Texas|14255 Old Denton Road|-97.297603|32.986277|76262||https://www.facebook.com/HenriettaCreekAppleOrchard||||Henrietta creek orchard.com||||Jul 29th, 2014
TX||David Ruby|on-farm market|onfarmmarket|1000||700500|default-onfarmmarket-4-3.jpg|Ruby-Farm|1057 County Road 2732, Alto, Texas 75925|Alto|Texas|1057 County Road 2732|-94.991578|31.5267890|75925||||||ruby-farm.com||||Jul 29th, 2014
TX||Carey Poole|on-farm market|onfarmmarket|1000||700590|default-onfarmmarket-4-3.jpg|P-6 Farms|9963 Pooles Road, Montgomery, Texas 77356|Montgomery|Texas|9963 Pooles Road|-95.735342|30.3945978|77356||https://www.facebook.com/pages/P-6-Farms/230130763705630||||www.p-6farms.com||||Jul 29th, 2014
TX||Jack or Jo Ann Zerkle|on-farm market|onfarmmarket|1000||700194|default-onfarmmarket-4-3.jpg|JZJ Natural Beef|8371 Bottoms Road, Troy, Texas 76569|Troy|Texas|8371 Bottoms Road|-97.260941|31.160251|76569||||||jzjbeefmasters.com and jzjnaturalbeef.com||||Jul 30th, 2014
TX||Janet Walters Scott|on-farm market|onfarmmarket|1000||700557|default-onfarmmarket-4-3.jpg|Punkin Center Berry Farm|1785 Waldo Road, Oglesby, Texas 76561|Oglesby|Texas|1785 Waldo Road|-97.531835|31.4786277|76561||https://www.facebook.com/pages/Punkin-Center-Berry-Farm/498097476896300||||punkincenterberryfarm.com||||Jul 30th, 2014
TX||Charle Fox|on-farm market|onfarmmarket|1000||700621|default-onfarmmarket-4-3.jpg|Texas A&M University-Commerce Twin Oaks Blueberry Farm|2965 State Highway 24, Campbell, Texas 75422|Campbell|Texas|2965 State Highway 24|-95.931503|33.183129|75422||www.facebook.com/twinoaksblueberryfarm||||www.tamuc.edu/blueberry||||Jul 30th, 2014
TX||Sandra Kuta|on-farm market|onfarmmarket|1000||700707|default-onfarmmarket-4-3.jpg|Jollisant Farms Strawberry & Vegetable Garden|11351 County Road 203, Plantersville, Texas 77363|Plantersville|Texas|11351 County Road 203|-95.821647|30.325124|77363||https://www.facebook.com/jollisantfarm||||www.Jollisantfarms.com||||Jul 31st, 2014
TX||shelia thorne|on-farm market|onfarmmarket|1000||701347|default-onfarmmarket-4-3.jpg|Gardenkids of Kemah|, KEMAH, Texas 77565|KEMAH|Texas||-95.027307|29.528392|77565||www.facebook.com/gardenkidskemah||||www.gardenkidskemah.org||||Jul 5th, 2016
TX||Michael H. Wallace|on-farm market|onfarmmarket|1000||701280|default-onfarmmarket-4-3.jpg|A Touch of Earth Gardens|838 H. Wallace Ln., Rockwall, Texas 75032|Rockwall|Texas|838 H. Wallace Ln.|-96.436831|32.875836|75032||https://www.facebook.com/pages/A-Touch-of-Earth-Gardens/204045213012249?pnref=lhc||||||||Jun 30th, 2015
TX||Kenneth and Judy Short|on-farm market|onfarmmarket|1000||700901|default-onfarmmarket-4-3.jpg|Kiomatia Blueberry Farm|16602 Farm Road 410 North, Detroit, Texas 75436|Detroit|Texas|16602 Farm Road 410 North|-95.223135|33.878438|75436||https://www.facebook.com/pages/Kiomatia Blueberry Farm/437803346331761||||||||Jun 8th, 2015
TX||Richard Bruton|on-farm market|onfarmmarket|1000||701590|default-onfarmmarket-4-3.jpg|Natural Pasture Farms|976 county rd 351, Gause, Texas 77857|Gause|Texas|976 county rd 351|-96.641107|30.764064|77857||||||https://www.naturalpasturefarms.com||||Mar 1st, 2021
TX||Penny Baker|on-farm market|onfarmmarket|1000||700333|default-onfarmmarket-4-3.jpg|Honey's Farm Fresh|16100 FM 2590, Amarillo, Texas 79119|Amarillo|Texas|16100 FM 2590|-101.93758|35.0464500|79119||https://www.facebook.com/pages/Honeys-Farm-Fresh/201738469838822||||www.honeysfarmfresh.com||||Mar 23rd, 2015
TX||Richard Smith|on-farm market|onfarmmarket|1000||700602|default-onfarmmarket-4-3.jpg|Partybarn Farm|18611 Becker Rd, Hockley, Texas 77447|Hockley|Texas|18611 Becker Rd|-95.799977|30.045827|77447||www.Facebook.com/PartybarnFarm||||www.partybarnfarm.com||||Mar 26th, 2015
TX||Steve Larkin|on-farm market|onfarmmarket|1000||701512|default-onfarmmarket-4-3.jpg|SerenityFarm.farm|19892 N STATE HWY 34, TERRELL, Texas 75161|TERRELL|Texas|19892 N STATE HWY 34|-96.196888|32.814598|75161||https://www.facebook.com/larkinfarm||||SerenityFarm.farm||||Mar 30th, 2020
TX||Jennifer Plihal|on-farm market|onfarmmarket|1000||701409|default-onfarmmarket-4-3.jpg|Three Sisters Farm|14025 Oak Lake Village Dr, Needville , Texas 77461|Needville|Texas|14025 Oak Lake Village Dr|-95.658259|29.4089580|77461||||||||||May 17th, 2017
TX||Andrea McGilvray|on-farm market|onfarmmarket|1000||701154|default-onfarmmarket-4-3.jpg|A Garden in Every Home|251 Lost Oak, Bandera, Texas 78003|Bandera|Texas|251 Lost Oak|-99.035729|29.745359|78003||https://www.facebook.com/AGardenInEveryHome||||http://www.agardenineveryhome.com/||||Oct 26th, 2014
TX||James Bass|on-farm market|onfarmmarket|1000||700294|default-onfarmmarket-4-3.jpg|FLOHAS Farms|8564 County Road 4912, Ladonia, Texas 75449|Ladonia|Texas|8564 County Road 4912|-95.868255|33.379028|75449||||||flohasfarms.com||||Sep 16th, 2014
TX||Funky Monkey|on-farm market|onfarmmarket|1000||700323|default-onfarmmarket-4-3.jpg|Funky Monkey Farms, LLC|780 Burton St., Alvin, Texas 77511|Alvin|Texas|780 Burton St.|-95.269408|29.4172010|77511||||||Www.funkymonkeyfarms.com||||Sep 16th, 2014
TX||Cameron Molberg|on-farm market|onfarmmarket|1000||700326|default-onfarmmarket-4-3.jpg|Coyote Creek Organic Farm and Feed Mill|13817 Klaus Lane, Elgin, Texas 78621|Elgin|Texas|13817 Klaus Lane|-97.428517|30.3619800|78621|http://coyotecreekfarm.tumblr.com|https://www.facebook.com/pages/Coyote-Creek-Organic-Feed-Mill-and-Farm/119211684770073?ref=hl|||https://twitter.com/CoyoteCreekFarm|CoyoteCreekFarm.com||||Sep 16th, 2014
TX||David Stanley Moulton|on-farm market|onfarmmarket|1000||700477|default-onfarmmarket-4-3.jpg|Sun Seasons|1504 County Road 532. Post Office Box 103, Hondo, Texas 78861|Hondo|Texas|1504 County Road 532. Post Office Box 103|-99.146618|29.308190|78861||||||||||Sep 18th, 2014
TX||Matthew S Williams|on-farm market|onfarmmarket|1000||700581|default-onfarmmarket-4-3.jpg|Hawkins Organic|170 Yates Street, Hawkins, Texas 75765|Hawkins|Texas|170 Yates Street|-95.207062|32.5975978|75765||||||||||Sep 18th, 2014
TX|||on-farm market|onfarmmarket|1000||701372|default-onfarmmarket-4-3.jpg|Rockin Bar B Ranch|5261 CR 4738, Cumby, Texas 75433|Cumby|Texas|5261 CR 4738|-95.773851|33.2184740|75433||Bobbi Smith||||||||Sep 22nd, 2016
TX|||on-farm market|onfarmmarket|1000||701032|default-onfarmmarket-4-3.jpg|Briers Simmental Ranch|5349 FM 244, Anderson , Texas|Anderson|Texas|5349 FM 244|-95.924803|30.4618557|||https://www.facebook.com/BriersSimmentalRanch||||||||Sep 23rd, 2014
TX||Wolf Kuhlemeier|on-farm market|onfarmmarket|1000||701046|default-onfarmmarket-4-3.jpg|Wolf Creek Farms|5301 County Road 1260, Lubbock, Texas 79407|Lubbock|Texas|5301 County Road 1260|-102.02966|33.545375|79407|||||https://www.twitter.com/wolfcreekfarms|wolfcreekfarmsonline.com||||Sep 9th, 2014
VT||Peter and Tamara Burke|on-farm market|onfarmmarket|1000||700210|default-onfarmmarket-4-3.jpg|The Farm at Morrison Corner|Luce Hill, Mansfield, Vermont 5672|Mansfield|Vermont|Luce Hill|-72.641413|44.6058024|5672|http://www.OutlanderAdventures.com||||https://www.twitter.com/Outlander_Adv|http://www.WoolAndFeathers.com||||Aug 13th, 2014
VT||Rene Bergeron|on-farm market|onfarmmarket|1000||700576|default-onfarmmarket-4-3.jpg|Goulden Ridge Farm|1462 Goulden Ridge Road, Weathersfield, Vermont 05156|Weathersfield|Vermont|1462 Goulden Ridge Road|-72.433193|43.384782|05156||||||gouldenridgefarm.com||||Aug 13th, 2014
VT||Jennifer Cary|on-farm market|onfarmmarket|1000||700862|default-onfarmmarket-4-3.jpg|Contented Butterfly Farm|467 Sunset Lane, Windsor, Vermont 05089|Windsor|Vermont|467 Sunset Lane|-72.413269|43.4587519|05089|http://contentedbutterfly.blogspot.com/|https://www.facebook.com/pages/Contented-Butterfly-Farm/142144959139880|||https://twitter.com/contentedsheep|http://contentedbutterflyfarm.com/||||Aug 21st, 2014
VT||noah hamilton|on-farm market|onfarmmarket|1000||700870|default-onfarmmarket-4-3.jpg|Noah's Ark Eggs|17 Burke Park Rd., Brandon, Vermont 05733|Brandon|Vermont|17 Burke Park Rd.|-73.060414|43.831267|05733||https://www.facebook.com/pages/Noahs-Ark-Eggs/351171895026492?ref=bookmarks||||||||Aug 21st, 2014
VT||David Ambrose/Claudia Ambrose|on-farm market|onfarmmarket|1000||700501|default-onfarmmarket-4-3.jpg|Woodman Hill Orchard|175 Plank Road, Vergennes, Vermont 05491|Vergennes|Vermont|175 Plank Road|-73.231842|44.1632800|05491||https://www.facebook.com/pickyourownapples802||||||||Aug 27th, 2014
VT||Tom Honigford|on-farm market|onfarmmarket|1000||700998|default-onfarmmarket-4-3.jpg|Hurricane Flats|975 S. Windsor St, South Royalton, Vermont 05068|South Royalton|Vermont|975 S. Windsor St|-72.509874|43.8096690|05068||https://www.facebook.com/HurricaneFlats||||www.hurricaneflats.com||||Aug 31st, 2014
VT||Eugenie Doyle|on-farm market|onfarmmarket|1000||701177|default-onfarmmarket-4-3.jpg|The Last Resort Farm|2246 Tyler Bridge Rd., Bristol, Vermont 05443|Bristol|Vermont|2246 Tyler Bridge Rd.|-73.098989|44.266250|05443||last resort farm||||www.lastresortfarm.com||||Dec 3rd, 2014
VT||Ray Gendron|on-farm market|onfarmmarket|1000||700097|default-onfarmmarket-4-3.jpg|Mom & Pop's World's Best Vermont Maple Syrup|3425 Brandon Mountain Road, Rochester, Vermont 05767|Rochester|Vermont|3425 Brandon Mountain Road|-72.865843|43.8546987|05767||http://www.facebook.com/MomAndPopsMaple|||http://twitter.com/MomAndPopsMaple|http://www.MomAndPopsMaple.com||||Feb 20th, 2015
VT||Ryan Hayes|on-farm market|onfarmmarket|1000||700069|default-onfarmmarket-4-3.jpg|The Farm of Milk and Honey|663 Doyle Road, Washington, Vermont 05675|Washington|Vermont|663 Doyle Road|-72.454976|44.040666|05675||https://www.facebook.com/pages/The-Farm-of-Milk-and-Honey/472558206183989||||www.farmofmilkandhoney.com||||Jul 26th, 2014
VT||Titus Presler|on-farm market|onfarmmarket|1000||700154|default-onfarmmarket-4-3.jpg|Creamery Bridge Farm|2534 Hill West Road, Montgomery, Vermont 05471|Montgomery|Vermont|2534 Hill West Road|-72.644756|44.866276|05471||https://www.facebook.com/creamerybridgefarm||||Creamerybridgefarm.com||||Jul 26th, 2014
VT||Phillip Lovely|on-farm market|onfarmmarket|1000||700535|default-onfarmmarket-4-3.jpg|Browns Beautiful Blueberries|493 Coburn Hill Road, Craftsbury, Vermont 5827|Craftsbury|Vermont|493 Coburn Hill Road|-72.414330|44.6628950|5827||||||||||Jul 26th, 2014
VT||Sam Lester|on-farm market|onfarmmarket|1000||700688|default-onfarmmarket-4-3.jpg|Lester Farm and Market|2297 Ethan Allen Highway (route 7), New Haven, Vermont 5472|New Haven|Vermont|2297 Ethan Allen Highway (route 7)|-73.176670|44.081882|5472||https://www.facebook.com/LesterFarmProduce||||contact@lesterfarmmarket.com||||Jul 26th, 2014
VT||Greg Burtt|on-farm market|onfarmmarket|1000||700773|default-onfarmmarket-4-3.jpg|Burtt's Apple Orchard|283 Cabot Plains Rd, Cabot, Vermont 5647|Cabot|Vermont|283 Cabot Plains Rd|-72.291750|44.420976|5647||www.facebook.com/burtts.appleorchard||||www.burttsappleorchard.com||||Jul 27th, 2014
VT||Reginald A Morse|on-farm market|onfarmmarket|1000||700573|default-onfarmmarket-4-3.jpg|Morse Hillside Farm|681 Osgood Hill Road, Westford, Vermont 5494|Westford|Vermont|681 Osgood Hill Road|-72.999891|44.564191|5494||https://www.facebook.com/pages/Morse-Hillside-Farm/116904021679356||||www Morse  Hillside Farm .com||||Jul 28th, 2014
VT||Ray Lewis|on-farm market|onfarmmarket|1000||700272|default-onfarmmarket-4-3.jpg|Square Deal Farm|362 Woodward Road, Walden, Vermont 05843|Walden|Vermont|362 Woodward Road|-72.102151|44.4646851|05843||||||squaredealfarm.org||||Jul 30th, 2014
VT||Jennifer Wright|on-farm market|onfarmmarket|1000||700010|default-onfarmmarket-4-3.jpg|Wandering Moose Farms|1579 Riley Rd, Franklin, Vermont 05457|Franklin|Vermont|1579 Riley Rd|-72.895470|44.9637490|05457|http://wanderingmoosefarms.blogspot.com|https://www.facebook.com/WanderingMooseFarms||||http://wanderingmoosefarms.com||||Jul 31st, 2014
VT||Peter Burmeister|on-farm market|onfarmmarket|1000||700248|default-onfarmmarket-4-3.jpg|Burelli Farm|567 Muzzy Road, Berlin, Vermont 05602|Berlin|Vermont|567 Muzzy Road|-72.640011|44.210772|05602||||||www.burellifarm.com||||Mar 23rd, 2015
VT||Wesley Bascom|on-farm market|onfarmmarket|1000||700135|default-onfarmmarket-4-3.jpg|Gozzard City at Provender Farm|34 Langone Road, Cabot, Vermont 5647|Cabot|Vermont|34 Langone Road|-72.290145|44.4086150|5647||https://www.facebook.com/gozzardcity||||getyourgoose.com||||Nov 11th, 2014
VT||ADAMS FARM|on-farm market|onfarmmarket|1000||700792|default-onfarmmarket-4-3.jpg|Adams Farm and Meat Processing Shop|15 Higley Hill, Wilmington, Vermont 05363|Wilmington|Vermont|15 Higley Hill|-72.849808|42.9048500|05363||https://www.facebook.com/pages/Adams-Farm-Wilmington-Vermont/69664848032||||http://adamsfamilyfarm.com||||Nov 8th, 2014
VT||Steve Gallagher|on-farm market|onfarmmarket|1000||700473|default-onfarmmarket-4-3.jpg|Random Gardens|177 Random Road, Calais, Vermont 5648|Calais|Vermont|177 Random Road|-72.490576|44.393099|5648||||||http://www.randomgardens.com/||||Sep 21st, 2014
WV||Betsy Green|on-farm market|onfarmmarket|1000||700351|default-onfarmmarket-4-3.jpg|Green Family Farm|Rt 1 Box 79A, Burlington, West Virginia 26710|Burlington|West Virginia|Rt 1 Box 79A|-78.869068|39.367164|26710||||||greenfamilyfarm.org||||Apr 1st, 2015
WV||Christopher Gorman|on-farm market|onfarmmarket|1000||701460|default-onfarmmarket-4-3.jpg|Harmony Hill Farm|6920 Flowing Springs Rd, Shenandoah Junction, West Virginia 25442|Shenandoah Junction|West Virginia|6920 Flowing Springs Rd|-77.816832|39.3861820|25442||||||www.HarmonyHillFarmWV.com||||Aug 29th, 2018
WV||Marilyn Blake|on-farm market|onfarmmarket|1000||700812|default-onfarmmarket-4-3.jpg|L & M Farms|1806 Buffalo Creek Rd., Lost Creek, West Virginia 26385|Lost Creek|West Virginia|1806 Buffalo Creek Rd.|-80.440978|39.212277|26385||https://www.facebook.com/pages/L-M-Farms/168574719871551||||||||Dec 1st, 2018
WV||Suzanne Behrmann|on-farm market|onfarmmarket|1000||701311|default-onfarmmarket-4-3.jpg|Shepherd's Whey Creamery|825 Jenny Wren Drive, Martinsburg, West Virginia 25404|Martinsburg|West Virginia|825 Jenny Wren Drive|-77.929560|39.461883|25404||shepherd\'s Whey Creamery||||shepherdswheycreamery.com||||Jan 12th, 2016
WV||Emma Kiser|on-farm market|onfarmmarket|1000||701353|default-onfarmmarket-4-3.jpg|Wardensville Garden Market|28813 SR 55, Wardensville, West Virginia 26851|Wardensville|West Virginia|28813 SR 55|-78.592018|39.0835447|26851||https://www.facebook.com/wardensvillegardenmarket/||||wardensvillegardenmarket.org||||Jul 11th, 2016
WV||Jane Caswell|on-farm market|onfarmmarket|1000||700173|default-onfarmmarket-4-3.jpg|Beeappy Farm|1918 Brush Run Road, Gay, West Virginia 25244|Gay|West Virginia|1918 Brush Run Road|-81.555851|38.770123|25244||https://www.facebook.com/BeeappyFarmLLC||||beeappy.com||||Jul 26th, 2014
WV||Barbara Miller|on-farm market|onfarmmarket|1000||700263|default-onfarmmarket-4-3.jpg|Mountain Diamond Longhorns, LLC|98 Atlantic Road, Tunnelton, West Virginia 26444|Tunnelton|West Virginia|98 Atlantic Road|-79.748395|39.39176|26444||||||||||Jul 26th, 2014
WV||Barry Glick|on-farm market|onfarmmarket|1000||700407|default-onfarmmarket-4-3.jpg|Sunshine Farm & Gardens|696 Glicks Rd, Renick, West Virginia 24966|Renick|West Virginia|696 Glicks Rd|-80.437171|38.066520|24966||https://www.facebook.com/Glickster|||https://www.twitter.com/sunfarmtweets|www.sunfarm.com||||Jul 26th, 2014
WV||Terrie Hardesty|on-farm market|onfarmmarket|1000||700001|default-onfarmmarket-4-3.jpg|Working H Farms|17 Reckart Mill, Terra Alta, West Virginia 26764|Terra Alta|West Virginia|17 Reckart Mill|-79.528025|39.5535670|26764||https://www.facebook.com/workinghfarms||||www.workinghfarms.com||||Jul 27th, 2014
WV||Max and Anne Robinson|on-farm market|onfarmmarket|1000||700413|default-onfarmmarket-4-3.jpg|White Oak Farm|1700 Brownstown Road, Renick, West Virginia 24966|Renick|West Virginia|1700 Brownstown Road|-80.336382|37.9994470|24966||https://www.facebook.com/whiteoakberryfarm||||www.whiteoakberryfarm.com||||Jul 27th, 2014
WV||Melissa Dennison|on-farm market|onfarmmarket|1000||700350|default-onfarmmarket-4-3.jpg|Garden Treasures WV|HC 69 Box 30-Tate Creek Road, Clem, West Virginia 26623|Clem|West Virginia|HC 69 Box 30-Tate Creek Road|-80.914271|38.6342643|26623||https://www.facebook.com/gardentreasureswv||||www.gardentreasureswv.com||||Jul 29th, 2014
WV||Brian and Jennifer Kahly|on-farm market|onfarmmarket|1000||700059|default-onfarmmarket-4-3.jpg|Possum Tail Farm|1771 Oak Grove Rd, Terra Alta, West Virginia 26764|Terra Alta|West Virginia|1771 Oak Grove Rd|-79.514470|39.4845137|26764||https://www.facebook.com/PossumTailFarm||||www.possumtailfarm.com||||Mar 23rd, 2015
WV||Terence L. Washburn|on-farm market|onfarmmarket|1000||701408|default-onfarmmarket-4-3.jpg|TarryLeas Farms|State Route 19 , Good Hope, West Virginia 26385|Good Hope|West Virginia|State Route 19|-80.439108|39.175611|26385|https://wvgrassfedmeats.wordpress.com|https://www.facebook.com/WVGrassfedMeats/||||||||May 11th, 2017
WV||Suzanne Dietz|on-farm market|onfarmmarket|1000||701160|default-onfarmmarket-4-3.jpg|Ridge View Farm|1260 Keller Lane, Williamstown, West Virginia 26187|Williamstown|West Virginia|1260 Keller Lane|-81.480821|39.345092|26187||||||ridgeviewfarmbeef.com||||Nov 2nd, 2014
WV||John Stroud|on-farm market|onfarmmarket|1000||701123|default-onfarmmarket-4-3.jpg|Mountain Meadows Farm|699 Nolen Lane, Williamsburg, West Virginia 24991|Williamsburg|West Virginia|699 Nolen Lane|-80.492302|37.9701195|24991|http://www.mountainmeadowsfarmwv.com/blog/|http://www.facebook.com/mountainmeadowsfarmwv||||http://www.mtmeadowsfarm.com||||Oct 3rd, 2014
WV||Peggy Burgess|on-farm market|onfarmmarket|1000||701005|default-onfarmmarket-4-3.jpg|JP Family Farms|554 Joy Cabin Run Road, West Union, West Virginia 26456|West Union|West Virginia|554 Joy Cabin Run Road|-80.873430|39.226951|26456||||||||||Sep 2nd, 2014
WI|||on-farm market|onfarmmarket|1000|"Skelly\'s Farm Market is open from June-Oct with homegrown strawberries in June, sweet corn, melons, tomatoes, and other summer produce in July-Aug, Skelly\'s Sunflower Experience in late July lasting two weeks, and lots of fall fun including pumpkins, two awesome corn mazes, Choose-Your-Farm-Adventure wagons rides, and more. Plus, during all of our seasons visit our bakery with homemade donuts and more, our huge gift shop selling rustic decor, and our fantastic free playground.

Plus, visit our 8 remote roadside stands for produce in July-Aug, an see us at the Saturday Janesville Farmers Market."|700899|onfarmmarket_700899_13144_20220414121248.png|Skelly's Farm Market|2713 Hayner Road, Janesville, Wisconsin 53548|Janesville|Wisconsin|2713 Hayner Road|-89.080485|42.641113|53548||www.facebook.com/skellysfarmmarket|https://instagram.com/skellysfarm|https://www.pinterest.com/skellysfarm|https://twitter.com/skellysfarm|www.skellysfarmmarket.com||Skelly\'s Farm Market is open from June-Oct with homegrown strawberries in June, sweet corn, melons, ...||Apr 14th, 2022
WI||Geoff Briggs|on-farm market|onfarmmarket|1000||701478|default-onfarmmarket-4-3.jpg|Valhalla Hills LLC|74 County Road F, Blanchardville, Wisconsin 53516|Blanchardville|Wisconsin|74 County Road F|-89.865292|42.817160|53516||||||||||Apr 17th, 2019
WI||greg|on-farm market|onfarmmarket|1000||700979|default-onfarmmarket-4-3.jpg|Scotch and Soda Acres|4958 thomas hill rd, edgar, Wisconsin 54426|edgar|Wisconsin|4958 thomas hill rd|-89.949112|44.920106|54426||||||||||Apr 22nd, 2015
WI||Labecca Schott|on-farm market|onfarmmarket|1000||701323|default-onfarmmarket-4-3.jpg|Schott Farm|711 Railroad Avenue, Viroqua, Wisconsin 54665|Viroqua|Wisconsin|711 Railroad Avenue|-90.878455|43.5619804|54665||||||http://schottfarm.com/||||Apr 4th, 2016
WI|||on-farm market|onfarmmarket|1000||700737|default-onfarmmarket-4-3.jpg|Elegant Farmer|1545 Main Street, Mukwonago, Wisconsin 53149|Mukwonago|Wisconsin|1545 Main Street|-88.3444|42.841521|53149||||||||||Aug 13th, 2014
WI||Peter Bakke|on-farm market|onfarmmarket|1000||700909|default-onfarmmarket-4-3.jpg|Field to Fork Farm and Market|1500 S Springdale Road, Waukesha, Wisconsin 53186|Waukesha|Wisconsin|1500 S Springdale Road|-88.185068|43.0159300|53186||https://www.facebook.com/pages/Field-To-Fork-Farms/444165995616374?ref=hl||||www.fieldtoforkfarms.com||||Aug 24th, 2014
WI||Peter J. Fritsch|on-farm market|onfarmmarket|1000||700932|default-onfarmmarket-4-3.jpg|Rushing Waters Fisheries, LLC|N301 County Rd. H / PO Box H, Palmyra, Wisconsin 53156|Palmyra|Wisconsin|N301 County Rd. H / PO Box H|-88.609618|42.854952|53156||||||www.rushingwaters.net||||Aug 25th, 2014
WI||Kara Kasten|on-farm market|onfarmmarket|1000||700304|default-onfarmmarket-4-3.jpg|Sassy Cow Creamery|W4192 Bristol Rd, Columbus, Wisconsin 53925|Columbus|Wisconsin|W4192 Bristol Rd|-89.211417|43.282549|53925||https://www.facebook.com/pages/Sassy-Cow-Creamery/53518889031||||www.sassycowcreamery.com||||Aug 26th, 2014
WI||Jill Barthen Berke|on-farm market|onfarmmarket|1000||700547|default-onfarmmarket-4-3.jpg|Blue Ridge Growers Orchard Nursery|246 Carlson Lane, River Falls, Wisconsin 54022|River Falls|Wisconsin|246 Carlson Lane|-92.709957|44.895888|54022||https://www.facebook.com/WIFarmFreshAtlas||||www.facebook.com/WIFarmFreshAtlas||||Aug 26th, 2014
WI||Jodi Schultz|on-farm market|onfarmmarket|1000||700615|default-onfarmmarket-4-3.jpg|Oakridge Farms|125 County Road CB, Neenah, Wisconsin 54956|Neenah|Wisconsin|125 County Road CB|-88.504904|44.179237|54956|http://oakridgeberries.com/blog|https://www.facebook.com/pages/Oakridge-Farms/80596262554|||https://twitter.com/oakridgeberries|http://oakridgeberries.com/||||Aug 26th, 2014
WI||Christine Welcher|on-farm market|onfarmmarket|1000||700943|default-onfarmmarket-4-3.jpg|The Gardens @ Michael Fields|W2493 Cty Rd ES, East Troy, Wisconsin 53120|East Troy|Wisconsin|W2493 Cty Rd ES|-88.424892|42.7825894|53120||www.facebook.com/MichaelFieldsAgriculturalInstitute|||twitter.com/MichaelFieldsAg|www.michaelfields.org||||Aug 26th, 2014
WI||Lori Dvorak|on-farm market|onfarmmarket|1000||700109|default-onfarmmarket-4-3.jpg|Lotis Alpacas|704 Hillcrest Avenue, Nekoosa, Wisconsin 54457|Nekoosa|Wisconsin|704 Hillcrest Avenue|-89.853047|44.2665210|54457||https://www.facebook.com/lotisalpacas?ref=ts&fref=ts||||www.lotisalpacas.com||||Aug 28th, 2014
WI||Darryle Powers|on-farm market|onfarmmarket|1000||700973|default-onfarmmarket-4-3.jpg|Blue Gentian Farm|1990 Hwy 46, New Richmond, Wisconsin 54017|New Richmond|Wisconsin|1990 Hwy 46|-92.384113|45.1486124|54017|||||https://www.twitter.com/bgfarmboy|||||Aug 28th, 2014
WI||Adoni Acres Family Farm|on-farm market|onfarmmarket|1000||700977|default-onfarmmarket-4-3.jpg|Adoni Arces Family Farm LLC|S387 Korthals Ln. , Chaseburg, Wisconsin 45621|Chaseburg|Wisconsin|S387 Korthals Ln.|-91.110271|43.7134959|45621||||||||||Aug 28th, 2014
WI||Tim|on-farm market|onfarmmarket|1000||700982|default-onfarmmarket-4-3.jpg|Sternitzky Specialty Foods LLC / DBA The Maple Dude|W1417 US HWY 10, Granton, Wisconsin 54436|Granton|Wisconsin|W1417 US HWY 10|-90.383979|44.582582|54436||https://www.facebook.com/pages/The-Maple-Dude/582639041784552|||https://www.twitter.com/themapledude.com|www.themapledude.com||||Aug 29th, 2014
WI||Domingo Rodriguez|on-farm market|onfarmmarket|1000||700675|default-onfarmmarket-4-3.jpg|Maple Ridge Orchard|6675 Maple Ave, Cashton, Wisconsin 54619|Cashton|Wisconsin|6675 Maple Ave|-90.859717|43.7993250|54619||https://www.facebook.com/pages/Maple-Ridge-Orchard/346451842039608||||www.mapleridgeorchard.com||||Aug 31st, 2014
WI||Shawn & Kerrie Bahr|on-farm market|onfarmmarket|1000||700997|default-onfarmmarket-4-3.jpg|Sweet Wisconsin Honey Farm|N4249 HWY 51, Poynette, Wisconsin 53955|Poynette|Wisconsin|N4249 HWY 51|-89.402007|43.426767|53955||||||||||Aug 31st, 2014
WI||Bev Van ELzen|on-farm market|onfarmmarket|1000||700627|default-onfarmmarket-4-3.jpg|Apple Valley Orchard LLC|1670 Mar-El Road, DePere, Wisconsin 54115|DePere|Wisconsin|1670 Mar-El Road|-88.092893|44.378637|54115||https://www.facebook.com/pages/Apple-Valley-Orchard/117313941615608||||AppleValleyLLC.com||||Aug 4th, 2014
WI||Cindy and Mark Mackenzie|on-farm market|onfarmmarket|1000||701545|default-onfarmmarket-4-3.jpg|Observatory Hill Farm LLC|1017 Observatory Hill Rd., Belleville, Wisconsin 53508|Belleville|Wisconsin|1017 Observatory Hill Rd.|-89.559045|42.909700|53508||||||http://observatoryhillfarm.com/||||Aug 6th, 2020
WI||Vic and Mary Price|on-farm market|onfarmmarket|1000||700211|default-onfarmmarket-4-3.jpg|Out to Pasture Beef|E13240 E Hillsdale Dr, Fall Creek, Wisconsin 54742|Fall Creek|Wisconsin|E13240 E Hillsdale Dr|-91.261903|44.690853|54742||||||www.outtopasturebeef.com||||Aug 9th, 2014
WI||Dale Behnke|on-farm market|onfarmmarket|1000||701308|default-onfarmmarket-4-3.jpg|Behnkes Grass Fed Beef & Pasture Pork|4420 Behnke rd, lena , Wisconsin 54139|lena|Wisconsin|4420 Behnke rd|-87.980007|44.999195|54139||https://www.facebook.com/Behnkes-Grass-Fed-Beef-And-Pasture-Pork-250614411763880/?fref=ts&ref=br_tf||||||||Dec 17th, 2015
WI||Randy Kohn|on-farm market|onfarmmarket|1000||700297|default-onfarmmarket-4-3.jpg|West Star Organics|2555 West Star Rd, Cottage Grove, Wisconsin 53527|Cottage Grove|Wisconsin|2555 West Star Rd|-89.202571|43.013389|53527||https://www.facebook.com/pages/West-Star-Organics/77210898093?ref=hl|||https://twitter.com/WestStarFarm|www.weststarfarm.com||||Dec 1st, 2014
WI||Charles Burke|on-farm market|onfarmmarket|1000||701376|default-onfarmmarket-4-3.jpg|Timber Coulee Outfitters|E7624 County Road P, Westby, Wisconsin 54667|Westby|Wisconsin|E7624 County Road P|-90.870672|43.707198|54667||||||||||Dec 1st, 2016
WI||Arlo Schlund|on-farm market|onfarmmarket|1000||701309|default-onfarmmarket-4-3.jpg|Sugar Hill Sugar Bush LLC|10108 Sugar Hill Lane, Wausau , Wisconsin 54403|Wausau|Wisconsin|10108 Sugar Hill Lane|-89.496442|44.982007|54403||www.facebook.com/Sugarhillsugarbush||||www.sugarhillsugarbush.com||||Dec 28th, 2015
WI||Diane Webster|on-farm market|onfarmmarket|1000||701210|default-onfarmmarket-4-3.jpg|Borner Farm Project|1266 Walnut St, Prescott , Wisconsin 54021|Prescott|Wisconsin|1266 Walnut St|-92.789672|44.751793|54021||Borner Farm Project||||bornerfarmproject.com||||Feb 17th, 2015
WI||Miranda Hottenroth|on-farm market|onfarmmarket|1000||701629|default-onfarmmarket-4-3.jpg|Backyard Acres at Flying Tractor Farm|5324 Whitefish Bay Rd, Sturgeon Bay, Wisconsin 54235|Sturgeon Bay|Wisconsin|5324 Whitefish Bay Rd|-87.323842|44.907745|54235||https://www.facebook.com/BackyardAcres101||||www.backyardacres.com||||Jan 19th, 2022
WI||Eleanor Mocker|on-farm market|onfarmmarket|1000||701605|default-onfarmmarket-4-3.jpg|Holly Hill Ranch|, Almond , Wisconsin 54909|Almond|Wisconsin||-89.339866|44.331018|54909||||||||||Jul 10th, 2021
WI||Bryan Meyer|on-farm market|onfarmmarket|1000||701354|default-onfarmmarket-4-3.jpg|Meyer's Farm Market|1329 E M-H Townline Road, Milton , Wisconsin 53563|Milton|Wisconsin|1329 E M-H Townline Road|-89.007693|42.7604481|53563||www.facebook.com/meyersfarmmarket||||www.meyersfarmmarket.com||||Jul 12th, 2016
WI||Hannah Clark|on-farm market|onfarmmarket|1000||701533|default-onfarmmarket-4-3.jpg|Spring Creek Meats|21010 County Highway R, Jim Falls, Wisconsin 54748|Jim Falls|Wisconsin|21010 County Highway R|-91.253864|45.135569|54748|https://www.springcreekmeats.com/blog|https://m.facebook.com/SpringCreekMeats/?tsid=0.7024591669409054&source=result||||https://www.springcreekmeats.com/||||Jul 1st, 2020
WI||Farmer Chris|on-farm market|onfarmmarket|1000||700013|default-onfarmmarket-4-3.jpg|Under A Rock Farm, LLC|E14214 County Road D, La Farge, Wisconsin 54639|La Farge|Wisconsin|E14214 County Road D|-90.545937|43.561362|54639||https://www.facebook.com/UnderARockFarm|||https://www.twitter.com/underarockfarm|www.underarockfarm.com||||Jul 26th, 2014
WI||Carolyn Drought|on-farm market|onfarmmarket|1000||700089|default-onfarmmarket-4-3.jpg|Old Homestead Orchard|7814 Raynor Ave, Franksville, Wisconsin 53126|Franksville|Wisconsin|7814 Raynor Ave|-88.070998|42.828252|53126||https://www.facebook.com/orchardstore||||||||Jul 26th, 2014
WI||David Meuer|on-farm market|onfarmmarket|1000||700099|default-onfarmmarket-4-3.jpg|Meuer Farm, LLC|N2564  Highway 151, Chilton, Wisconsin 53014|Chilton|Wisconsin|N2564  Highway 151|-88.304602|43.981162|53014||https://www.facebook.com/MeuerFarm,LLC||||www.meuerfarm.com||||Jul 26th, 2014
WI||Cheryl Miracle|on-farm market|onfarmmarket|1000||700342|default-onfarmmarket-4-3.jpg|Wick Place Candles and Farm|1907 43RD ST, CALEDONIA, Wisconsin 53108|CALEDONIA|Wisconsin|1907 43RD ST|-87.972992|42.8112760|53108||||||wickplacefarm.com||||Jul 26th, 2014
WI||Lisa Klein|on-farm market|onfarmmarket|1000||700365|default-onfarmmarket-4-3.jpg|Armstrong Apples LLC|W853 County Road B, Campbellsport, Wisconsin 53010|Campbellsport|Wisconsin|W853 County Road B|-88.199707|43.707108|53010||https://www.facebook.com/pages/Armstrong-Apples-Orchard-and-Winery/103621803066115||||Armstrongapples.com||||Jul 26th, 2014
WI||Tara Turner|on-farm market|onfarmmarket|1000||700450|default-onfarmmarket-4-3.jpg|Turners Fresh Market & Greenhouse|E208 State Highway 54, Waupaca, Wisconsin 54981|Waupaca|Wisconsin|E208 State Highway 54|-89.184127|44.352231|54981||||||www.turnersfreshmarket.com||||Jul 26th, 2014
WI||Brian McIlquham|on-farm market|onfarmmarket|1000||700679|default-onfarmmarket-4-3.jpg|Macs Berry Farm|10439 130th Avenue, Bloomer, Wisconsin 54724|Bloomer|Wisconsin|10439 130th Avenue|-91.462292|45.025737|54724||https://www.facebook.com/pages/Macs-Berry-Farm-Bloomer-Wisconsin/128131573868102||||||||Jul 26th, 2014
WI||Nenn Stuve|on-farm market|onfarmmarket|1000||700769|default-onfarmmarket-4-3.jpg|Grampa Glenns Organic Strawberries Glennenn Farm|W11280 County Road B, Humbird, Wisconsin 54746|Humbird|Wisconsin|W11280 County Road B|-90.884823|44.528060|54746||https://www.facebook.com/GrampaGlennsCertifiedOrganicStrawberries||||www.grampaglennsorganicstrawberries.com||||Jul 26th, 2014
WI||Greg Kosmeder|on-farm market|onfarmmarket|1000||700155|default-onfarmmarket-4-3.jpg|Copper Kettle Farm LLC|5576 County Road Q, Colgate, Wisconsin 53017|Colgate|Wisconsin|5576 County Road Q|-88.313434|43.1930480|53017||https://www.facebook.com/CopperKettleFarm|||https://www.twitter.com/copperkfarm|http://www.copperkfarm.com||||Jul 27th, 2014
WI||Troy Porter|on-farm market|onfarmmarket|1000||700244|default-onfarmmarket-4-3.jpg|Porter's Patch|W4314 State Hwy 156, Bonduel, Wisconsin 54107|Bonduel|Wisconsin|W4314 State Hwy 156|-88.457553|44.6115636|54107||https://www.facebook.com/porterspatch.navarino?fref=ts|||Porters Patch|www.PortersPatch.com||||Jul 27th, 2014
WI||Cody Fulwider|on-farm market|onfarmmarket|1000||700247|default-onfarmmarket-4-3.jpg|Pinnacle Pastures|W11780 County Road KK, Ripon, Wisconsin 54971|Ripon|Wisconsin|W11780 County Road KK|-88.749112|43.807534|54971||https://www.facebook.com/pinnacle.pastures?fref=ts||||pinnaclepastures,com||||Jul 27th, 2014
WI||The Dale Family|on-farm market|onfarmmarket|1000||700336|default-onfarmmarket-4-3.jpg|Highland Valley Farm Inc.|87080 Valley Rd, Bayfield, Wisconsin 54814|Bayfield|Wisconsin|87080 Valley Rd|-90.867633|46.832896|54814||https://www.facebook.com/pages/Highland-Valley-Farm/117845948235187||||http://www.bayfieldblues.com/index.html||||Jul 27th, 2014
WI||David Wildes|on-farm market|onfarmmarket|1000||700353|default-onfarmmarket-4-3.jpg|Appleberry Farm LLC|8079 Maurer Road, Cross Plains, Wisconsin 53528|Cross Plains|Wisconsin|8079 Maurer Road|-89.615938|43.0421176|53528||upickappleberryfarm.com||||theappleberryfarm.com||||Jul 27th, 2014
WI||Harold Altenburg|on-farm market|onfarmmarket|1000||700418|default-onfarmmarket-4-3.jpg|Altenburg's Country Gardens LLC|7020 Plover Rd (Hwy. 54 E), Wisconsin Rapids, Wisconsin 54494|Wisconsin Rapids|Wisconsin|7020 Plover Rd (Hwy. 54 E)|-89.738168|44.419143|54494||https://www.facebook.com/altenburgsfarm||||http://www.altenburgsfarm.com/||||Jul 27th, 2014
WI||tom sawyer|on-farm market|onfarmmarket|1000||700456|default-onfarmmarket-4-3.jpg|Toms Raspberries|W13702 highway 60, Prairie Du Sac, Wisconsin 53578|Prairie Du Sac|Wisconsin|W13702 highway 60|-89.680302|43.307907|53578||https://www.facebook.com/pages/Toms-Raspberries/597930213559027||||sites.google.com/site/tomsraspberries/||||Jul 27th, 2014
WI||RAMONA JARVAIS|on-farm market|onfarmmarket|1000||700550|default-onfarmmarket-4-3.jpg|Blueberry Haven LLC|W9967 County  Road XX, Bear Creek, Wisconsin 54922|Bear Creek|Wisconsin|W9967 County  Road XX|-88.690996|44.5884040|54922||||||BLUEBERRYHAVEN.NET||||Jul 27th, 2014
WI||Vern Gasch|on-farm market|onfarmmarket|1000||700644|default-onfarmmarket-4-3.jpg|Heritage Orchard LLC|N 2963 Lakeshore Dr, Chilton, Wisconsin 53014|Chilton|Wisconsin|N 2963 Lakeshore Dr|-88.311825|43.995193|53014||||||www.heritageorchard.net||||Jul 27th, 2014
WI||matt|on-farm market|onfarmmarket|1000||700763|default-onfarmmarket-4-3.jpg|Harried U-Pick-Umm Farm LLC.|173 County Road N, Edgerton, Wisconsin 53534|Edgerton|Wisconsin|173 County Road N|-89.140436|42.861329|53534||||||www.facebook.com/pages/Harried-U-Pick-Umm-Farm/142386852440308||||Jul 27th, 2014
WI||Steve Degner|on-farm market|onfarmmarket|1000||700406|default-onfarmmarket-4-3.jpg|Bashaw Valley Farm & Greenhouse|W7402 Fox Trail Rd., Shell Lake, Wisconsin 54871|Shell Lake|Wisconsin|W7402 Fox Trail Rd.|-91.913566|45.764247|54871||||||bashawvalley@gmail.com||||Jul 28th, 2014
WI||Steve Elliott & Anna Landmark|on-farm market|onfarmmarket|1000||700198|default-onfarmmarket-4-3.jpg|Windy Fleece Farm|W1237 Brooklyn Albany Rd, Albany, Wisconsin 53502|Albany|Wisconsin|W1237 Brooklyn Albany Rd|-89.425043|42.769865|53502||www.facebook.com/windyfleecefarm||||www.windyfleecefarm.com||||Jul 30th, 2014
WI||Sylvia Burgos Toftness|on-farm market|onfarmmarket|1000||700215|default-onfarmmarket-4-3.jpg|Bull Brook Keep|765 50th Avenue, Clear Lake, Wisconsin 54005|Clear Lake|Wisconsin|765 50th Avenue|-92.320228|45.2822048|54005|http://www.bronxtobarn.com|http://www.facebook.com/BullBrookKeep|||twitter.com/BronxToBarn|http://www.bullbrookkeep.com||||Jul 31st, 2014
WI||Michael Hansen|on-farm market|onfarmmarket|1000||700361|default-onfarmmarket-4-3.jpg|Good Earth Farms|10431 Mayflower Road, Milladore, Wisconsin 54454|Milladore|Wisconsin|10431 Mayflower Road|-89.908833|44.6255150|54454||https://www.facebook.com/pages/Good-Earth-Farms/176806359091394||||www.goodearthfarms.com||||Jul 31st, 2014
WI||April Prusia|on-farm market|onfarmmarket|1000||700370|default-onfarmmarket-4-3.jpg|Dorothy's Grange LLC|W8707 Sawmill Rd, Blanchardville, Wisconsin 53516|Blanchardville|Wisconsin|W8707 Sawmill Rd|-89.791541|42.7899850|53516||||||dorothysgrange.com||||Jul 31st, 2014
WI||Christine Kipp|on-farm market|onfarmmarket|1000||701290|default-onfarmmarket-4-3.jpg|Kipp Farms and Country Market LLC|w329s5402 county rd E, North Prairie, Wisconsin 53153|North Prairie|Wisconsin|w329s5402 county rd E|-88.404992|42.945864|53153||https://www.facebook.com/pages/Kipp-Farms-Country-Market-LLC/274280116083169?fref=ts||||www.kippfarms.com||||Jul 31st, 2015
WI|Open: May to December<br>Available Products: Fresh vegetables;Canned or preserved fruits/vegetables;Coffee/tea;Crafts/woodworking items;Dairy products.;Maple products;Wine, spirits, beer, hard cider;|Rick Glenna|on-farm market|onfarmmarket|1000||700736|onfarmmarket_700736_13299_20220604133541.png|Glenna Farms Country Store & Sugarhouse|1333 - 120th Street, Amery, Wisconsin 54001|Amery|Wisconsin|1333 - 120th Street|-92.408597|45.397467|54001||https://www.facebook.com/pages/Glenna-Farms/52322147733?ref=hl|||https://twitter.com/GlennaFarms1|http://glennafarms.com/||||Jun 4th, 2022
WI||Kris Wells|on-farm market|onfarmmarket|1000||701113|default-onfarmmarket-4-3.jpg|Holyland Berries Farm|N9488 Rte G, St. Cloud, Wisconsin 53079|St. Cloud|Wisconsin|N9488 Rte G|-88.205826|43.8853530|53079||https://www.facebook.com/HolylandBerries||||||||Mar 19th, 2015
WI||Valerie Burke|on-farm market|onfarmmarket|1000||700445|default-onfarmmarket-4-3.jpg|Pike Hole Family Farm|359 130th Street, Amery, Wisconsin 54001|Amery|Wisconsin|359 130th Street|-92.427783|45.259556|54001||Brad Burke||||www.pikeholefarm.com||||Mar 23rd, 2015
WI||Mary & Gary Telfer|on-farm market|onfarmmarket|1000||701229|default-onfarmmarket-4-3.jpg|Busy Barns Adventure Farm LLC|W7675 US Hwy 12, Fort Atkinson, Wisconsin 53538|Fort Atkinson|Wisconsin|W7675 US Hwy 12|-88.912620|42.968651|53538||https://www.facebook.com/busybarnsfarm|||https://twitter.com/busybarnsfarm|https://www.busybarnsfarm.com||||Mar 24th, 2015
WI||Darrell Haen|on-farm market|onfarmmarket|1000||701306|default-onfarmmarket-4-3.jpg|Star Orchard, LLC|253 County Road CE, Kaukauna, Wisconsin 54130|Kaukauna|Wisconsin|253 County Road CE|-88.188747|44.2494042|54130||http://www.facebook.com/starorchardllc||||http://www.starorchard.com/||||Nov 29th, 2015
WI||Noel Filla|on-farm market|onfarmmarket|1000||701114|default-onfarmmarket-4-3.jpg|Golden Hills Buffalo Farm|N44867 County Road E, Osseo, Wisconsin 54758|Osseo|Wisconsin|N44867 County Road E|-91.251407|44.4903959|54758||||||||||Oct 1st, 2014
WI||Greg & Irina Reynolds|on-farm market|onfarmmarket|1000||701560|default-onfarmmarket-4-3.jpg|Rockin Highlands|3088 Survey Road, Dodgeville, Wisconsin 53533|Dodgeville|Wisconsin|3088 Survey Road|-90.173814|42.965061|53533||||||https://RockinHighlands.com/||||Oct 2nd, 2020
WI||Beverly Thompson|on-farm market|onfarmmarket|1000||701050|default-onfarmmarket-4-3.jpg|Futility Farms LLC|N5100 Webster Lane, Gilman, Wisconsin 54433|Gilman|Wisconsin|N5100 Webster Lane|-90.795837|45.216076|54433||Futility Farms||||http://www.futilityfarms.com/||||Sep 10th, 2014
WI||John Rosenow|on-farm market|onfarmmarket|1000||701052|default-onfarmmarket-4-3.jpg|Cowsmo, Inc.|S1843 County Road U, Cochrane, Wisconsin 54622|Cochrane|Wisconsin|S1843 County Road U|-91.683419|44.328264|54622||||||www.cowsmocompost.com||||Sep 10th, 2014
WI||Patty Dujardin|on-farm market|onfarmmarket|1000||701064|default-onfarmmarket-4-3.jpg|Northfork Ranch|15455 W Kadlec Road, Hayward, Wisconsin 54843|Hayward|Wisconsin|15455 W Kadlec Road|-91.467657|45.983106|54843||||||||||Sep 12th, 2014
WI||glenn borucki|on-farm market|onfarmmarket|1000||701371|default-onfarmmarket-4-3.jpg|The Garlic Underground|w383n9009 mill st, Oconomowoc , Wisconsin 53066|Oconomowoc|Wisconsin|w383n9009 mill st|-88.505108|43.1831070|53066||https://www.facebook.com/garlicug||||http:/www.thegarlicunderground.com||||Sep 14th, 2016
WI||Carole Pine|on-farm market|onfarmmarket|1000||700195|default-onfarmmarket-4-3.jpg|Yorkshire Rose Farm|W5416 King Road, Rio, Wisconsin 53960|Rio|Wisconsin|W5416 King Road|-89.271833|43.3996300|53960||||||||||Sep 16th, 2014
WI||Erin Egan|on-farm market|onfarmmarket|1000||700309|default-onfarmmarket-4-3.jpg|Offbeat Acres|5453 Pierceville Road, Cottage Grove, Wisconsin 53527|Cottage Grove|Wisconsin|5453 Pierceville Road|-89.154417|43.1471750|53527||https://www.facebook.com/OffbeatAcresAlpacas|||https://twitter.com/OffbeatAcres|www.offbeatacres.com||||Sep 16th, 2014
WI||Kristi Agnew|on-farm market|onfarmmarket|1000||701081|default-onfarmmarket-4-3.jpg|Englewood Grass-Fed Beef|W1414 County Rd. Z, Fall River, Wisconsin 53932|Fall River|Wisconsin|W1414 County Rd. Z|-89.068339|43.428831|53932||https://www.facebook.com/pages/Englewood-Grass-fed-Beef/102825246458689||||||||Sep 17th, 2014
WI||Tiffany Cade|on-farm market|onfarmmarket|1000||701087|default-onfarmmarket-4-3.jpg|Deep Rooted|E8975 E. Ridge Road, Westby, Wisconsin 54667|Westby|Wisconsin|E8975 E. Ridge Road|-90.805682|43.653914|54667|http://deeprootedfarm.blogspot.com/|https://www.facebook.com/DeepRootedWestby||||http://www.deeprootedorganics.com/||||Sep 18th, 2014
WI||Chuck Seibel|on-farm market|onfarmmarket|1000||701090|default-onfarmmarket-4-3.jpg|Seibel's Organic Meats, LLC|10494 157th ave, Bloomer, Wisconsin 54724|Bloomer|Wisconsin|10494 157th ave|-91.461033|45.0691110|54724||https://www.facebook.com/pages/Seibels-Organic-Meats-LLC/102229873169639||||https://sites.google.com/site/seibelsorganic/||||Sep 21st, 2014
WI|||on-farm market|onfarmmarket|1000||701080|default-onfarmmarket-4-3.jpg|Pittsview Farm Elk|4891 state hwy. 80, Pittsville, Wisconsin|Pittsville|Wisconsin|4891 state hwy. 80|-90.125247|44.4239469|||https://www.facebook.com/pittsvillefarmelk||||http://pittsviewfarmelk.com/||||Sep 23rd, 2014
WI||Sandy Mahoney|on-farm market|onfarmmarket|1000||701012|default-onfarmmarket-4-3.jpg|ElevenM Ranch|W12426 Paiser Ln, Leopolis, Wisconsin 54948|Leopolis|Wisconsin|W12426 Paiser Ln|-88.873415|44.778915|54948||https://www.facebook.com/elevenmranch||||elevenmranch.com||||Sep 3rd, 2014
WI||Golden Bear Farm|on-farm market|onfarmmarket|1000||701019|default-onfarmmarket-4-3.jpg|Golden Bear Farm|15115 Lax Chapel Rd., Kiel, Wisconsin 53042|Kiel|Wisconsin|15115 Lax Chapel Rd.|-87.981956|43.914557|53042||Golden Bear Farm||||www.goldenbearfarm.com||||Sep 4th, 2014
WY||Erin Galloway|on-farm market|onfarmmarket|1000||701521|default-onfarmmarket-4-3.jpg|Our Wyoming Life Farm Store|1141 State Hwy 50, Gillette, Wyoming 82718|Gillette|Wyoming|1141 State Hwy 50|-105.63268|44.174991|82718||https://www.facebook.com/ourwyominglifefarmstore/||||ourwyominglife.com||||Apr 28th, 2020
WY||BJ Edwards|on-farm market|onfarmmarket|1000||701631|default-onfarmmarket-4-3.jpg|Taste of the Wind LLC|124 Fox Creek Rd, Laramie, Wyoming 82070|Laramie|Wyoming|124 Fox Creek Rd|-106.07469|41.186631|82070|www.tasteofthewind.com/blog|www.facebook.com/tasteofthewind307||||www.tasteofthewind.com||||Feb 5th, 2022
WY||THOMAS L REED|on-farm market|onfarmmarket|1000||701628|default-onfarmmarket-4-3.jpg|Reed Livestock LLC|1003 Dull Center Rd., Douglas, Wyoming 82633|Douglas|Wyoming|1003 Dull Center Rd.|-105.13780|43.290296|82633||Reed Livestock||||sagebrushbeef.com||||Jan 14th, 2022
WY||Paul Case|on-farm market|onfarmmarket|1000||701431|default-onfarmmarket-4-3.jpg|Case Custom Meats|, Yoder, Wyoming 82244|Yoder|Wyoming||-104.28372|41.915028|82244||Www.facebook.com/casecustommeats||||www.casecustommeats.com||||Oct 6th, 2017
DC||Mary Ackley|on-farm market|onfarmmarket|1000||701313|default-onfarmmarket-4-3.jpg|Little Wild Things City Farm|1648 N Capitol St. NW and 2131 Lincoln Rd NE, Washington, District of Columbia 20001|Washington|District of Columbia|1648 N Capitol St. NW and 2131 Lincoln Rd NE|-77.009114|38.9115027|20001||www.facebook.com/littlewildthingsfarm|||@lwtcityfarm|www.littlewildthingsfarm.com||||Jan 28th, 2016
DC||Kendell Snyder|on-farm market|onfarmmarket|1000||701287|default-onfarmmarket-4-3.jpg|Flannel Tie Farm|925 Rhode Island Ave, NW, Washington, District of Columbia 20001|Washington|District of Columbia|925 Rhode Island Ave, NW|-77.025668|38.9118966|20001||www.facebook.com/FlannelTieFarm|||@flanneltiefarm|www.flanneltie.farm||||Jul 16th, 2015
DC|||on-farm market|onfarmmarket|1000||701022|default-onfarmmarket-4-3.jpg|Common Good City Farm|V Street NW between 2nd and 4th Streets NW, Washington, District of Columbia 20001|Washington|District of Columbia|V Street NW between 2nd and 4th Streets NW|-77.017454|38.918451|20001||https://www.facebook.com/CommonGoodCityFarm|||https://twitter.com/CmmnGoodCtyFarm|http://commongoodcityfarm.org||||Sep 4th, 2014
PR||Jose Torres|on-farm market|onfarmmarket|1000||701340|default-onfarmmarket-4-3.jpg|SweetWater Vertical Farm|Carretera 779 KM 8.9, Barranquitas , Puerto Rico 00794|Barranquitas|Puerto Rico|Carretera 779 KM 8.9|-66.269690|18.243352|00794||SweetWater Vertical Farm||||||||May 25th, 2016
VI||Melissa Clark|on-farm market|onfarmmarket|1000||701243|default-onfarmmarket-4-3.jpg|Broma Fields|3418 Blose Road, Elkton, Virginia 22827|Elkton|Virginia|3418 Blose Road|-78.599345|38.4463616|22827||||||||||Apr 10th, 2015
VI||Jimmy Oliver|on-farm market|onfarmmarket|1000||700257|default-onfarmmarket-4-3.jpg|Oliver Farms LLC|18222 Longview Drive, Smithfield, Virginia 23430|Smithfield|Virginia|18222 Longview Drive|-76.606740|36.889185|23430||Oliver Farms Produce - Smithfield, VA||||www.oliverproduce.com||||Apr 12th, 2016
VI||John Bruguiere|on-farm market|onfarmmarket|1000||700287|onfarmmarket_700287_13748_20220414144200.png|Dickie Bros. Orchard|2685 Dickie Road, Roseland, Virginia 22967|Roseland|Virginia|2685 Dickie Road|-79.043735|37.7743573|22967||||||dickiebros.com||||Apr 14th, 2022
VI||Yvette Bullock|on-farm market|onfarmmarket|1000||701237|default-onfarmmarket-4-3.jpg|Mowery Orchard LLC|24247 Senedo Road, Woodstock, Virginia 22664|Woodstock|Virginia|24247 Senedo Road|-78.536544|38.8736475|22664||www.facebook.com/MoweryOrchard||||www.MoweryOrchard.com||||Apr 3rd, 2015
VI||Catherine Tyler|on-farm market|onfarmmarket|1000||701238|default-onfarmmarket-4-3.jpg|Aeyles Farm, LLC|553 Big River Road, Goshen, Virginia 24439|Goshen|Virginia|553 Big River Road|-79.505417|38.019411|24439||||||||||Apr 4th, 2015
VI||Anita Roberson|on-farm market|onfarmmarket|1000||701475|default-onfarmmarket-4-3.jpg|Botanical Bites & Provisions, LLC|4738 Massaponax Church Road, Fredericksburg, Virginia 22408|Fredericksburg|Virginia|4738 Massaponax Church Road|-77.498095|38.193824|22408||||||https://www.botanicalbitesandprovisionsllc.com/||||Apr 5th, 2019
VI||Kat Johnson|on-farm market|onfarmmarket|1000||700828|default-onfarmmarket-4-3.jpg|Riverstone Organic Farm Shop|708 Thompson Road SE, Floyd, Virginia 24091|Floyd|Virginia|708 Thompson Road SE|-80.207099|36.9496830|24091||www.facebook.com/riverstoneorganicfarm||||www.riverstoneorganicfarm.com||||Aug 11th, 2014
VI||Ben Gorrell|on-farm market|onfarmmarket|1000||700114|default-onfarmmarket-4-3.jpg|Life Enrichment Sciences|6155 Hall Town Rd, Gloucester, Virginia 23061|Gloucester|Virginia|6155 Hall Town Rd|-76.543525|37.3731561|23061||https://www.facebook.com/lesciences||||http://www.lifeenrichmentsciences.com||||Aug 13th, 2014
VI||Judi Bisson|on-farm market|onfarmmarket|1000||700282|default-onfarmmarket-4-3.jpg|Hope of Glory Farm, LLC|86 Old Spring Hill Rd, Scottsville, Virginia 24590|Scottsville|Virginia|86 Old Spring Hill Rd|-78.462800|37.808923|24590||||||http://www.hopeofgloryfarm.com/||||Aug 13th, 2014
VI||Norman Dart|on-farm market|onfarmmarket|1000||700618|default-onfarmmarket-4-3.jpg|Leaning Oak Farm|3800 Newbys Bridge Road , Chesterfield, Virginia 23832|Chesterfield|Virginia|3800 Newbys Bridge Road|-77.535499|37.455605|23832||||||||||Aug 13th, 2014
VI||Leslie Dawley|on-farm market|onfarmmarket|1000||700660|default-onfarmmarket-4-3.jpg|Burnside Farms|4905 James Madison Hwy, Haymarket, Virginia 20169|Haymarket|Virginia|4905 James Madison Hwy|-77.636983|38.848823|20169||www.facebook.com/burnsidefarms|||twitter.com/burnsidefarms|www.burnsidefarms.com||||Aug 13th, 2014
VI||Carroll N. Curtis|on-farm market|onfarmmarket|1000||700832|default-onfarmmarket-4-3.jpg|Pampatike Organic Farm|, King William, Virginia|King William|Virginia||-77.111273|37.699796|||||||www.pampatike.com||||Aug 13th, 2014
VI||Amy Hopping|on-farm market|onfarmmarket|1000||701608|default-onfarmmarket-4-3.jpg|Hop-Ayr Farms|43 Hillcrest Drive, Ruby, Virginia 22556|Ruby|Virginia|43 Hillcrest Drive|-77.538391|38.503077|22556||https://www.facebook.com/HopAyrFarms/||||||||Aug 14th, 2021
VI||Bruce Johnson|on-farm market|onfarmmarket|1000||700149|default-onfarmmarket-4-3.jpg|Dragonfly Farms|16259 Trainham Road, Beaverdam, Virginia 23015|Beaverdam|Virginia|16259 Trainham Road|-77.660639|37.942159|23015||https://www.facebook.com/dragonflyfarms||||www.dragonflyfarms.com||||Aug 20th, 2014
VI||Jennifer Pennison|on-farm market|onfarmmarket|1000||700745|default-onfarmmarket-4-3.jpg|The Farm at Boulevard Flower Gardens|2100 Ruffin Mill Road, Colonial Heights , Virginia 23834|Colonial Heights|Virginia|2100 Ruffin Mill Road|-77.390184|37.309449|23834||www.facebook.com/blvd.flower.gardens||||www.boulevardflowergardens.com||||Aug 25th, 2014
VI||Kent Davis|on-farm market|onfarmmarket|1000||700930|default-onfarmmarket-4-3.jpg|The Berrypatch|3035 Peavine Hollow Rd, Crozet, Virginia 22932|Crozet|Virginia|3035 Peavine Hollow Rd|-78.605054|38.180684|22932||||||||||Aug 26th, 2014
VI||Geri Hess|on-farm market|onfarmmarket|1000||700969|default-onfarmmarket-4-3.jpg|Digging Dog Farm|, Richardsville, Virginia 22736|Richardsville|Virginia||-77.740219|38.392769|22736||||||www.thediggingdogfarm.com||||Aug 28th, 2014
VI||Emily Miller|on-farm market|onfarmmarket|1000||700986|default-onfarmmarket-4-3.jpg|The Home Farm Store sells Ayrshire Farm products and products from neighboring Virginia farms|1 East Washington ST, Middleburg , Virginia 20117|Middleburg|Virginia|1 East Washington ST|-77.735422|38.9690132|20117||www.facebook.com/ayrshirefarmshires||||www.AyrshireFarm.com||||Aug 29th, 2014
VI||Denise S. Hudson|on-farm market|onfarmmarket|1000||700801|default-onfarmmarket-4-3.jpg|Hudson Heritage Farms, LLC|14242 River Road, South Boston, Virginia 24592|South Boston|Virginia|14242 River Road|-79.124869|36.6753273|24592||https://www.facebook.com/pages/Hudson-Heritage-Farms-LLC/172016466152452||||https://sites.google.com/site/hudsonheritagefarms/||||Aug 4th, 2014
VI||Ivan Puffenbarger|on-farm market|onfarmmarket|1000||700058|default-onfarmmarket-4-3.jpg|Puffenbargers Sugar Orchard|17 Maple Syrup Lane, Blue Grass, Virginia 24413|Blue Grass|Virginia|17 Maple Syrup Lane|-79.557554|38.459176|24413||https://www.facebook.com/puffenbargersugarorchard||||www.puffenbargersugarorchard.com||||Aug 7th, 2014
VI||CJ Isbell|on-farm market|onfarmmarket|1000||700279|default-onfarmmarket-4-3.jpg|Keenbell Farm|18437 Vontay Rd., Rockville, Virginia 23146|Rockville|Virginia|18437 Vontay Rd.|-77.741988|37.754330|23146||www.facebook.com/keenbellfarm|||https://www.twitter.com/keenbellfarm|www.keenbellfarm.com||||Feb 11th, 2016
VI||Skipper Farms|on-farm market|onfarmmarket|1000||701315|default-onfarmmarket-4-3.jpg|Skipper Farms|1305 Kempsville Rd., Chesapeake, Virginia 23320|Chesapeake|Virginia|1305 Kempsville Rd.|-76.205714|36.7616620|23320||Skipper Farms||||Skipperfarms.com||||Feb 11th, 2016
VI||Christina Hayes|on-farm market|onfarmmarket|1000||701587|default-onfarmmarket-4-3.jpg|Hayes Valley Farms|1341 Matson Drive, Marion , Virginia 24354|Marion|Virginia|1341 Matson Drive|-81.513384|36.810976|24354||Https://www.facebook.com/hayesvalleyfarms|||Https://www.twitter.com/hayesvalleyfarms|Https://www.hayesvalleyfarms.com||||Feb 18th, 2021
VI||Ben Miller|on-farm market|onfarmmarket|1000||701216|default-onfarmmarket-4-3.jpg|Miller Farms Market|12101 Orange Plank Rd, Locust Grove, Virginia 22508|Locust Grove|Virginia|12101 Orange Plank Rd|-77.753991|38.276201|22508||miller farms market||||millerfarmsmarket.com||||Feb 21st, 2015
VI||Steven Houde|on-farm market|onfarmmarket|1000||701573|default-onfarmmarket-4-3.jpg|Fields Edge Farm Store|1834 Rush Fork Rd SW, Floyd, Virginia 24091|Floyd|Virginia|1834 Rush Fork Rd SW|-80.411973|36.834950|24091|www.fieldsedgefarms.com|https://www.facebook.com/fieldsedgefarms|||https://twitter.com/fieldsedgefarm|www.fieldsedgefarms.com||||Jan 12th, 2021
VI||Julia Bredder|on-farm market|onfarmmarket|1000||701286|default-onfarmmarket-4-3.jpg|Old Quarter Farm|3572 Lewisetta Road, Lottsburg, Virginia 22511|Lottsburg|Virginia|3572 Lewisetta Road|-76.501531|38.003264|22511||||||||||Jul 15th, 2015
VI||Tim Alexander|on-farm market|onfarmmarket|1000||700408|default-onfarmmarket-4-3.jpg|Avery's Branch Farms|16923 Genito Rd., Amelia, Virginia 23002|Amelia|Virginia|16923 Genito Rd.|-77.991743|37.4460021|23002|Avery\'s Branch Farms Blog|https://www.facebook.com/averysbranch||||www.averysbranchfarms.com||||Jul 23rd, 2014
VI||Debbie McLeish|on-farm market|onfarmmarket|1000||700148|default-onfarmmarket-4-3.jpg|Dreamland Alpacas|13050 Bell Lane, Meadowview, Virginia 24361|Meadowview|Virginia|13050 Bell Lane|-81.861529|36.767740|24361||https://www.facebook.com/DreamlandAlpacasLLC||||dreamlandalpacas@aol.com||||Jul 26th, 2014
VI||Julie Haushalter|on-farm market|onfarmmarket|1000||700203|default-onfarmmarket-4-3.jpg|White Oak Lavender Farm|5060 Newcomer Lane, Harrisonburg, Virginia 22801|Harrisonburg|Virginia|5060 Newcomer Lane|-78.840598|38.364321|22801||||||||||Jul 26th, 2014
VI||Bill RIGGAN|on-farm market|onfarmmarket|1000||700409|default-onfarmmarket-4-3.jpg|Autumn Grove Farm|221 Ligontown Road, Farmville, Virginia 23901|Farmville|Virginia|221 Ligontown Road|-78.262985|37.384715|23901||||||||||Jul 26th, 2014
VI||Anna Cohen|on-farm market|onfarmmarket|1000||700420|default-onfarmmarket-4-3.jpg|Practically Country at Bay Haven Farm, LLC|19028 Sullystone Ln, Round HIll, Virginia 20141|Round HIll|Virginia|19028 Sullystone Ln|-77.790767|39.0912750|20141|http://www.bayhavenfarm.com/Bay_Haven_Farm,_LLC/The_Farm_Hands_Almanac/The_Farm_Hands_Almanac.html|||||www.practicallycountry.com||||Jul 26th, 2014
VI||Belinda Moh|on-farm market|onfarmmarket|1000||700729|default-onfarmmarket-4-3.jpg|A Dozen Eggs|37938 Charles Town Pike, Purcellville, Virginia 20132|Purcellville|Virginia|37938 Charles Town Pike|-77.690603|39.188266|20132||||||www.pastureraisedeggs.com||||Jul 26th, 2014
VI||Adam Aucoin Cassy Kelly|on-farm market|onfarmmarket|1000||700050|default-onfarmmarket-4-3.jpg|River Oak Farm|173 Woodson Rd., Lowesville, Virginia 22967|Lowesville|Virginia|173 Woodson Rd.|-79.066900|37.723022|22967||https://www.facebook.com/riveroakfarm||||||||Jul 27th, 2014
VI||Bill Sembello & Irene Lamb, MR|on-farm market|onfarmmarket|1000||700189|default-onfarmmarket-4-3.jpg|3 Birds Berry Farm|1876 Brooksfield Rd, Blacksburg, Virginia 24060|Blacksburg|Virginia|1876 Brooksfield Rd|-80.491034|37.216789|24060||https://www.facebook.com/3BirdsBerryFarm||||3birdsberryfarm.com||||Jul 27th, 2014
VI|||on-farm market|onfarmmarket|1000||700530|default-onfarmmarket-4-3.jpg|Buckland Farm Market|4484 Lee Hwy, New Baltimore, Virginia 22824|New Baltimore|Virginia|4484 Lee Hwy|-77.700951|38.770307|22824||||||||||Jul 27th, 2014
VI||Danny Johnson|on-farm market|onfarmmarket|1000||700637|default-onfarmmarket-4-3.jpg|Appleseed Country Johnsons Orchards and Peaks of Otter Winery|2122 Sheep Creek Road, Bedford, Virginia 24523|Bedford|Virginia|2122 Sheep Creek Road|-79.625107|37.397604|24523||||||www.JohnsonsOrchards.com||||Jul 27th, 2014
VI||John Gasser|on-farm market|onfarmmarket|1000||700708|default-onfarmmarket-4-3.jpg|Golden Eagle Alpaca Farm|2505 Pittmantown Rod, Suffolk, Virginia 23438|Suffolk|Virginia|2505 Pittmantown Rod|-76.785636|36.5605110|23438||||||www.goldeneaglealpacafarm.com||||Jul 27th, 2014
VI||Pattie Owen|on-farm market|onfarmmarket|1000||700731|default-onfarmmarket-4-3.jpg|Owen Farm Tours, LLC|1668 Silver Creek Road, Danville, Virginia 24540|Danville|Virginia|1668 Silver Creek Road|-79.536983|36.6433000|24540||https://www.facebook.com/pages/Owen-Farm-Tours/259048657461865||||www.owenfarmtours.com||||Jul 27th, 2014
VI||Keith Farrish|on-farm market|onfarmmarket|1000||700043|default-onfarmmarket-4-3.jpg|Saddle Ridge Farm|10208 Jamesons Mill Road, Culpeper, Virginia 22701|Culpeper|Virginia|10208 Jamesons Mill Road|-77.965583|38.563358|22701||https://www.facebook.com/saddleridgefarm|||https://twitter.com/Saddleridgefarm|http://www.saddleridgefarm.net/||||Jul 28th, 2014
VI||Molly Mc Grady|on-farm market|onfarmmarket|1000||700192|default-onfarmmarket-4-3.jpg|Ticonderoga Farms, Inc.|26469 Ticonderoga Road, Chantilly, Virginia 20152|Chantilly|Virginia|26469 Ticonderoga Road|-77.539724|38.885636|20152||https://www.facebook.com/ticonderogafarms||||www.ticonderoga.com||||Jul 28th, 2014
VI||Cynthia Wilson|on-farm market|onfarmmarket|1000||700235|default-onfarmmarket-4-3.jpg|Lovers Retreat Farm & Dairy|1495 Lovers Retreat Lane, Saluda, Virginia 23149|Saluda|Virginia|1495 Lovers Retreat Lane|-76.636272|37.607129|23149||||||||||Jul 28th, 2014
VI||Beverly Morton|on-farm market|onfarmmarket|1000||700019|default-onfarmmarket-4-3.jpg|Patowmack Farm|42461 Lovettsville Rd., Lovettsville, Virginia 20180|Lovettsville|Virginia|42461 Lovettsville Rd.|-77.555873|39.278467|20180||https://www.facebook.com/TheRestaurantatPatowmackFarm|||https://www.twitter.com/patowmackfarm|www.patowmackfarm.com||||Jul 29th, 2014
VI||Charlotte Shelton|on-farm market|onfarmmarket|1000||700355|default-onfarmmarket-4-3.jpg|Vintage Virginia Apples LLC|2545 Rural Ridge Lane, North Garden, Virginia 22959|North Garden|Virginia|2545 Rural Ridge Lane|-78.650136|37.9665310|22959|https://www.albemarleciderworks.com/blog|https://www.facebook.com/pages/Albemarle-CiderWorks/132600710110733|||https://twitter.com/AlbCiderWorks|https://www.albemarleciderworks.com/||||Jul 29th, 2014
VI||Robert H. Vaughan|on-farm market|onfarmmarket|1000||700444|default-onfarmmarket-4-3.jpg|Vaughan Farms Produce|1258 Princess Anne Road, Virginia Beach, Virginia 23457|Virginia Beach|Virginia|1258 Princess Anne Road|-76.026145|36.67243|23457||||||www.vaughanfarmsproduce.com/Home_Page.php||||Jul 29th, 2014
VI||Kane Lloyd|on-farm market|onfarmmarket|1000||701274|default-onfarmmarket-4-3.jpg|Westmoreland Berry Farm and Market|1235 Berry Farm Lane, Colonial Beach, Virginia 22443|Colonial Beach|Virginia|1235 Berry Farm Lane|-77.047207|38.1364403|22443||Westmoreland Berry Farm|||@westmorelandberryfarm|www.westmorelandberryfarm.com||||Jul 2nd, 2015
VI||Jessica Hall|on-farm market|onfarmmarket|1000||700130|default-onfarmmarket-4-3.jpg|Harmony Harvest Farm LLC|201 Little Run Road, Weyers Cave, Virginia 24486|Weyers Cave|Virginia|201 Little Run Road|-78.889606|38.2538520|24486||https://www.facebook.com/harmonyharvestfarm|||https://www.twitter.com/harmonyhrvst|www.harmonyharvestfarm.com||||Jul 30th, 2014
VI||Michael Taylor|on-farm market|onfarmmarket|1000||700242|default-onfarmmarket-4-3.jpg|Empress Farm|2336 King William Rd., Hanover, Virginia 23069|Hanover|Virginia|2336 King William Rd.|-77.298099|37.810634|23069||||||www.empressfarmfoods.com||||Jul 30th, 2014
VI||Ellen Reynolds|on-farm market|onfarmmarket|1000||700405|default-onfarmmarket-4-3.jpg|Beagle Ridge Herb Farm|1934 Matney Flats Rd, Wytheville, Virginia 24382|Wytheville|Virginia|1934 Matney Flats Rd|-81.078390|36.8754143|24382||https://www.facebook.com/beagleridge||||www.beagleridgeherbfarm.com||||Jul 30th, 2014
VI||Jeff Ertman|on-farm market|onfarmmarket|1000||701273|default-onfarmmarket-4-3.jpg|Loudounberry Farm & Garden|14917 James Monroe Hwy, Leesburg, Virginia 20176|Leesburg|Virginia|14917 James Monroe Hwy|-77.537558|39.203664|20176||https://www.facebook.com/Loudounberry||||www.loudounberryfarm.com||||Jun 17th, 2015
VI||Steve Gallmeyer|on-farm market|onfarmmarket|1000||700138|default-onfarmmarket-4-3.jpg|Gallmeyer Farms Veggie Stand|4506 Millers Lane, Richmond, Virginia 23231|Richmond|Virginia|4506 Millers Lane|-77.365067|37.525187|23231||https://www.facebook.com/gallmeyerfarms||||http://gallmeyerfarms.com||||Jun 18th, 2015
VI||Christine Mann|on-farm market|onfarmmarket|1000||701650|default-onfarmmarket-4-3.jpg|Floyd Ecovillage Farmstore|Garden Lane, Floyd, Virginia 24091|Floyd|Virginia|Garden Lane|-80.283322|36.910407|24091||https://www.facebook.com/RivenwoodGardens||||https://rivenwoodgardens.com/||||Mar 17th, 2022
VI||Randy Cohen|on-farm market|onfarmmarket|1000||700807|default-onfarmmarket-4-3.jpg|Indian Valley Farms LLC|824 Indian Valley Post  Office Rd, Indian Valley, Virginia 24105|Indian Valley|Virginia|824 Indian Valley Post  Office Rd|-80.562880|36.900940|24105||https://www.facebook.com/pages/Indian-Valley-Farms/127404783941073||||||||Mar 23rd, 2015
VI||Richard Slakman|on-farm market|onfarmmarket|1000||701228|default-onfarmmarket-4-3.jpg|Deer Haven Blueberry Patch|118 Raven Ridge, Allisonia , Virginia 24347|Allisonia|Virginia|118 Raven Ridge|-80.699440|36.872617|24347||Deer Haven Blueberry Patch||||www.deerhavenblueberrypatch.comn||||Mar 23rd, 2015
VI||Jen Vaughan|on-farm market|onfarmmarket|1000||701399|default-onfarmmarket-4-3.jpg|Mount Pleasant Farms|2201 Mount Pleasant Road, Chesapeake, Virginia 23322|Chesapeake|Virginia|2201 Mount Pleasant Road|-76.141122|36.713688|23322||https://www.facebook.com/mountpleasantfarms/?ref=aymt_homepage_panel||||www.mountpleasantfarms.com||||Mar 24th, 2017
VI||James Baggett / Deborah Gardener|on-farm market|onfarmmarket|1000||700307|default-onfarmmarket-4-3.jpg|Over The Grass Farm|6485 Rock Hill Mill Rd, The Plains, Virginia 20198|The Plains|Virginia|6485 Rock Hill Mill Rd|-77.776489|38.900506|20198||||||overthegrassfarm.com||||Mar 29th, 2015
VI||Sue Hammer & Judy Howe|on-farm market|onfarmmarket|1000||700201|default-onfarmmarket-4-3.jpg|Wildwood Alpacas|8046 Fredericksburg Tpke, Woodford, Virginia 22580|Woodford|Virginia|8046 Fredericksburg Tpke|-77.393818|38.1521390|22580||https://www.facebook.com/wildwood.alpacas?fref=ts||||wildwoodalpacas@aol.com||||Mar 31st, 2015
VI||Ava Gwen Ikenberry|on-farm market|onfarmmarket|1000||701235|default-onfarmmarket-4-3.jpg|Ikenberry Orchards|2557 Roanoke Road, Daleville, Virginia 24083|Daleville|Virginia|2557 Roanoke Road|-79.909947|37.4210502|24083|n/a|Ikenberry Orchards|||n/a|Ikenberryorchards.com||||Mar 31st, 2015
VI||Rose Jeter|on-farm market|onfarmmarket|1000||700711|default-onfarmmarket-4-3.jpg|Jeter Farm Fall Festival and Country Store|181 Blue Ridge Boulevard, Roanoke, Virginia 24012|Roanoke|Virginia|181 Blue Ridge Boulevard|-79.864281|37.331027|24012||https://www.facebook.com/pages/Jeter-Farm/138337886208034|||https://twitter.com/JeterFarm|www.jeterfarm.com||||May 13th, 2015
VI||Lori and Bill Mackintosh|on-farm market|onfarmmarket|1000||701336|default-onfarmmarket-4-3.jpg|Mackintosh Fruit Farm|1608 Russell Rd, Berryville, Virginia 22611|Berryville|Virginia|1608 Russell Rd|-78.043481|39.1940937|22611|http://www.mackintoshfruitfarm.com/category/blog/|https://www.facebook.com/Mackintosh-Fruit-Farm-111618915548297/||||http://www.mackintoshfruitfarm.com/||||May 4th, 2016
VI||Debbie Sinclair|on-farm market|onfarmmarket|1000||701299|default-onfarmmarket-4-3.jpg|Sinclair Farm|1167 Crooked Run Rd., Mount Jackson , Virginia 22842|Mount Jackson|Virginia|1167 Crooked Run Rd.|-78.689532|38.764631|22842||http://www.facebook.com/sinclair||||http://www.sinclairfarm.com||||Oct 1st, 2015
VI||Kim Fuhrmann|on-farm market|onfarmmarket|1000||700256|default-onfarmmarket-4-3.jpg|Our Father's Farm LLC|2664 Deer View Rd, Gretna, Virginia 24557|Gretna|Virginia|2664 Deer View Rd|-79.298937|36.9766800|24557||||||www.ourfathersfarmva.com||||Oct 22nd, 2014
VI||Caitlin Taylor|on-farm market|onfarmmarket|1000||700509|default-onfarmmarket-4-3.jpg|Messicks Farm Market|6025 Catlett Road, Bealeton, Virginia 22712|Bealeton|Virginia|6025 Catlett Road|-77.750604|38.594749|22712||https://www.facebook.com/MessicksFarmMarket||||Messicksfarmmarket.com||||Oct 23rd, 2019
VI||Goat Hill, John O\'Malley BURNS|on-farm market|onfarmmarket|1000||701120|default-onfarmmarket-4-3.jpg|Goat Hill on Farm Market|365 Tiger Valley Rd., Washington, Virginia 22747|Washington|Virginia|365 Tiger Valley Rd.|-78.147868|38.702165|22747||https://www.facebook.com/thefarmatlittlewashington?ref=hl||||goathill.farm||||Oct 3rd, 2014
VI||Tracey Chaney|on-farm market|onfarmmarket|1000||701063|default-onfarmmarket-4-3.jpg|Misty Meadows, LLC|13185 River Rd, South Boston, Virginia 24592|South Boston|Virginia|13185 River Rd|-79.104673|36.6755206|24592||misty.meadows.llc||||||||Sep 12th, 2014
VI||Heather White|on-farm market|onfarmmarket|1000||701491|default-onfarmmarket-4-3.jpg|Sapphire Farms|3174 Thompson Store Road, Vernon Hill, Virginia 24597|Vernon Hill|Virginia|3174 Thompson Store Road|-79.078874|36.785534|24597||https://www.facebook.com/pastureanimals/?ref=bookmarks||||https://www.sapphirefarmsva.com/||||Sep 12th, 2019
VI||John and Elaine Dansby|on-farm market|onfarmmarket|1000||701066|default-onfarmmarket-4-3.jpg|Dansby's Berry and Asparagus Farm|4481 Colonial Turnpike, Rocky Mount, Virginia 24151|Rocky Mount|Virginia|4481 Colonial Turnpike|-79.761102|36.954019|24151||||||Dansbyelaine@ymail.com||||Sep 13th, 2014
VI||Patrick and Sherry McEvoy|on-farm market|onfarmmarket|1000||700185|default-onfarmmarket-4-3.jpg|Alpaca Pastures of Virginia, Inc|18388 Beaver Dam Road, Beaverdam, Virginia 23015|Beaverdam|Virginia|18388 Beaver Dam Road|-77.659154|37.912894|23015||https://www.facebook.com/AlpacaPasturesVA||||www.AlpacaPasturesVA.com||||Sep 16th, 2014
VI||Mildred Rudolph|on-farm market|onfarmmarket|1000||700246|default-onfarmmarket-4-3.jpg|Pleasant Fields Farm|1765 Nelsons Bridge Road, Hanover, Virginia 23069|Hanover|Virginia|1765 Nelsons Bridge Road|-77.373362|37.827413|23069||Pleasant Fields Farm||||||||Sep 17th, 2014
VI||Born Free|on-farm market|onfarmmarket|1000||700356|default-onfarmmarket-4-3.jpg|Born Free Farm|P.O. BOX 31, JONESVILLE, Virginia 24263|JONESVILLE|Virginia|P.O. BOX 31|-83.248354|36.614715|24263||||||http://bornfreefarm.webs.com/apps/webstore/||||Sep 17th, 2014
VI|||on-farm market|onfarmmarket|1000||700844|default-onfarmmarket-4-3.jpg|Bee Berry Farm|1588 Blue Grass Trail, newport, Virginia|newport|Virginia|1588 Blue Grass Trail|-80.446136|37.3150920|||||||http://beeberryfarm.net/||||Sep 23rd, 2014
VI||Mary West|on-farm market|onfarmmarket|1000||700271|default-onfarmmarket-4-3.jpg|Mt Olympus Berry Farm|23298 Jefferson Davis Hwy, Ruther Glen, Virginia 22546|Ruther Glen|Virginia|23298 Jefferson Davis Hwy|-77.482772|37.9422895|22546||https://www.facebook.com/pages/Mt-Olympus-Berry-Farm/46671088391?ref=bookmarks||||http://www.mtolympusfarm.com/mtolympusfarm/home.html||||Sep 30th, 2014
VI||Deborah Williamson|on-farm market|onfarmmarket|1000||700040|default-onfarmmarket-4-3.jpg|Seven Oaks Lavender Farm|8769 Old Dumfries Rd., Catlett, Virginia 20119|Catlett|Virginia|8769 Old Dumfries Rd.|-77.662374|38.6778300|20119||https://www.facebook.com/sevenoakslavender||||www.sevenoakslavenderfarm.com||||Sep 3rd, 2014
VI||Michael Drewry|on-farm market|onfarmmarket|1000||701020|default-onfarmmarket-4-3.jpg|Drewry Farm|541 Strawberry Lane, Wakefield, Virginia 23888|Wakefield|Virginia|541 Strawberry Lane|-76.965472|37.002663|23888||www.facebook.com-Drewry.Farm.Blueberries||||www.drewryfarms.com||||Sep 4th, 2014
VI||Doug Puffenbarger|on-farm market|onfarmmarket|1000||701024|default-onfarmmarket-4-3.jpg|Puffenbargers Farm Beef|2476 Maple Sugar Road, Blue Grass, Virginia 24413|Blue Grass|Virginia|2476 Maple Sugar Road|-79.613586|38.4360611|24413||Puffenbarger\'s Farm||||||||Sep 5th, 2014
VI||Chelsie Rice|on-farm market|onfarmmarket|1000||701556|default-onfarmmarket-4-3.jpg|GrazeUp Farm LLC|188 Seatons Ln, West Point, Virginia 23181|West Point|Virginia|188 Seatons Ln|-76.890206|37.591739|23181|https://www.grazeupfarm.com/recipes|https://www.facebook.com/grazeupfarm||||www.grazeupfarm.com||||Sep 7th, 2020
